reaction_id,atom_count,reference_barrier_eV,scored_model_barrier_eV,barrier_error_eV,reference_reaction_eV,scored_model_reaction_eV,reaction_error_eV,barrier_sign_agrees,barrier_score_residual_eV,reaction_score_residual_eV,barrier_base_bond_eV,barrier_base_overcoordination_eV,barrier_base_angle_eV,barrier_h_state_correction_eV,barrier_valence_topology_correction_eV,barrier_effective_angle_total_eV,barrier_total_eV,barrier_pressure_base_overcoordination_eV,barrier_pressure_heavy_base_overcoordination_eV,barrier_pressure_hydrogen_base_overcoordination_eV,barrier_pressure_base_angle_eV,barrier_pressure_valence_topology_correction_eV,barrier_pressure_coordination_gap_sum,barrier_pressure_max_coordination_gap,barrier_pressure_radially_overcoordinated_atom_count,barrier_pressure_max_radial_valence_excess,barrier_pressure_suppressed_contact_count,reaction_base_bond_eV,reaction_base_overcoordination_eV,reaction_base_angle_eV,reaction_h_state_correction_eV,reaction_valence_topology_correction_eV,reaction_effective_angle_total_eV,reaction_total_eV,reaction_pressure_base_overcoordination_eV,reaction_pressure_heavy_base_overcoordination_eV,reaction_pressure_hydrogen_base_overcoordination_eV,reaction_pressure_base_angle_eV,reaction_pressure_valence_topology_correction_eV,reaction_pressure_coordination_gap_sum,reaction_pressure_max_coordination_gap,reaction_pressure_radially_overcoordinated_atom_count,reaction_pressure_max_radial_valence_excess,reaction_pressure_suppressed_contact_count,reactant_base_overcoordination_eV,reactant_heavy_base_overcoordination_eV,reactant_hydrogen_base_overcoordination_eV,reactant_base_angle_eV,reactant_valence_topology_correction_eV,reactant_coordination_gap_sum,reactant_max_coordination_gap,reactant_radially_overcoordinated_atom_count,reactant_max_radial_valence_excess,reactant_suppressed_contact_count,transition_state_base_overcoordination_eV,transition_state_heavy_base_overcoordination_eV,transition_state_hydrogen_base_overcoordination_eV,transition_state_base_angle_eV,transition_state_valence_topology_correction_eV,transition_state_coordination_gap_sum,transition_state_max_coordination_gap,transition_state_radially_overcoordinated_atom_count,transition_state_max_radial_valence_excess,transition_state_suppressed_contact_count,product_base_overcoordination_eV,product_heavy_base_overcoordination_eV,product_hydrogen_base_overcoordination_eV,product_base_angle_eV,product_valence_topology_correction_eV,product_coordination_gap_sum,product_max_coordination_gap,product_radially_overcoordinated_atom_count,product_max_radial_valence_excess,product_suppressed_contact_count
rxn006559,14,2.283749060701666,-33.21838541121478,-35.50213447191645,-1.743471174617298,-51.11807030105638,-49.37459912643908,False,1.4210854715202004e-14,7.105427357601002e-15,6.7207911988278255,-41.964359328133924,-16.786486690606107,0.0,18.811669408697437,2.0251827180913295,-33.21838541121477,-41.964359328133924,-41.964359328133924,0.0,-16.786486690606107,18.811669408697437,-4.038435354095974,0.1753389469058888,-2,0.17540774339213527,-2,13.2724884522817,-65.92110052893386,-23.906252871398024,0.0,25.436794646993825,1.5305417755958013,-51.11807030105637,-65.92110052893386,-65.92110052893386,0.0,-23.906252871398024,25.436794646993825,-5.967927771531116,-0.6270098486089806,-4,-0.626423572896984,-4,74.2269838608179,74.2269838608179,0.0,35.52037403601186,-29.891949925475913,7.329090311601443,1.5919500442021826,6,1.5890727977903651,6,32.26262453268397,32.26262453268397,0.0,18.73388734540575,-11.080280516778476,3.29065495750547,1.7672889911080714,4,1.7644805411825004,4,8.305883331884026,8.305883331884026,0.0,11.614121164613836,-4.455155278482089,1.3611625400703269,0.964940195593202,2,0.9626492248933811,2
rxn011804,12,2.5309482214488526,28.541343810345214,26.010395588896362,0.7093709967048198,5.18886440185166,4.47949340514684,True,-1.0658141036401503e-14,-7.105427357601002e-15,1.3525783016970863,23.55017024218837,7.676684645708876,0.0,-4.038089379249124,3.6385952664597525,28.541343810345204,23.55017024218837,23.55017024218837,0.0,7.676684645708876,-4.038089379249124,1.080116756425856,1.0516163028359076,0,1.0464909904361184,0,3.2369633878929918,0.41622379107683116,1.7429702194390888,0.0,-0.2072929965572552,1.5356772228818336,5.188864401851653,0.41622379107683116,0.41622379107683116,0.0,1.7429702194390888,-0.2072929965572552,0.040389164956426526,0.012801401505667442,0,0.013512894797678143,0,12.546539701857395,12.546539701857395,0.0,12.177492732881076,-7.187577606103847,2.214236175889382,0.8770439594930353,4,0.8706345587808739,2,36.09670994404576,36.09670994404576,0.0,19.854177378589952,-11.225666985352971,3.294352932315238,1.9286602623289428,4,1.9171255492169923,2,12.962763492934226,12.962763492934226,0.0,13.920462952320165,-7.394870602661102,2.2546253408458083,0.8898453609987027,4,0.8841474535785521,2
rxn004353,12,4.153613752938327,26.918660597879242,22.765046844940915,0.053144343470194144,0.22229900568036953,0.1691546622101754,True,-3.552713678800501e-15,-7.105427357601002e-15,-2.9296320921681414,31.947895280413377,7.294779624646955,-3.9480968950612683,-5.446285319951687,1.8484943046952678,26.91866059787924,31.947895280413377,24.353687438483462,7.594207841929912,7.294779624646955,-5.446285319951687,1.5519886347291267,0.8687105366089289,1,0.8746757857640199,0,-0.00492987614064333,0.22965004918912868,0.07239214453593767,0.0,-0.07481331190405793,-0.0024211673681202583,0.22229900568036243,0.22965004918912868,0.22965004918913046,0.0,0.07239214453593767,-0.07481331190405793,-0.009733633326150404,0.010678299465892938,0,0.012404294748050049,0,10.887778455077516,10.887778455077514,0.0,6.666692566776135,-5.859603301751268,2.046704726765552,0.8232101254024973,4,0.8140752564980014,2,42.83567373549089,35.24146589356098,7.594207841929912,13.96147219142309,-11.305888621702955,3.5986933614946786,1.6919206620114262,5,1.6887510422620213,2,11.117428504266645,11.117428504266645,0.0,6.739084711312072,-5.934416613655326,2.0369710934394014,0.8338884248683902,4,0.8264795512460514,2
rxn000096,13,3.4260332122103136,-18.541572479266094,-21.967605691476408,0.1468433016043491,-28.103491869454594,-28.250335171058943,False,-7.105427357601002e-15,-1.4210854715202004e-14,5.658631627873561,-24.97497189812708,-11.313187238659783,0.0,12.087955029647208,0.7747677909874247,-18.5415724792661,-24.97497189812708,-24.974971898127073,0.0,-11.313187238659783,12.087955029647208,-2.1986409916867493,-0.7693074847935737,-2,-0.7721621469982374,-2,11.851108371254796,-39.36920064857148,-19.339643676487515,0.0,18.754244084349594,-0.5853995921379216,-28.103491869454608,-39.36920064857148,-39.36920064857147,0.0,-19.339643676487515,18.754244084349594,-4.630769221889031,-1.7639987933557157,-6,-1.760541580551985,-4,39.36920064857148,39.36920064857147,0.0,24.31021964129146,-18.754244084349594,4.630769221889031,1.7639987933557157,6,1.760541580551985,4,14.394228750444398,14.3942287504444,0.0,12.997032402631678,-6.6662890547023865,2.4321282302022813,0.994691308562142,4,0.9883794335537477,2,0.0,0.0,0.0,4.970575964803945,0.0,0.0,0.0,0,0.0,0
rxn010742,13,1.8623158727350528,-17.710384795541763,-19.572700668276816,0.5108933849242021,-27.429643308094263,-27.940536693018466,False,0.0,-7.105427357601002e-15,7.541418207408917,-26.224884766486536,-14.139730823450618,0.0,15.112812586986472,0.9730817635358546,-17.710384795541763,-26.224884766486536,-26.224884766486532,0.0,-14.139730823450618,15.112812586986472,-2.607719660878384,-0.06207862251381435,-2,-0.05587773376835603,-1,12.955553272915076,-36.25971747054546,-22.940685390890113,0.0,18.81520628042623,-4.125479110463881,-27.42964330809427,-36.25971747054546,-36.25971747054546,0.0,-22.940685390890113,18.81520628042623,-3.739113592419249,-0.7807077264401636,-4,-0.7774813149679378,-2,37.48612510019158,37.48612510019158,0.0,25.023756539326676,-19.54507452684372,4.6272086017873075,1.1844776839505693,5,1.1745662881315315,5,11.261240333705043,11.261240333705045,0.0,10.884025715876058,-4.432261939857248,2.0194889409089236,1.122399061436755,3,1.1186885543631755,4,1.2264076296461177,1.2264076296461177,0.0,2.083071148436563,-0.729868246417488,0.8880950093680586,0.4037699575104057,1,0.3970849731635937,3
rxn011394,15,3.7894415177070186,-8.493799360736865,-12.283240878443884,-1.4264852627602522,-33.93720120464424,-32.51071594188399,False,-7.105427357601002e-15,-7.105427357601002e-15,2.7315753047117823,-12.610471650017292,-7.12543650437096,0.0,8.510533488939597,1.3850969845686372,-8.493799360736872,-12.610471650017292,-12.610471650017292,0.0,-7.12543650437096,8.510533488939597,-0.817287913951489,-0.46724463172654174,-1,-0.4669486038430941,-1,8.38434161020406,-39.99455329755769,-21.546796670484,0.0,19.21980715319338,-2.3269895172906176,-33.937201204644246,-39.99455329755769,-39.99455329755769,0.0,-21.546796670484,19.21980715319338,-3.928091076467109,-1.3035176126501238,-3,-1.3156180664934043,-1,41.88406002985988,41.88406002985988,0.0,27.269590550115296,-20.388466493869466,4.893288813401874,1.7607663100432762,6,1.758112268318719,4,29.27358837984259,29.27358837984259,0.0,20.144154045744337,-11.877933004929869,4.076000899450385,1.2935216783167345,5,1.2911636644756248,3,1.8895067323021972,1.8895067323021972,0.0,5.722793879631298,-1.1686593406760846,0.9651977369347651,0.45724869739315244,3,0.4424942018253146,3
rxn011223,14,5.703532018851547,-5.761642856620568,-11.465174875472115,1.748516750671115,-13.065826147862253,-14.814342898533368,False,0.0,7.105427357601002e-15,4.309137733750866,-8.422993554477689,-2.435647981334,0.0007623515751045201,0.7870985938651485,-1.6485493874688517,-5.761642856620568,-8.422993554477689,-8.42299411818062,5.637029301059597e-07,-2.435647981334,0.7870985938651485,-0.06343283772212116,-0.5670819544986427,1,-0.5749325402061496,-1,0.8772887956820767,-11.977667411068136,-3.6790510333991975,0.0,1.7136035009230088,-1.9654475324761886,-13.065826147862246,-11.977667411068136,-11.977667411068136,0.0,-3.6790510333991975,1.7136035009230088,-0.9655557071933445,-0.7764121034831519,-1,-0.7849819179449469,-2,22.069243953473247,22.069243953473247,0.0,14.304650703400942,-7.7662782195570985,3.299859971735385,1.3757554719925285,5,1.3699806311670724,4,13.646250398995559,13.646249835292627,5.637029301059597e-07,11.869002722066941,-6.97917962569195,3.236427134013264,0.8086735174938857,6,0.7950480909609228,3,10.091576542405111,10.091576542405111,0.0,10.625599670001744,-6.05267471863409,2.3343042645420407,0.5993433685093765,4,0.5849987132221255,2
rxn009023,15,3.6959991602234368,18.38915606659173,14.693156906368294,1.2508191655979317,-15.8616370764057,-17.11245624200363,True,-1.4210854715202004e-14,-7.105427357601002e-15,0.04436052723026762,19.42586088825469,-0.09156743662681066,0.0,-0.9894979122664296,-1.0810653488932402,18.389156066591717,19.42586088825469,19.42586088825469,0.0,-0.09156743662681066,-0.9894979122664296,1.9538572581211762,-0.07065667256430341,1,-0.11146490527849018,0,4.865943117187342,-18.74102726694271,-14.307107722144648,0.0,12.32055479549431,-1.9865529266503383,-15.861637076405707,-18.74102726694271,-18.74102726694271,0.0,-14.307107722144648,12.32055479549431,-1.3269648965871053,-0.4821172943298544,-1,-0.4868179443431435,0,41.89660734135671,41.89660734135671,0.0,27.38564037792907,-20.5018722367211,4.890692823977637,1.7713742988028902,6,1.7686326300533501,4,61.3224682296114,61.3224682296114,0.0,27.29407294130226,-21.491370148987528,6.844550082098813,1.7007176262385868,7,1.65716772477486,4,23.155580074414004,23.155580074414004,0.0,13.078532655784423,-8.181317441226788,3.5637279273905316,1.2892570044730358,5,1.2818146857102066,4
rxn007636,16,2.6303358423310783,16.76749533549802,14.13715949316694,2.264527266712321,6.3250963663718025,4.060569099659482,True,7.105427357601002e-15,0.0,-2.975689400771685,23.040761015364133,3.6965553817775643,-3.763775549863203,-3.230356111008782,0.4661992707687812,16.767495335498026,23.040761015364133,15.26276101536413,7.778,3.6965553817775643,-3.230356111008782,0.9672514724773906,0.9255516416762468,1,0.9378022863178419,1,2.7865795595977545,5.99773728046142,-2.934860664718183,0.0,0.4756401910308172,-2.459220473687367,6.3250963663718025,5.99773728046142,5.997737280461422,0.0,-2.934860664718183,0.4756401910308172,0.33435605599212836,0.6014874418365608,0,0.6061306733141301,1,9.124941380581141,9.124941380581141,0.0,14.275210027615955,-5.617096538121559,2.2272615885529206,0.5635073135946103,4,0.5482367580143421,2,32.165702395945274,24.387702395945272,7.778,17.97176540939352,-8.847452649130341,3.194513061030311,1.489058955270857,5,1.486039044332184,3,15.122678661042562,15.122678661042563,0.0,11.340349362897772,-5.141456347090742,2.561617644545049,1.164994755431171,4,1.1543674313284722,3
rxn006048,14,3.3540698304796024,15.877446100334879,12.523376269855277,-0.09947343470776104,1.5189156632963687,1.6183890980041298,True,-1.4210854715202004e-14,7.105427357601002e-15,-1.969735027684294,16.078572190269096,8.866254725066973,-4.099673408445111,-2.997972378871792,5.868282346195182,15.877446100334865,16.078572190269096,8.300572190269095,7.778,8.866254725066973,-2.997972378871792,0.9352442101284995,0.9675842403093329,1,0.9679988030249636,-1,1.4297569013449305,-0.015607534359861501,0.09868826210993813,0.0,0.006078034201364626,0.10476629631130276,1.5189156632963758,-0.015607534359861501,-0.015607534359861501,0.0,0.09868826210993813,0.006078034201364626,-0.051510761880753986,0.017887334215228368,-1,0.0176825650279282,0,0.07403058867568733,0.07403058867568733,0.0,0.09027837010853136,-0.031475445060734714,0.13881125272028605,0.0694131566243037,2,0.06898531221457738,1,16.152602778944782,8.374602778944782,7.778,8.956533095175505,-3.029447823932527,1.0740554628487855,1.0369973969336366,3,1.036984115239541,0,0.05842305431582583,0.05842305431582583,0.0,0.1889666322184695,-0.025397410859370088,0.08730049083953206,0.08730049083953206,1,0.08666787724250558,1
rxn005120,13,2.4815667065668094,14.862321132204094,12.380754425637285,1.0351612451013352,-1.1971558017861668,-2.232317046887502,True,7.105427357601002e-15,0.0,-2.5686015551101704,18.808974841268146,2.897372372952477,-2.7289929382818325,-1.5464315886245217,1.3509407843279555,14.862321132204102,18.808974841268146,13.280165606129597,5.528809235138548,2.897372372952477,-1.5464315886245217,1.2425493735358317,1.1232862856234709,1,1.1214562957543608,-2,-0.3073344113070462,-0.5069595786077307,-1.2534981748313372,0.0,0.8706363629599435,-0.38286181187139373,-1.1971558017861668,-0.5069595786077307,-0.5069595786077307,0.0,-1.2534981748313372,0.8706363629599435,-0.46076793591745235,-0.20406780679341496,-3,-0.20229533991753534,-3,0.5069595786077307,0.5069595786077307,0.0,1.4309277226459742,-0.8706363629599435,0.46076793591745235,0.20406780679341496,3,0.20229533991753534,3,19.315934419875877,13.787125184737327,5.528809235138548,4.328300095598451,-2.4170679515844653,1.703317309453284,1.3273540924168858,4,1.3237516356718961,1,0.0,0.0,0.0,0.177429547814637,0.0,0.0,0.0,0,0.0,0
rxn001081,12,3.9827109436300816,15.723070051511982,11.7403591078819,3.4317843087610527,10.847472590850245,7.415688282089192,True,7.105427357601002e-15,7.105427357601002e-15,-2.9616375563443356,21.079792727537757,0.42982761509245737,-3.932179053758343,1.1072663189844534,1.537093934076911,15.72307005151199,21.079792727537757,13.56994533079541,7.509847396742347,0.42982761509245737,1.1072663189844534,0.2317410530931836,1.0004991933128835,1,1.0055139162229003,0,0.3494098962819052,11.321010789306662,-3.0770595901658453,0.0,2.25411149542753,-0.822948094738315,10.847472590850252,11.321010789306662,11.321010789306662,0.0,-3.0770595901658453,2.25411149542753,0.020234759461576157,0.88943163640878,0,0.8956035719177939,0,1.0350216718175458,1.0350216718175458,0.0,4.875823253550559,-2.680713170361338,1.4656819424701384,0.37176685510196616,1,0.364788175433596,2,22.114814399355303,14.604967002612955,7.509847396742347,5.305650868643016,-1.5734468513768844,1.697422995563322,1.3722660484148497,2,1.3703020916564963,2,12.356032461124208,12.356032461124208,0.0,1.7987636633847135,-0.4266016749338076,1.4859167019317145,1.2611984915107461,1,1.26039174735139,2
rxn001662,12,5.36974642298992,16.84022701603037,11.470480593040449,-0.26102266197267454,-7.121240579261006,-6.860217917288331,True,1.4210854715202004e-14,7.105427357601002e-15,-1.3736193424459415,15.783801884635235,4.462806081392856,0.08983708217629394,-2.1225986897280613,2.3402073916647943,16.840227016030383,15.783801884635235,14.725488505837422,1.0583133787978105,4.462806081392856,-2.1225986897280613,1.3566438408393786,0.5108954724707311,1,0.5021771614927566,0,4.761558114960295,-18.070829732829736,-0.4777188726674826,0.0,6.665749911275927,6.188031038608444,-7.1212405792609985,-18.070829732829736,-18.070829732829736,0.0,-0.4777188726674826,6.665749911275927,-2.7260755898623112,-0.045591149415972865,-4,-0.03808514187380574,-2,26.931595763001997,26.931595763001997,0.0,13.551746156611884,-11.787467569652188,4.1493254324491815,1.0310768322271664,6,1.0225931702995599,4,42.71539764763723,41.65708426883942,1.0583133787978105,18.01455223800474,-13.91006625938025,5.50596927328856,1.5419723046978975,7,1.5247703317923165,4,8.860766030172261,8.860766030172261,0.0,13.074027283944401,-5.121717658376261,1.4232498425868703,0.9854856828111935,2,0.9845080284257541,2
rxn008341,13,2.532474195173563,13.934167209830704,11.401693014657141,0.4472195193538937,8.459245745764377,8.012026226410484,True,7.105427357601002e-15,1.4210854715202004e-14,0.6067022025660549,7.778,7.8774642079989965,0.0,-2.3279992007343364,5.54946500726466,13.934167209830711,7.778,7.778,0.0,7.8774642079989965,-2.3279992007343364,0.9999999999999991,0.9999999999999991,1,1.0,0,0.16253847290354884,0.062044040703461784,8.265529057419009,0.0,-0.030865825261630682,8.234663232157379,8.459245745764392,0.062044040703461784,0.062044040703461784,0.0,8.265529057419009,-0.030865825261630682,0.1524700771981471,0.08677117282448243,2,0.08617780911919581,1,0.0,0.0,0.0,0.02972180755504936,0.0,0.0,0.0,0,0.0,0,7.778,7.778,0.0,7.907186015554045,-2.3279992007343364,0.9999999999999991,0.9999999999999991,1,1.0,0,0.062044040703461784,0.062044040703461784,0.0,8.295250864974058,-0.030865825261630682,0.1524700771981471,0.08677117282448243,2,0.08617780911919581,1
rxn008195,12,4.083330040286455,14.77006462512383,10.686734584837374,3.97522163542817,13.987773834900885,10.012552199472715,True,0.0,7.105427357601002e-15,2.346225688279489,0.1685466140488193,12.386698670851459,-4.440892098500626e-16,-0.13140634805593765,12.25529232279552,14.77006462512383,0.1685466140488193,0.1685466140488193,0.0,12.386698670851459,-0.13140634805593765,0.2121143114369568,0.1066976178695862,2,0.10409048903717455,1,1.9693950575102832,0.01730096963774709,12.020204273701264,-4.440892098500626e-16,-0.019126465948406335,12.001077807752857,13.987773834900892,0.01730096963774709,0.01730096963774709,0.0,12.020204273701264,-0.019126465948406335,0.08689043454812495,0.04352665859671845,2,0.04324398835335863,0,0.0,0.0,0.0,0.028446920245387333,0.0,0.0,0.0,0,0.0,0,0.1685466140488193,0.1685466140488193,0.0,12.415145591096847,-0.13140634805593765,0.2121143114369568,0.1066976178695862,2,0.10409048903717455,1,0.01730096963774709,0.01730096963774709,0.0,12.048651193946652,-0.019126465948406335,0.08689043454812495,0.04352665859671845,2,0.04324398835335863,0
rxn009797,20,4.130418854379968,14.521190785810532,10.390771931430564,-0.4848970959192229,-0.2991349935779084,0.18576210234131452,True,0.0,0.0,-1.234202649236309,15.108344115345355,4.212496506349922,0.0,-3.5654471866484307,0.647049319701491,14.521190785810532,15.108344115345355,15.108344115345355,0.0,4.212496506349922,-3.5654471866484307,1.978263092425053,1.0,2,1.0,0,3.063829677224575,0.009593107048856613,-3.368293988159071,0.0,-0.004263789692257908,-3.3725577778513287,-0.2991349935779084,0.009593107048856613,0.009593107048856613,0.0,-3.368293988159071,-0.004263789692257908,0.035177761802805296,0.035177761802805296,1,0.03511928585167823,0,0.0,0.0,0.0,3.5267592252768445,0.0,0.0,0.0,0,0.0,0,15.108344115345355,15.108344115345355,0.0,7.739255731626766,-3.5654471866484307,1.978263092425053,1.0,2,1.0,0,0.009593107048856613,0.009593107048856613,0.0,0.1584652371177735,-0.004263789692257908,0.035177761802805296,0.035177761802805296,1,0.03511928585167823,0
rxn003547,13,2.708016428829069,12.832929782515421,10.124913353686352,0.9329492428760204,4.7859537353607635,3.853004492484743,True,7.105427357601002e-15,0.0,1.266660689257158,7.778,6.384844822877284,0.0,-2.5965757296190115,3.7882690932582723,12.832929782515428,7.778,7.778,0.0,6.384844822877284,-2.5965757296190115,0.9999999999999973,0.9999999999999973,1,1.0,0,3.29790042227674,0.0,1.4880533130840226,0.0,0.0,1.4880533130840226,4.7859537353607635,0.0,0.0,0.0,1.4880533130840226,0.0,0.0,0.0,0,0.0,0,0.0,0.0,0.0,0.0380761904427926,0.0,0.0,0.0,0,0.0,0,7.778,7.778,0.0,6.422921013320076,-2.5965757296190115,0.9999999999999973,0.9999999999999973,1,1.0,0,0.0,0.0,0.0,1.5261295035268152,0.0,0.0,0.0,0,0.0,0
rxn003071,10,2.712759501346227,12.669116970431642,9.956357469085415,0.9331488193474797,4.7521271020011255,3.818978282653646,True,-1.0658141036401503e-14,0.0,1.2219718443472942,7.772188533182345,6.293578918538634,0.0,-2.6186223256366383,3.674956592901995,12.66911697043163,7.772188533182345,7.772188533182345,0.0,6.293578918538634,-2.6186223256366383,0.9938576984211664,0.9611690254454297,1,0.9611746939795802,0,3.2813035106032373,-0.0023810577237879087,1.465810908470292,0.0,0.007393740651389175,1.4732046491216808,4.7521271020011255,-0.0023810577237879087,-0.0023810577237879087,0.0,1.465810908470292,0.007393740651389175,-0.004195808542553081,-0.004195808542553081,0,-0.004185136287821578,0,0.011628404564683085,0.011628404564683085,0.0,0.422816005695349,-0.06495948370476953,0.038703767929501254,0.038703767929501254,1,0.03866571959139087,0,7.783816937747028,7.783816937747028,0.0,6.716394924233983,-2.683581809341408,1.0325614663506677,0.999872793374931,2,0.9998404135709711,0,0.009247346840895176,0.009247346840895176,0.0,1.8886269141656409,-0.05756574305338036,0.03450795938694817,0.03450795938694817,1,0.03448058330356929,0
rxn008452,15,5.783114754720373,15.455364227046488,9.672249472326115,1.58069340768634,5.753989750918237,4.173296343231897,True,-2.1316282072803006e-14,-1.4210854715202004e-14,-1.8676748377894512,22.70469975945244,5.637795915729475,-7.554099714526684,-3.4653568958193066,2.1724390199101684,15.455364227046466,22.70469975945244,11.107509859524816,11.597189899927619,5.637795915729475,-3.4653568958193066,1.2109177936264506,0.6066186220699206,1,0.6149726850158048,0,3.9135116969592048,-5.156620260149738,5.937622427856082,0.0,1.0594758862526747,6.997098314108756,5.7539897509182225,-5.156620260149738,-5.156620260149738,0.0,5.937622427856082,1.0594758862526747,-1.6577891282691755,-0.06689427651560065,-2,-0.06200404764848688,-2,14.009070867566793,14.009070867566793,0.0,11.89811583477737,-6.56476547235761,3.2059960825178044,0.8322121448711761,6,0.8179998035746863,4,36.71377062701923,25.11658072709161,11.597189899927619,17.535911750506845,-10.030122368176917,4.416913876144255,1.4388307669410967,7,1.432972488590491,4,8.852450607417055,8.852450607417055,0.0,17.835738262633452,-5.505289586104936,1.548206954248629,0.7653178683555755,4,0.7559957559261994,2
rxn000920,11,3.751965773435586,13.237263836598597,9.485298063163011,3.2789532831120596,11.551823921513602,8.272870638401542,True,-1.0658141036401503e-14,0.0,-1.5868192774462315,12.09198590036425,5.085558972247492,0.06328302716631273,-2.4167447857332367,2.6688141865142554,13.237263836598586,12.09198590036425,11.047821690433825,1.0441642099304262,5.085558972247492,-2.4167447857332367,1.2263530658359385,0.2972151862175112,3,0.31959127403029575,2,-1.380399825120115,9.977027025777364,5.122647793025136,0.0,-2.1674510721687796,2.9551967208563563,11.551823921513602,9.977027025777364,9.977027025777364,0.0,5.122647793025136,-2.1674510721687796,1.0637485858114455,0.26611497428500064,2,0.28850049828589475,1,3.937468925426809,3.937468925426809,0.0,6.096178250419699,-3.3675204399032235,1.5612074907606837,0.7338850257150007,1,0.7114995017141053,2,16.02945482579106,14.985290615860633,1.0441642099304262,11.181737222667191,-5.78426522563646,2.787560556596622,1.031100211932512,4,1.031090775744401,4,13.914495951204174,13.914495951204172,0.0,11.218826043444835,-5.534971512072003,2.624956076572129,1.0000000000000013,3,1.0,3
rxn005403,16,5.135418076500173,14.367987666157774,9.2325695896576,3.5725524262034014,6.52730401123781,2.9547515850344084,True,0.0,7.105427357601002e-15,-0.5301599477904375,13.814027584859314,3.6534227828793377,0.0,-2.5693027537904465,1.0841200290888913,14.367987666157774,13.814027584859314,13.814027584859314,0.0,3.6534227828793377,-2.5693027537904465,1.8971221657165565,0.9999999999999991,2,1.0,0,1.4780085198190136,6.1075542649466055,-0.10287930275970725,0.0,-0.9553794707681025,-1.0582587735278097,6.527304011237817,6.1075542649466055,6.1075542649466055,0.0,-0.10287930275970725,-0.9553794707681025,0.9034066216379206,0.8961580066315018,3,0.8861197840367039,1,0.0,0.0,0.0,3.3912701151392315,0.0,0.0,0.0,0,0.0,0,13.814027584859314,13.814027584859314,0.0,7.044692898018569,-2.5693027537904465,1.8971221657165565,0.9999999999999991,2,1.0,0,6.1075542649466055,6.1075542649466055,0.0,3.2883908123795242,-0.9553794707681025,0.9034066216379206,0.8961580066315018,3,0.8861197840367039,1
rxn005670,12,3.290532332051953,12.151996717397402,8.86146438534545,2.809180934183132,10.369403612032173,7.5602226778490405,True,-7.105427357601002e-15,0.0,-1.7100949435186479,13.31398633207673,2.9889673328558057,-1.0942444730707588,-1.3466175309457342,1.6423498019100715,12.151996717397395,13.31398633207673,10.374914420022584,2.9390719120541466,2.9889673328558057,-1.3466175309457342,1.40183554842555,0.7693048521663268,2,0.7749395338013465,1,-0.43701598506900297,9.906963852675345,1.4711832073406974,0.0,-0.5717274629148643,0.8994557444258331,10.369403612032173,9.906963852675345,9.906963852675345,0.0,1.4711832073406974,-0.5717274629148643,0.9826205991333041,0.6521715498571359,1,0.6583073121104905,0,0.9081117794207727,0.9081117794207727,0.0,4.778752115283793,-2.608282754227577,1.4297073960735056,0.3478284501428637,1,0.34169268788950946,2,14.222098111497504,11.283026199443357,2.9390719120541466,7.767719448139599,-3.954900285173311,2.8315429444990556,1.1171333023091905,3,1.116632221690856,3,10.815075632096118,10.815075632096118,0.0,6.2499353226244905,-3.180010217142441,2.4123279952068097,0.9999999999999996,2,1.0,2
rxn005094,11,5.211192257767834,14.033637344196478,8.822445086428644,3.8842564773767663,7.838553883005687,3.954297405628921,True,0.0,7.105427357601002e-15,-0.7075150266339563,13.637463736111103,3.5983919587816597,0.0,-2.4947033240623275,1.1036886347193322,14.033637344196478,13.637463736111103,13.637463736111103,0.0,3.5983919587816597,-2.4947033240623275,1.8833973550126428,0.9999999999999987,2,1.0,0,0.5390046383869773,7.778,0.40221618413579074,0.0,-0.8806669395170729,-0.478450755381282,7.8385538830056944,7.778,7.778,0.0,0.40221618413579074,-0.8806669395170729,0.9999999999999991,0.9999999999999991,1,1.0,0,0.0,0.0,0.0,3.3322540996497167,0.0,0.0,0.0,0,0.0,0,13.637463736111103,13.637463736111103,0.0,6.9306460584313765,-2.4947033240623275,1.8833973550126428,0.9999999999999987,2,1.0,0,7.778,7.778,0.0,3.7344702837855075,-0.8806669395170729,0.9999999999999991,0.9999999999999991,1,1.0,0
rxn007313,12,4.87414825894848,-3.9201801797015037,-8.794328438649984,1.061327803912718,-11.495249429799728,-12.556577233712446,False,-7.105427357601002e-15,7.105427357601002e-15,4.5120560502388045,-5.017218597591566,-8.484930347338794,0.0,5.069912714990047,-3.415017632348747,-3.920180179701511,-5.017218597591566,-5.017218597591566,0.0,-8.484930347338794,5.069912714990047,-1.7505932877168946,-0.7629801860841248,-2,-0.7439023722154703,-3,-1.3414525091586285,-5.017218597591566,-10.206491038039573,0.0,5.069912714990047,-5.136578323049525,-11.49524942979972,-5.017218597591566,-5.017218597591566,0.0,-10.206491038039573,5.069912714990047,-1.7505932877168946,-0.7629801860841248,-2,-0.7439023722154703,-3,5.017218597591566,5.017218597591566,0.0,10.26106023125944,-5.069912714990047,1.7505932877168946,0.7629801860841248,2,0.7439023722154703,3,0.0,0.0,0.0,1.7761298839206465,0.0,0.0,0.0,0,0.0,0,0.0,0.0,0.0,0.054569193219868375,0.0,0.0,0.0,0,0.0,0
rxn008525,13,3.1539967579810764,11.633528449770864,8.479531691789788,-0.16929602865275228,1.5767929796666778,1.74608900831943,True,-7.105427357601002e-15,-7.105427357601002e-15,0.33686412924789266,12.385800639925064,2.6120425157066034,-0.43887750288013727,-3.2623013322285592,-0.6502588165219558,11.633528449770857,12.385800639925064,10.286728839542684,2.0990718003823785,2.6120425157066034,-3.2623013322285592,0.9636570391902435,0.9531019734611323,1,0.9560373475671176,0,5.495487807548656,-0.1995790532994321,-3.7832506482756427,0.0,0.06413487369309454,-3.7191157745825483,1.5767929796666706,-0.1995790532994321,-0.1995790532994321,0.0,-3.7832506482756427,0.06413487369309454,-0.07891379609782234,-0.06071821510999076,-1,-0.05973601608972956,-1,0.551692870292283,0.551692870292283,0.0,4.259076034223967,-0.18649107409453436,0.3846845330671793,0.21575379110795367,3,0.2123290144765333,2,12.937493510217347,10.838421709834968,2.0990718003823785,6.8711185499305705,-3.4487924063230935,1.3483415722574228,1.168855764569086,4,1.1683663620436509,2,0.3521138169928509,0.3521138169928509,0.0,0.4758253859483243,-0.12235620040143982,0.30577073696935697,0.15503557599796292,2,0.15259299838680374,1
rxn003901,12,4.681187222386143,13.131157022124341,8.449969799738199,1.5411318997748822,2.815810933505169,1.274679033730287,True,-1.4210854715202004e-14,-1.4210854715202004e-14,1.8756087791222882,9.567149312384567,5.450575934882129,0.0,-3.7621770042646565,1.6883989306174725,13.131157022124327,9.567149312384567,9.567149312384569,0.0,5.450575934882129,-3.7621770042646565,2.085713350536204,0.8456014963303802,2,0.8215670436137446,1,3.107401554724369,-0.005407202837593529,-0.3277123191210397,0.0,0.041528900739415064,-0.28618341838162464,2.815810933505155,-0.005407202837593529,-0.005407202837593529,0.0,-0.3277123191210397,0.041528900739415064,-0.026380135900724966,-0.026380135900724966,-1,-0.026366492576341827,0,0.005407202837593529,0.005407202837593529,0.0,0.3756096204877053,-0.041528900739415064,0.026380135900724966,0.026380135900724966,1,0.026366492576341827,0,9.57255651522216,9.572556515222162,0.0,5.826185555369834,-3.8037059050040716,2.112093486436929,0.8719816322311051,3,0.8479335361900864,1,0.0,0.0,0.0,0.04789730136666557,0.0,0.0,0.0,0,0.0,0
rxn010199,13,3.12918874123352,11.438071310144835,8.308882568911315,1.701830825642901,4.363165189888363,2.6613343642454623,True,0.0,0.0,2.6093232182157067,15.556,2.5762613447307574,-9.303513252801629,0.0,2.5762613447307574,11.438071310144835,15.556,0.0,15.556,2.5762613447307574,0.0,0.0,0.0,2,1.0,0,4.292510756430758,0.0,0.07065443345760344,0.0,0.0,0.07065443345760344,4.363165189888363,0.0,0.0,0.0,0.07065443345760344,0.0,0.0,0.0,0,0.0,0,0.0,0.0,0.0,0.056808724512522134,0.0,0.0,0.0,0,0.0,0,15.556,0.0,15.556,2.6330700692432796,0.0,0.0,0.0,2,1.0,0,0.0,0.0,0.0,0.12746315797012558,0.0,0.0,0.0,0,0.0,0
rxn011246,16,3.8288981474925095,12.083103270912673,8.254205123420164,0.9185967577486736,2.350042928965493,1.4314461712168196,True,-1.4210854715202004e-14,0.0,-2.2717843601621865,25.1952720978381,3.241696974129304,-12.056833464367989,-2.025247976524561,1.216448997604743,12.083103270912659,25.1952720978381,6.586887488847528,18.608384608990573,3.241696974129304,-2.025247976524561,0.9407737539676573,0.9407737539676573,3,1.2860986904309857,0,2.3809357468605583,0.0,-0.03089281789505758,0.0,0.0,-0.03089281789505758,2.350042928965493,0.0,0.0,0.0,-0.03089281789505758,0.0,0.0,0.0,0,0.0,0,0.0,0.0,0.0,0.06011403210039697,0.0,0.0,0.0,0,0.0,0,25.1952720978381,6.586887488847528,18.608384608990573,3.301811006229701,-2.025247976524561,0.9407737539676573,0.9407737539676573,3,1.2860986904309857,0,0.0,0.0,0.0,0.029221214205339394,0.0,0.0,0.0,0,0.0,0
rxn005619,9,4.060269642166531,12.215474347629353,8.155204705462822,1.8572729361858364,2.996143998349339,1.1388710621635028,True,1.0658141036401503e-14,7.105427357601002e-15,1.1596490607511,9.904441907569748,5.686815639713445,-0.32804877909923214,-4.207383481305698,1.4794321584077472,12.215474347629364,9.904441907569748,7.97335618699962,1.931085720570125,5.686815639713445,-4.207383481305698,1.5327292523453133,0.9125550679418359,2,0.9002123961078716,0,3.28280082841367,-0.003549646562247386,-0.31661075242115727,0.0,0.03350356891907755,-0.2831071835020797,2.9961439983493463,-0.003549646562247386,-0.003549646562247386,0.0,-0.31661075242115727,0.03350356891907755,-0.021370175197526375,-0.021370175197526375,-1,-0.021362820279316352,0,0.003549646562247386,0.003549646562247386,0.0,0.3521644030682679,-0.03350356891907755,0.021370175197526375,0.021370175197526375,1,0.021362820279316352,0,9.907991554131995,7.976905833561868,1.931085720570125,6.038980042781713,-4.240887050224775,1.5540994275428397,0.9339252431393623,3,0.921575216387188,0,0.0,0.0,0.0,0.03555365064711062,0.0,0.0,0.0,0,0.0,0
rxn011847,12,2.5673552249227214,10.66580373583956,8.098448510916839,1.0235967515327502,9.475728237375606,8.452131485842855,True,0.0,0.0,-3.404046187052842,15.555972373188219,3.293735985065337,-3.8025040184238827,-0.977354416937273,2.316381568128064,10.66580373583956,15.555972373188219,7.77797237318822,7.778,3.293735985065337,-0.977354416937273,0.9973346896549722,0.998667344660241,0,0.9986673490378042,0,1.697139017599163,7.77797237318822,0.01802000013267957,0.0,-0.01740315354445903,0.0006168465882205459,9.475728237375606,7.77797237318822,7.77797237318822,0.0,0.01802000013267957,-0.01740315354445903,0.9973346896549735,0.9986673446602423,-1,0.9986673490378042,0,2.762681178001646e-05,2.762681178001646e-05,0.0,0.06599584226034774,-1.2596244488998626e-05,0.0026653103450260396,0.0013326553397572383,2,0.0013326509621958138,0,15.556,7.778,7.778,3.359731827325685,-0.977367013181762,0.9999999999999982,0.9999999999999982,2,1.0,0,7.778,7.778,0.0,0.08401584239302731,-0.01741574978894803,0.9999999999999996,0.9999999999999996,1,1.0,0
rxn005576,14,6.851453928769843,-1.0537406731160814,-7.905194601885924,0.8837382753554266,-9.907158961971106,-10.790897237326533,False,-7.105427357601002e-15,0.0,5.397731748959593,-9.81699302136371,-1.9527477210266007,0.0017718690344418451,5.3164964512801856,3.363748730253585,-1.0537406731160885,-9.81699302136371,-9.816996049713719,3.028350011288273e-06,-1.9527477210266007,5.3164964512801856,-0.8061915145568901,-0.08396887140306264,-1,-0.08995131331181838,1,12.00024051684656,-21.57472750820614,-10.44703383468445,0.0,10.114361864072926,-0.33267197061152354,-9.907158961971106,-21.57472750820614,-21.574727508206138,0.0,-10.44703383468445,10.114361864072926,-2.6710375967198074,-0.8660513960866014,-4,-0.9375405605188991,-3,21.844797832918577,21.844797832918573,0.0,12.566356436865528,-10.873070370949785,3.2708914493593912,1.124648022667408,6,1.1238247770323175,4,12.027804811554866,12.027801783204854,3.028350011288273e-06,10.613608715838927,-5.556573919669599,2.464699934802501,1.0406791512643454,5,1.0338734637204992,5,0.27007032471243614,0.27007032471243614,0.0,2.1193226021810774,-0.7587085068768583,0.5998538526395838,0.2585966265808066,2,0.18628421651341842,1
rxn011929,17,3.035897281771213,10.768555817879033,7.73265853610782,2.860396112819217,1.0136653474879722,-1.8467307653312446,True,7.105427357601002e-15,1.4210854715202004e-14,-1.8173298620787364,14.727510535113257,3.470374956880578,-2.3594774461468786,-3.2525223658891877,0.21785259099138976,10.76855581787904,14.727510535113257,9.369701285871537,5.35780924924172,3.470374956880578,-3.2525223658891877,0.9411198543030559,1.0076214234053387,1,1.0083514734062717,1,3.230804317826383,0.973727830580725,-2.9489196605265993,0.0,-0.24194714039253162,-3.1908668009191308,1.0136653474879864,0.973727830580725,0.9737278305807248,0.0,-2.9489196605265993,-0.24194714039253162,0.1875168777730214,0.2901297523185642,0,0.2751180927343819,1,0.12153988095608026,0.12153988095608026,0.0,4.182636466061594,-0.0792321263802433,0.2846938879471139,0.09509692504133405,3,0.0942234149054153,2,14.849050416069337,9.491241166827617,5.35780924924172,7.653011422942172,-3.331754492269431,1.2258137422501698,1.1027183484466727,4,1.102574888311687,3,1.0952677115368052,1.095267711536805,0.0,1.233716805534995,-0.3211792667727749,0.4722107657201353,0.38522667735989824,3,0.36934150763979723,3
rxn000941,12,3.7264980139079853,11.261082091215748,7.534584077307763,1.4594214702428872,10.247870695102598,8.788449224859711,True,-7.105427357601002e-15,3.552713678800501e-15,-0.37643257290197596,9.451735241407796,3.5646336750252363,0.1881087761404167,-1.5669630284557403,1.997670646569496,11.26108209121574,9.451735241407796,9.40949770687594,0.042237534531858696,3.5646336750252363,-1.5669630284557403,0.906115257304914,0.38800900093606905,1,0.4025923064519503,1,2.517139501800571,-0.2698020489201376,8.464700826725931,0.0,-0.4641675845037687,8.000533242222163,10.247870695102602,-0.2698020489201376,-0.2698020489201376,0.0,8.464700826725931,-0.4641675845037687,-0.7283910545974464,0.19144795453926244,-2,0.19842240353781726,0,10.096355845083401,10.096355845083401,0.0,10.805421429590293,-6.161855678013451,2.333241677817208,0.6119909990639325,4,0.5974076935480497,2,19.548091086491198,19.50585355195934,0.042237534531858696,14.37005510461553,-7.728818706469191,3.239356935122122,1.0000000000000016,5,1.0,3,9.826553796163264,9.826553796163264,0.0,19.270122256316224,-6.6260232625172195,1.6048506232197615,0.803438953603195,2,0.7958300970858669,2
rxn008551,13,4.040214621927589,11.464441014706871,7.424226392779282,3.4764440930193814,10.629651750554778,7.153207657535397,True,-1.4210854715202004e-14,-1.4210854715202004e-14,-1.4236661340180135,10.049730470884256,3.5965100130732823,-0.16524456070320848,-0.5928887745294538,3.003621238543829,11.464441014706857,10.049730470884256,8.507447149853784,1.5422833210304732,3.5965100130732823,-0.5928887745294538,1.0060687087656182,0.7889552660427803,2,0.7963847320018127,0,-0.9961688329584888,7.763459195637588,3.856200577015513,0.0,0.006160810860162291,3.8623613878756755,10.629651750554764,7.763459195637588,7.763459195637588,0.0,3.856200577015513,0.006160810860162291,0.846590952722212,0.7543245143277577,1,0.7617668368371318,-1,0.4430862533656844,0.4430862533656844,0.0,4.4395590150288955,-1.7793717509847946,0.9032628283570396,0.24567548567224273,2,0.23823316316286824,2,10.492816724249941,8.950533403219469,1.5422833210304732,8.036069028102178,-2.3722605255142484,1.9093315371226578,1.034630751715023,4,1.034617895164681,2,8.206545449003272,8.206545449003272,0.0,8.295759592044408,-1.7732109401246323,1.7498537810792516,1.0000000000000004,3,1.0,1
rxn004031,14,3.3044556664071933,10.664869111806858,7.360413445399665,1.7396461271964654,4.0113154606322965,2.271669333435831,True,7.105427357601002e-15,0.0,1.9653182250272678,5.459513463028241,5.005832364735488,0.0,-1.7657949409841351,3.240037423751353,10.664869111806865,5.459513463028241,5.459513463028241,0.0,5.005832364735488,-1.7657949409841351,0.8531788267596716,0.8531788267596716,1,0.8378051029111147,1,3.6331104898438227,0.0,0.37820497078846926,0.0,0.0,0.37820497078846926,4.0113154606322965,0.0,0.0,0.0,0.37820497078846926,0.0,0.0,0.0,0,0.0,0,0.0,0.0,0.0,0.019655843617381957,0.0,0.0,0.0,0,0.0,0,5.459513463028241,5.459513463028241,0.0,5.02548820835287,-1.7657949409841351,0.8531788267596716,0.8531788267596716,1,0.8378051029111147,1,0.0,0.0,0.0,0.3978608144058512,0.0,0.0,0.0,0,0.0,0
rxn009328,15,4.428748699690914,-2.892964438593964,-7.321713138284878,0.5600454180239467,-8.61055106730307,-9.170596485327017,False,7.105427357601002e-15,7.105427357601002e-15,2.457314019589681,-3.3847283618081727,-5.490272802377726,0.0,3.524722706002261,-1.9655500963754653,-2.892964438593957,-3.3847283618081727,-3.3847283618081727,0.0,-5.490272802377726,3.524722706002261,-1.4730486031631749,-0.5929365385381686,0,-0.5701290149118252,-1,-2.517470319278317,-3.3478941583130557,-6.255211240462994,0.0,3.510024650751298,-2.745186589711696,-8.610551067303064,-3.3478941583130557,-3.3478941583130557,0.0,-6.255211240462994,3.510024650751298,-1.4646574170397395,-0.5703052990419457,0,-0.548118838420967,-1,3.457270901316137,3.457270901316137,0.0,6.4204826205277445,-3.557985518076819,1.5847153913520553,0.6903632733542615,1,0.6667035015092369,2,0.0725425395079642,0.0725425395079642,0.0,0.9302098181500186,-0.03326281207455849,0.11166678818888043,0.09742673481609287,1,0.09657448659741164,1,0.10937674300308141,0.10937674300308141,0.0,0.16527138006475064,-0.04796086732552095,0.1200579743123158,0.1200579743123158,1,0.11858466308826987,1
rxn011522,17,3.024232448933617,10.238817518368052,7.214585069434435,2.3074257041989767,7.20168447888539,4.8942587746864135,True,2.1316282072803006e-14,0.0,-2.8832104593775085,15.402525320871998,3.782981129307603,-3.804045444684598,-2.259433027749425,1.5235481015581778,10.238817518368073,15.402525320871998,7.778,7.624525320871998,3.782981129307603,-2.259433027749425,1.0,1.0,2,1.0,0,-0.02630805156050542,7.778,0.31899264148630646,0.0,-0.8690001110404089,-0.5500074695541022,7.20168447888539,7.778,7.778,0.0,0.31899264148630646,-0.8690001110404089,1.0000000000000009,1.0000000000000009,1,1.0,0,0.0,0.0,0.0,6.965458396751385,0.0,0.0,0.0,0,0.0,0,15.402525320871998,7.778,7.624525320871998,10.748439526058988,-2.259433027749425,1.0,1.0,2,1.0,0,7.778,7.778,0.0,7.284451038237691,-0.8690001110404089,1.0000000000000009,1.0000000000000009,1,1.0,0
rxn001291,13,2.993925851858876,10.095987879816455,7.1020620279575795,0.573929440091888,5.061653568318761,4.487724128226873,True,-7.105427357601002e-15,0.0,-0.4365816654110546,11.60084358478564,1.115539292173852,-1.7033656019002286,-0.4804477298317492,0.6350915623421028,10.095987879816448,11.60084358478564,7.775843570702339,3.8250000140833014,1.115539292173852,-0.4804477298317492,1.006277418162436,0.9559380214432949,3,0.9559934126060652,0,5.080170502541691,-0.0022098574420741732,-0.020619597897758135,0.0,0.004312521116910967,-0.016307076780847196,5.061653568318761,-0.0022098574420741732,-0.0022098574420741732,0.0,-0.020619597897758135,0.004312521116910967,-0.0033623390971317946,-0.0033623390971317946,0,-0.0033560852641323358,0,0.015062717171518854,0.015062717171518854,0.0,0.4513513998609133,-0.07229171069585774,0.044061978556703796,0.044061978556703796,1,0.044006587393934815,0,11.615906301957159,7.790906287873858,3.8250000140833014,1.5668906920347654,-0.5527394405276069,1.05033939671914,0.9999999999999987,4,1.0,0,0.012852859729444681,0.012852859729444681,0.0,0.4307318019631552,-0.06797918957894677,0.040699639459572,0.040699639459572,1,0.04065050212980248,0
rxn003095,7,1.9395464781446208,-5.093139753735613,-7.032686231880234,-0.22609783277948736,-5.578460636242774,-5.352362803463286,False,3.552713678800501e-15,0.0,2.1474392640735935,-7.199020111684826,-3.509440403437383,0.0,3.4678814973130083,-0.04155890612437485,-5.09313975373561,-7.199020111684826,-7.199020111684826,0.0,-3.509440403437383,3.4678814973130083,-1.7217053088988492,-0.49967499200359766,-2,-0.7047731746463972,-3,1.6003234150889938,-7.199020111684826,-3.9349060293939204,0.0,3.95514208974698,0.02023606035305958,-5.578460636242774,-7.199020111684826,-7.199020111684826,0.0,-3.9349060293939204,3.95514208974698,-1.9374218595983783,-0.7153915427031268,-2,-0.7047731746463972,-4,7.199020111684826,7.199020111684826,0.0,5.68163289187105,-3.95514208974698,1.9374218595983783,0.7153915427031268,2,0.7047731746463972,4,0.0,0.0,0.0,2.172192488433667,-0.48726059243397174,0.2157165506995291,0.2157165506995291,0,0.0,1,0.0,0.0,0.0,1.74672686247713,0.0,0.0,0.0,0,0.0,0
rxn004419,14,2.5821135923670226,9.593333796357207,7.0112202039901845,1.5420663959230296,0.07088133864635893,-1.4711850572766707,True,0.0,-7.105427357601002e-15,-2.663343894227509,15.556,4.228346614397341,-3.9385070639714996,-3.5891618598411297,0.6391847545562115,9.593333796357207,15.556,7.778,7.778,4.228346614397341,-3.5891618598411297,1.0000000000000004,1.0000000000000004,2,1.0,0,3.7953567005853017,1.5413415702419243e-07,-3.724235920255121,0.0,-0.0002395958179853613,-3.7244755160731065,0.07088133864635182,1.5413415702419243e-07,1.5413415702419243e-07,0.0,-3.724235920255121,-0.0002395958179853613,0.00019908130680201808,9.954065346029495e-05,2,9.954065141792867e-05,0,0.0,0.0,0.0,3.7995510119413476,0.0,0.0,0.0,0,0.0,0,15.556,7.778,7.778,8.027897626338689,-3.5891618598411297,1.0000000000000004,1.0000000000000004,2,1.0,0,1.5413415702419243e-07,1.5413415702419243e-07,0.0,0.07531509168622663,-0.0002395958179853613,0.00019908130680201808,9.954065346029495e-05,2,9.954065141792867e-05,0
rxn003773,8,3.6994607233891657,-3.2573201029546333,-6.956780826343799,2.3663810582502265,-4.004968977297452,-6.371350035547678,False,3.552713678800501e-15,0.0,-2.903847298741958,3.8338192751206908,-2.9429052437469077,-4.002486088914243,2.758099253327785,-0.1848059904191226,-3.2573201029546297,3.8338192751206908,-3.9441807248793093,7.778,-2.9429052437469077,2.758099253327785,-0.41637205169595326,-0.4267396954352689,1,0.2282291839012549,0,0.27538077037670305,-2.1947172455651867,-4.178524792347394,0.0,2.0928922902384244,-2.08563250210897,-4.004968977297452,-2.1947172455651867,-2.1947172455651867,0.0,-4.178524792347394,2.0928922902384244,-0.28474201161848445,-0.1532619816158678,0,-0.15798995871822807,1,5.523111051109479,5.523111051109479,0.0,10.537575649738287,-5.252157173718538,1.75984153908413,0.7901494030472591,2,0.7717708160987451,3,9.35693032623017,1.5789303262301702,7.778,7.594670405991379,-2.4940579203907527,1.3434694873881767,0.3634097076119902,3,1.0,3,3.3283938055442928,3.3283938055442928,0.0,6.359050857390892,-3.1592648834801134,1.4750995274656455,0.6368874214313913,2,0.613780857380517,4
rxn011863,19,3.365946678111868,10.185001202464889,6.819054524353021,1.0235910180945211,4.266221336933739,3.2426303188392183,True,-1.4210854715202004e-14,0.0,-1.1261811694158723,12.686937906551751,1.8522658896631752,-2.6295734243424578,-0.5984479999917154,1.2538178896714598,10.185001202464875,12.686937906551751,7.493886998681028,5.193050907870724,1.8522658896631752,-0.5984479999917154,1.02684742913049,0.9841313963078979,3,0.9812806800866798,0,3.2246035767495016,0.0,1.0416177601842413,0.0,0.0,1.0416177601842413,4.266221336933739,0.0,0.0,0.0,1.0416177601842413,0.0,0.0,0.0,0,0.0,0,0.0,0.0,0.0,3.8812180850296683,0.0,0.0,0.0,0,0.0,0,12.686937906551751,7.493886998681028,5.193050907870724,5.733483974692843,-0.5984479999917154,1.02684742913049,0.9841313963078979,3,0.9812806800866798,0,0.0,0.0,0.0,4.92283584521391,0.0,0.0,0.0,0,0.0,0
rxn005999,13,3.06251940000584,9.849836480051692,6.787317080045852,2.254865170136327,7.202421888765151,4.9475567186288245,True,0.0,7.105427357601002e-15,-2.9411378112213526,15.014371092003676,3.3861367493631067,-3.5200684190902107,-2.0894651310035304,1.2966716183595763,9.849836480051692,15.014371092003676,7.778,7.236371092003677,3.3861367493631067,-2.0894651310035304,0.9999999999999991,0.9999999999999991,2,1.0,0,-0.11137025465690442,7.778,0.2685054046709383,0.0,-0.7327132612488787,-0.4642078565779406,7.2024218887651585,7.778,7.778,0.0,0.2685054046709383,-0.7327132612488787,1.0000000000000018,1.0000000000000018,1,1.0,0,0.0,0.0,0.0,3.528132492841491,0.0,0.0,0.0,0,0.0,0,15.014371092003676,7.778,7.236371092003677,6.914269242204598,-2.0894651310035304,0.9999999999999991,0.9999999999999991,2,1.0,0,7.778,7.778,0.0,3.7966378975124293,-0.7327132612488787,1.0000000000000018,1.0000000000000018,1,1.0,0
rxn007125,14,2.937052084502284,9.710430364249284,6.773378279747,2.631108716450399,1.6701793281047586,-0.9609293883456402,True,-7.105427357601002e-15,7.105427357601002e-15,-2.276741796112802,14.22958444498607,3.683770988668437,-2.5593842712205284,-3.3667990020719007,0.3169719865965357,9.710430364249277,14.22958444498607,8.512359878647079,5.717224566338991,3.683770988668437,-3.3667990020719007,1.2084968977934036,0.8358933907633568,0,0.8383986192044857,2,3.4398331792883283,1.5274962439243414,-2.9249219270005122,0.0,-0.3722281681073958,-3.2971500951079085,1.6701793281047657,1.5274962439243414,1.5274962439243414,0.0,-2.9249219270005122,-0.3722281681073958,0.39523791497003447,0.2777345820946322,-2,0.2690674353642466,1,0.21275304697212133,0.21275304697212133,0.0,4.209560079612875,-0.09822683032546417,0.2551934414481616,0.16410660923664455,4,0.16160138079551434,1,14.442337491958192,8.7251129256192,5.717224566338991,7.893331068281312,-3.465025832397365,1.4636903392415652,1.0000000000000013,4,1.0,3,1.7402492908964626,1.7402492908964626,0.0,1.284638152612363,-0.4704549984328599,0.650431356418196,0.44184119133127675,2,0.43066881615976094,2
rxn000206,9,3.3346998977067415,9.979613216407223,6.644913318700482,3.0731845817490466,7.282261866877867,4.209077285128821,True,0.0,0.0,-2.984163858761171,14.746830590159949,3.4102799787170737,-3.39458414411226,-1.7987493495963696,1.611530629120704,9.979613216407223,14.746830590159949,7.778,6.968830590159949,3.4102799787170737,-1.7987493495963696,1.0000000000000018,1.0000000000000018,2,1.0,0,0.1841232687909411,7.778,0.27581126727680916,0.0,-0.9556726691898829,-0.6798614019130738,7.282261866877867,7.778,7.778,0.0,0.27581126727680916,-0.9556726691898829,0.9999999999999996,0.9999999999999996,1,1.0,0,0.0,0.0,0.0,3.3527236207792743,0.0,0.0,0.0,0,0.0,0,14.746830590159949,7.778,6.968830590159949,6.763003599496348,-1.7987493495963696,1.0000000000000018,1.0000000000000018,2,1.0,0,7.778,7.778,0.0,3.6285348880560835,-0.9556726691898829,0.9999999999999996,0.9999999999999996,1,1.0,0
rxn008955,13,3.2914187021433463,9.773739191400566,6.482320489257219,2.992090239771642,6.557493565881394,3.5654033261097524,True,-2.1316282072803006e-14,-7.105427357601002e-15,-3.0956038854793775,15.061993668369283,3.031878279316569,-3.610776870868494,-1.6137519999374321,1.4181262793791358,9.773739191400544,15.061993668369283,7.765824039103987,7.296169629265298,3.031878279316569,-1.6137519999374321,1.0179695505387185,0.2925248603749466,2,0.3027505303461808,0,0.22991045210491734,7.509886612943732,-0.4566247857186809,0.0,-0.7256787134485752,-1.182303499167256,6.557493565881387,7.509886612943732,7.509886612943732,0.0,-0.4566247857186809,-0.7256787134485752,1.0051891482457376,0.29134108070559694,1,0.301429637995867,0,5.943978060948907,5.943978060948907,0.0,11.48123971249673,-3.725938768166957,1.4899733027916002,0.7074751396250525,3,0.6972494696538192,2,21.00597172931819,13.709802100052894,7.296169629265298,14.5131179918133,-5.339690768104389,2.5079428533303187,0.9999999999999991,5,1.0,2,13.453864673892639,13.453864673892639,0.0,11.02461492677805,-4.451617481615532,2.495162451037338,0.9988162203306494,4,0.9986791076496861,2
rxn000501,11,3.397666558397759,-3.0236396680451705,-6.42130622644293,3.108814463404997,-0.6086314927187431,-3.71744595612374,False,-7.105427357601002e-15,-7.105427357601002e-15,4.680283682081551,-5.008047291532792,-5.69290123569587,0.25010648042330746,2.746918696678625,-2.945982539017245,-3.0236396680451776,-5.008047291532792,-5.1587129817197175,0.15066569018692505,-5.69290123569587,2.746918696678625,-1.3218732613107242,-0.49876010006843163,0,-0.45711919374645515,-1,3.3717977574879754,-5.253227593136611,-1.4999628542953918,0.0,2.7727611972252753,1.2727983429298835,-0.6086314927187502,-5.253227593136611,-5.253227593136611,0.0,-1.4999628542953918,2.7727611972252753,-1.4499666767507327,-0.6093269585489214,-3,-0.5962980339990072,-2,5.253227593136611,5.253227593136611,0.0,6.140917246857231,-2.7727611972252753,1.4499666767507327,0.6093269585489214,3,0.5962980339990072,2,0.24518030160381846,0.09451461141689341,0.15066569018692505,0.4480160111613605,-0.02584250054665018,0.1280934154400084,0.11056685848048975,3,0.139178840252552,1,0.0,0.0,0.0,4.640954392561839,0.0,0.0,0.0,0,0.0,0
rxn004738,16,3.2239665845718264,9.629512697068627,6.4055461124968005,0.6425009415706882,3.3252602103977296,2.6827592688270414,True,7.105427357601002e-15,0.0,-1.4630482454932547,13.707857338746706,1.6630981156306053,-3.6812223187794224,-0.5971721930360052,1.0659259225946,9.629512697068634,13.707857338746706,7.168830257440713,6.539027081305992,1.6630981156306053,-0.5971721930360052,1.0244920929414503,0.9805311864865851,3,0.9597574891371492,0,3.3228103121831154,0.0,0.0024498982146089823,0.0,0.0,0.0024498982146089823,3.3252602103977296,0.0,0.0,0.0,0.0024498982146089823,0.0,0.0,0.0,0,0.0,0,0.0,0.0,0.0,0.039975837278197875,0.0,0.0,0.0,0,0.0,0,13.707857338746706,7.168830257440713,6.539027081305992,1.7030739529088033,-0.5971721930360052,1.0244920929414503,0.9805311864865851,3,0.9597574891371492,0,0.0,0.0,0.0,0.04242573549280686,0.0,0.0,0.0,0,0.0,0
rxn007038,17,5.71662409433884,12.041323313622655,6.324699219283815,3.138259983374155,9.778561627408095,6.64030164403394,True,2.842170943040401e-14,2.842170943040401e-14,4.120838889462888,3.567436994707446,4.740976963414363,0.5164250894850534,-0.9043546234470714,3.836622339967292,12.041323313622684,3.567436994707446,3.188164904163358,0.3792720905440833,4.740976963414363,-0.9043546234470714,-0.12788066630709327,0.13813156200231003,0,0.13855308692681234,0,3.4824912039924385,1.3189752895368407,7.239278489978146,0.0,-2.262183356099305,4.977095133878841,9.778561627408124,1.3189752895368407,1.3189752895368372,0.0,7.239278489978146,-2.262183356099305,0.09629384499416904,0.11409800279866733,-1,0.11478567102863124,0,23.874925007963046,23.87492500796305,0.0,10.966562915754823,-9.157330007566433,3.8736696225198592,1.2682755746950471,6,1.2601334210123554,4,27.442362002670492,27.063089912126408,0.3792720905440833,15.707539879169186,-10.061684631013504,3.745788956212766,1.4064071366973572,6,1.3986865079391677,4,25.193900297499887,25.193900297499887,0.0,18.20584140573297,-11.419513363665738,3.9699634675140283,1.3823735774937145,5,1.3749190920409866,4
rxn011123,16,4.777912290755012,10.930585833368866,6.152673542613854,2.2294205756597876,21.550020013182014,19.320599437522226,True,1.4210854715202004e-14,1.4210854715202004e-14,3.170447246768717,3.6792615692083324,7.595627281667756,0.0,-3.5147502642759285,4.080877017391828,10.93058583336888,3.6792615692083324,3.6792615692083324,0.0,7.595627281667756,-3.5147502642759285,0.5887247566855796,0.227742117350346,0,0.22995121320136747,0,-0.7891977243762938,20.425558587613697,11.242237882004442,0.0,-9.328578732059817,1.9136591499446247,21.550020013182028,20.425558587613697,20.425558587613697,0.0,11.242237882004442,-9.328578732059817,1.9598691727371604,0.6409063999869233,1,0.6496509346204933,2,8.51015626166825,8.51015626166825,0.0,5.570461164786732,-4.584324066720928,2.158132456882027,0.5536666488798008,4,0.5377682959126586,2,12.189417830876582,12.189417830876582,0.0,13.166088446454488,-8.099074330996856,2.7468572135676066,0.7814087662301468,4,0.7677195091140261,2,28.935714849281947,28.935714849281947,0.0,16.812699046791174,-13.912902798780745,4.1180016296191875,1.194573048866724,5,1.187419230533152,4
rxn008626,16,3.944706882131868,10.096644634549818,6.15193775241795,0.44292066183516,0.35086865144873514,-0.09205201038642485,True,0.0,1.4210854715202004e-14,0.3561091326280774,9.732766399700369,0.5580533203854605,-0.30484570293531443,-0.24543851522877436,0.31261480515668616,10.096644634549818,9.732766399700369,7.870211293804021,1.8625551058963443,0.5580533203854605,-0.24543851522877436,1.6358795234879155,0.804234285329861,3,0.8057957343223863,-1,0.007752015504948417,0.11237983611717733,-0.06291484529181313,0.0,0.2936516451184267,0.23073679982661355,0.35086865144874935,0.11237983611717733,0.11237983611717722,0.0,-0.06291484529181313,0.2936516451184267,0.04489778515627685,0.023994443050430858,1,0.021608533509779537,-1,0.4561897970901922,0.4561897970901922,0.0,1.3695603561220877,-0.8505609544353163,0.44160755574462285,0.1957657146701386,3,0.19420426567761373,3,10.18895619679056,8.326401090894214,1.8625551058963443,1.9276136765075482,-1.0959994696640907,2.0774870792325384,0.9999999999999996,6,1.0,2,0.5685696332073695,0.5685696332073694,0.0,1.3066455108302746,-0.5569093093168896,0.4865053409008997,0.21976015772056945,4,0.21581279918739327,2
rxn011492,15,3.1648422859088896,-2.7610205966376213,-5.925862882546511,1.7572961643036251,-5.891254794409413,-7.648550958713038,False,7.105427357601002e-15,0.0,1.4211807881103908,-1.2710157842635912,-4.5545048819454905,-2.8839035771191694,4.527222858580248,-0.027282023365242658,-2.7610205966376142,-1.2710157842635912,-7.381591342949592,6.110575558686,-4.5545048819454905,4.527222858580248,-1.0225851362010774,0.05959565407435763,0,0.21152297420706256,1,6.145060912031681,-10.693092318064023,-7.704186145865258,0.0,6.360962757488182,-1.3432233883770754,-5.891254794409413,-10.693092318064023,-10.693092318064023,0.0,-7.704186145865258,6.360962757488182,-2.370323781513059,-0.6873771851277244,-4,-0.6748307828239453,-2,10.693092318064023,10.693092318064023,0.0,11.108724830592497,-6.360962757488182,2.370323781513059,0.6873771851277244,4,0.6748307828239453,2,9.422076533800432,3.3115009751144315,6.110575558686,6.554219948647006,-1.833739898907934,1.3477386453119817,0.746972839202082,4,0.8863537570310078,3,0.0,0.0,0.0,3.404538684727239,0.0,0.0,0.0,0,0.0,0
rxn011497,15,3.3351363955553097,9.085913306928227,5.750776911372917,3.028361014881739,5.919652340192236,2.8912913253104975,True,0.0,0.0,-2.932067887238574,14.111591641720354,2.7221906148382935,-3.6384312777581362,-1.1773697846337106,1.544820830204583,9.085913306928227,14.111591641720354,6.768859962627372,7.342731679092982,2.7221906148382935,-1.1773697846337106,0.9180688978786673,0.31262281487227606,2,0.32516921717605474,0,0.6232376091809186,6.207733545623876,-0.8197365415288171,0.0,-0.09158227308374389,-0.911318814612561,5.919652340192236,6.207733545623876,6.207733545623876,0.0,-0.8197365415288171,-0.09158227308374389,0.8650446718912943,0.3064918096208489,1,0.31832566443235244,0,10.693092318064023,10.693092318064023,0.0,11.108724830592497,-6.360962757488182,2.370323781513059,0.6873771851277244,4,0.6748307828239453,2,24.804683959784377,17.461952280691396,7.342731679092982,13.83091544543079,-7.538332542121893,3.2883926793917264,1.0000000000000004,6,1.0,2,16.9008258636879,16.9008258636879,0.0,10.28898828906368,-6.452545030571926,3.2353684534043534,0.9938689947485733,5,0.9931564472562977,2
rxn002365,13,2.756777924114431,8.394134732379364,5.637356808264933,1.7114178133515452,-7.238842520854561,-8.950260334206106,True,0.0,7.105427357601002e-15,-0.46765013312229087,11.088480443842359,-0.20304246666374937,-2.0377402519828216,0.014087140305868218,-0.18895532635788115,8.394134732379364,11.088480443842359,6.2976798705434085,4.7908005732989505,-0.20304246666374937,0.014087140305868218,-0.24437443662932745,0.7892221814082583,1,0.8034523647044596,1,5.349318901778176,-8.097270563481356,-9.291104439194882,0.0,4.800213580043508,-4.490890859151375,-7.238842520854554,-8.097270563481356,-8.097270563481356,0.0,-9.291104439194882,4.800213580043508,-1.8021772037104276,-0.3934257597916355,0,-0.3791304343717945,-1,8.423248586371185,8.423248586371185,0.0,9.832605850157089,-4.903934003686098,2.1442267328860014,0.5374410258152995,4,0.5214492747427251,2,19.511729030213544,14.720928456914594,4.7908005732989505,9.62956338349334,-4.88984686338023,1.899852296256674,1.3266632072235578,5,1.3249016394471846,3,0.32597802288983,0.32597802288982997,0.0,0.5415014109622066,-0.10372042364259082,0.34204952917557385,0.144015266023664,4,0.14231884037093057,1
rxn011801,12,2.4670854979740398,8.019036692837588,5.551951194863548,1.2885063368958072,-2.7288465922831975,-4.017352929179005,True,-7.105427357601002e-15,0.0,-2.740378778340691,14.89887658449511,3.3931967002917123,-3.917541012775729,-3.6151168008328174,-0.22192010054110511,8.019036692837581,14.89887658449511,7.120876584495111,7.778,3.3931967002917123,-3.6151168008328174,1.1294653856795298,0.12295604050696562,2,0.12936544121912608,0,3.6757795193981693,-5.201733559742582,-4.127859109332013,0.0,2.924966557393228,-1.2028925519387847,-2.7288465922831975,-5.201733559742582,-5.201733559742582,0.0,-4.127859109332013,2.924966557393228,-0.5695410659800002,-0.07905683536087738,-1,-0.08218263570279394,0,12.546539701857395,12.546539701857395,0.0,12.177492732881076,-7.187577606103847,2.214236175889382,0.8770439594930353,4,0.8706345587808739,2,27.445416286352504,19.667416286352505,7.778,15.570689433172788,-10.802694406936665,3.3437015615689116,1.0000000000000009,6,1.0,2,7.3448061421148125,7.3448061421148125,0.0,8.049633623549063,-4.262611048710619,1.6446951099093816,0.7979871241321579,3,0.78845192307808,2
rxn009384,10,3.8842832343325426,9.384421003048061,5.500137768715518,2.5024923006858444,12.545777990005924,10.04328568932008,True,7.105427357601002e-15,7.105427357601002e-15,4.37664546673237,1.166295926655344,4.607821433284831,-0.14710686157133468,-0.6192349620531373,3.9885864712316934,9.384421003048068,1.166295926655344,1.993736961541362e-10,1.1662959264559705,4.607821433284831,-0.6192349620531373,0.45214635838073214,0.4521412954736066,2,0.38723126058145874,0,3.6113978088500716,1.1967780850065945,8.379765032315188,0.0,-0.6421629361659225,7.737602096149264,12.54577799000593,1.1967780850065945,1.1967780850065945,0.0,8.379765032315188,-0.6421629361659225,0.41045971535986236,0.41045971535986236,1,0.39225893472325524,1,0.0,0.0,0.0,0.030304368817167044,0.0,0.0,0.0,0,0.0,0,1.166295926655344,1.993736961541362e-10,1.1662959264559705,4.638125802101998,-0.6192349620531373,0.45214635838073214,0.4521412954736066,2,0.38723126058145874,0,1.1967780850065945,1.1967780850065945,0.0,8.410069401132354,-0.6421629361659225,0.41045971535986236,0.41045971535986236,1,0.39225893472325524,1
rxn009555,17,3.7010011490801844,-1.7797675308515863,-5.480768679931771,2.7761499167881993,-2.8761877991811815,-5.652337715969381,False,-1.4210854715202004e-14,-2.842170943040401e-14,1.696381957282341,-0.6960829395629329,-4.051940084255092,-2.5408521587228163,3.8127256944068977,-0.2392143898481942,-1.7797675308516006,-0.6960829395629329,-6.414758688419523,5.718675748856591,-4.051940084255092,3.8127256944068977,-1.3472711000867488,-0.07992305526679777,0,0.35025220300063875,0,6.007518677059409,-7.901751382554035,-5.58504542540604,0.0,4.603090331719458,-0.9819550936865822,-2.87618779918121,-7.901751382554035,-7.901751382554035,0.0,-5.58504542540604,4.603090331719458,-2.0854036772881313,-0.4095645633141922,-4,-0.3949944362083766,-2,8.097629311704944,8.097629311704944,0.0,9.658417162129943,-4.689164976012536,2.3129250554240066,0.5233965318683169,6,0.5072075941835603,3,7.401546372142011,1.6828706232854205,5.718675748856591,5.606477077874851,-0.8764392816056378,0.9656539553372578,0.44347347660151915,6,0.8574597971841991,3,0.19587792915090957,0.19587792915090957,0.0,4.073371736723903,-0.08607464429307742,0.22752137813587536,0.1138319685541247,2,0.11221315797518372,1
rxn002617,14,3.06668963746597,8.5335962843183,5.46690664685233,2.7207153079471027,7.150295906972971,4.4295805990258685,True,-7.105427357601002e-15,0.0,-2.767168289709325,14.85968716550077,1.1943044699488512,-3.9991037808591283,-0.7541232805628735,0.44018118938597794,8.533596284318293,14.85968716550077,7.778000349100946,7.081686816399824,1.1943044699488512,-0.7541232805628735,1.000423712807751,0.9999999999999991,3,1.0,0,0.0635566733655395,7.778,0.22919427301453243,0.0,-0.9204550394071045,-0.6912607663925723,7.150295906972971,7.778,7.778,0.0,0.22919427301453243,-0.9204550394071045,1.0000000000000009,1.0000000000000009,1,1.0,0,0.0,0.0,0.0,3.340366963927197,0.0,0.0,0.0,0,0.0,0,14.85968716550077,7.778000349100946,7.081686816399824,4.534671433876048,-0.7541232805628735,1.000423712807751,0.9999999999999991,3,1.0,0,7.778,7.778,0.0,3.5695612369417296,-0.9204550394071045,1.0000000000000009,1.0000000000000009,1,1.0,0
rxn002133,10,3.6965829233722616,9.139723903875158,5.443140980502896,1.7329449505386947,5.402913167263343,3.669968216724648,True,1.0658141036401503e-14,7.105427357601002e-15,0.32957360928568136,7.801548120692821,1.200945691270988,0.14662929476989736,-0.33897281214422026,0.8619728791267676,9.139723903875169,7.801548120692821,7.778,0.02354812069282178,1.200945691270988,-0.33897281214422026,0.9999999999999996,0.9999999999999996,2,1.0,0,3.2012023646462495,0.0,2.2017108026170984,0.0,0.0,2.2017108026170984,5.40291316726335,0.0,0.0,0.0,2.2017108026170984,0.0,0.0,0.0,0,0.0,0,0.0,0.0,0.0,3.782098770266863,0.0,0.0,0.0,0,0.0,0,7.801548120692821,7.778,0.02354812069282178,4.983044461537851,-0.33897281214422026,0.9999999999999996,0.9999999999999996,2,1.0,0,0.0,0.0,0.0,5.9838095728839615,0.0,0.0,0.0,0,0.0,0
rxn002372,14,3.9405329575292853,9.36393207932214,5.423399121792855,3.7844547917175078,7.890638721890973,4.106183930173465,True,-1.4210854715202004e-14,1.4210854715202004e-14,-1.337361572977784,10.087124555435672,1.8185660384717668,-0.5112585044161997,-0.6931384371913312,1.1254276012804354,9.363932079322126,10.087124555435672,7.649625700949584,2.4374988544860883,1.8185660384717668,-0.6931384371913312,0.8165772329106775,0.9082740089248627,0,0.909157291279973,-1,-0.013671890617665383,7.649625700949584,0.27973292324983223,0.0,-0.02504801169076873,0.2546849115590635,7.890638721890987,7.649625700949584,7.649625700949584,0.0,0.27973292324983223,-0.02504801169076873,0.8165772329106753,0.9082740089248604,-1,0.909157291279973,-1,0.12837429905041595,0.12837429905041595,0.0,3.4171232547350634,-0.05548048834697006,0.18342276708932292,0.09172599107513779,2,0.09084270872002698,1,10.215498854486087,7.778,2.4374988544860883,5.23568929320683,-0.7486189255383012,1.0000000000000004,1.0000000000000004,2,1.0,0,7.778,7.778,0.0,3.6968561779848956,-0.08052850003773879,0.9999999999999982,0.9999999999999982,1,1.0,0
rxn010111,17,4.914203656242535,10.22461481726404,5.310411161021506,2.8219371585782937,3.127118515193871,0.3051813566155772,True,0.0,1.4210854715202004e-14,0.5312378300941134,7.778,4.175887527665756,0.0,-2.260510540495819,1.915376987169937,10.22461481726404,7.778,7.778,0.0,4.175887527665756,-2.260510540495819,0.9999999999999991,0.9999999999999991,1,1.0,0,2.7714163032083263,0.0774485129243588,0.31282740669255205,0.0,-0.034573707631358856,0.27825369906119324,3.127118515193885,0.0774485129243588,0.0774485129243588,0.0,0.31282740669255205,-0.034573707631358856,0.10095184470855445,0.100951844708554,1,0.0997866797263276,1,0.0,0.0,0.0,3.913307072448344,0.0,0.0,0.0,0,0.0,0,7.778,7.778,0.0,8.0891946001141,-2.260510540495819,0.9999999999999991,0.9999999999999991,1,1.0,0,0.0774485129243588,0.0774485129243588,0.0,4.226134479140896,-0.034573707631358856,0.10095184470855445,0.100951844708554,1,0.0997866797263276,1
rxn010600,12,4.016453546937555,9.288490921476388,5.272037374538833,-0.09225390835308644,1.8794324429550784,1.9716863513081648,True,7.105427357601002e-15,-7.105427357601002e-15,6.914172327879442,0.0,2.37396500146685,0.0,0.000353592130104996,2.3743185935969553,9.288490921476395,0.0,0.0,0.0,2.37396500146685,0.000353592130104996,0.005375899774282544,0.005375899774282544,0,0.0,0,5.6314639516707885,0.0,-3.752031508715713,0.0,0.0,-3.752031508715713,1.8794324429550713,0.0,0.0,0.0,-3.752031508715713,0.0,0.0,0.0,0,0.0,0,0.0,0.0,0.0,3.80936528050602,0.0,0.0,0.0,0,0.0,0,0.0,0.0,0.0,6.18333028197287,0.000353592130104996,0.005375899774282544,0.005375899774282544,0,0.0,0,0.0,0.0,0.0,0.05733377179030708,0.0,0.0,0.0,0,0.0,0
rxn010525,14,3.7393747466467175,8.92471840114542,5.185343654498702,1.2896699583598092,0.41042128766401476,-0.8792486706957945,True,0.0,0.0,4.242929892208451,6.6799375977714535,1.9142704306123977,-4.012740607867763,0.10032108842087745,2.0145915190332753,8.92471840114542,6.6799375977714535,-0.05404900064180215,6.733986598413256,1.9142704306123977,0.10032108842087745,-0.11085486838678915,-0.0764394814845355,-1,0.8545251556167721,-1,0.6993199603899996,-0.05404900064180215,-0.33517076050506595,0.0,0.10032108842087745,-0.2348496720841885,0.41042128766401476,-0.05404900064180215,-0.05404900064180215,0.0,-0.33517076050506595,0.10032108842087745,-0.11085486838678915,-0.0764394814845355,-2,-0.07594437131679399,-1,0.05404900064180215,0.05404900064180215,0.0,0.3543982810433992,-0.10032108842087745,0.11085486838678915,0.0764394814845355,2,0.07594437131679399,1,6.733986598413256,0.0,6.733986598413256,2.268668711655797,0.0,0.0,0.0,1,0.9304695269335661,0,0.0,0.0,0.0,0.019227520538333272,0.0,0.0,0.0,0,0.0,0
rxn005856,16,4.863495719612729,10.004219772431775,5.140724052819046,0.8197701567387412,3.872804017635339,3.0530338608965977,True,-7.105427357601002e-15,0.0,-1.0989115752881986,17.828423813737842,3.609176882221089,-9.028050112981603,-1.3064192352573634,2.302757646963726,10.004219772431767,17.828423813737842,4.581333433210595,13.247090380527247,3.609176882221089,-1.3064192352573634,1.1375821923090847,0.6484077427781334,0,1.1627535152961057,1,4.166780152017928,-0.2870030676219971,-0.08518681572407394,0.0,0.07821374896347891,-0.006973066760595031,3.872804017635339,-0.2870030676219971,-0.2870030676219971,0.0,-0.08518681572407394,0.07821374896347891,-0.3051864213827753,-0.10186390989183414,-3,-0.10075448305907564,-1,0.3004241662295546,0.3004241662295546,0.0,0.21859936045442763,-0.08404725944855199,0.3468157550805606,0.143493243589619,4,0.14229386823008383,1,18.128847979967396,4.881757599440149,13.247090380527247,3.8277762426755166,-1.3904664947059153,1.4843979473896454,0.7919009863677524,4,1.3050473835261895,2,0.013421098607557448,0.013421098607557448,0.0,0.1334125447303537,-0.005833510485073081,0.04162933369778532,0.041629333697784876,1,0.04153938517100819,0
rxn002209,9,3.521428642450701,-1.4964115997991527,-5.017840242249854,2.5667866130734183,-2.031315101539697,-4.598101714613115,False,0.0,-3.552713678800501e-15,5.363418283896536,-1.4536400850828382,-7.932946662075552,0.0,2.526756863462704,-5.406189798612847,-1.4964115997991527,-1.4536400850828382,-1.4536400850828382,0.0,-7.932946662075552,2.526756863462704,-1.1259480111116693,-0.4315695508350068,-4,-0.4160100620903493,-3,3.627916035122386,-1.4536400850828382,-6.738389403695609,0.0,2.53279835211636,-4.2055910515792485,-2.0313151015397004,-1.4536400850828382,-1.4536400850828382,0.0,-6.738389403695609,2.53279835211636,-1.1301181748010976,-0.43573971452443505,-4,-0.4160100620903493,-3,1.4536400850828382,1.4536400850828382,0.0,8.950375341229476,-2.53279835211636,1.1301181748010976,0.43573971452443505,4,0.4160100620903493,3,0.0,0.0,0.0,1.0174286791539242,-0.0060414886536562925,0.004170163689428241,0.004170163689428241,0,0.0,0,0.0,0.0,0.0,2.211985937533867,0.0,0.0,0.0,0,0.0,0
rxn003598,16,4.713391274866808,9.701373541222864,4.987982266356056,3.366377317347542,8.505654610840779,5.139277293493237,True,-7.105427357601002e-15,-1.4210854715202004e-14,7.709872226927551,0.12398696473086554,1.6067463339578563,0.2607680156065857,0.0,1.6067463339578563,9.701373541222857,0.12398696473086554,0.0,0.12398696473086554,1.6067463339578563,0.0,0.0,0.0,1,0.12625658687916497,0,6.298976407930148,0.0,2.2066782029106164,0.0,0.0,2.2066782029106164,8.505654610840764,0.0,0.0,0.0,2.2066782029106164,0.0,0.0,0.0,0,0.0,0,0.0,0.0,0.0,3.8088835498800284,0.0,0.0,0.0,0,0.0,0,0.12398696473086554,0.0,0.12398696473086554,5.415629883837885,0.0,0.0,0.0,1,0.12625658687916497,0,0.0,0.0,0.0,6.015561752790645,0.0,0.0,0.0,0,0.0,0
rxn003577,14,2.975343389392947,-1.990790342535071,-4.966133731928018,0.41262633165024454,-3.884568150410999,-4.2971944820612435,False,-7.105427357601002e-15,-7.105427357601002e-15,5.699779390675488,-7.955651972186901,-4.330988192595476,0.0,4.596070431571821,0.265082238976345,-1.9907903425350781,-7.955651972186901,-7.955651972186901,0.0,-4.330988192595476,4.596070431571821,-1.439836599322391,-0.23031761165457132,-3,-0.24308670919354736,0,6.9953973119059185,-10.143399469865669,-6.316261978801476,0.0,5.579695986350224,-0.7365659924512529,-3.884568150411006,-10.143399469865669,-10.143399469865669,0.0,-6.316261978801476,5.579695986350224,-2.0531143618606595,-0.783264447687749,-4,-0.7734392190737944,-2,10.143399469865669,10.143399469865669,0.0,6.447621814828749,-5.579695986350224,2.0531143618606595,0.783264447687749,4,0.7734392190737944,2,2.187747497678767,2.187747497678767,0.0,2.116633622233273,-0.9836255547784027,0.6132777625382686,0.5529468360331777,1,0.5303525098802471,2,0.0,0.0,0.0,0.13135983602727255,0.0,0.0,0.0,0,0.0,0
rxn001097,11,3.045792324140166,-1.9091259909940206,-4.9549183151341865,0.7957873116738483,-2.664099860903697,-3.4598871725775453,False,7.105427357601002e-15,7.105427357601002e-15,0.6374156578859953,-0.6363427375663404,-3.977196001985788,0.0,2.0669970906721185,-1.9101989113136697,-1.9091259909940135,-0.6363427375663404,-0.6363427375663404,0.0,-3.977196001985788,2.0669970906721185,-1.0216780426798504,-0.3006334615166777,-1,-0.2860299937264932,-2,-4.286753806595804,-0.6363427375663404,0.19199959258633914,0.0,2.0669970906721185,2.2589966832584576,-2.66409986090369,-0.6363427375663404,-0.6363427375663404,0.0,0.19199959258633914,2.0669970906721185,-1.0216780426798504,-0.3006334615166777,-1,-0.2860299937264932,-2,0.6363427375663404,0.6363427375663404,0.0,4.683629889484748,-2.0669970906721185,1.0216780426798504,0.3006334615166777,1,0.2860299937264932,2,0.0,0.0,0.0,0.7064338874989597,0.0,0.0,0.0,0,0.0,0,0.0,0.0,0.0,4.875629482071087,0.0,0.0,0.0,0,0.0,0
rxn010316,17,3.0323959382822068,-1.763941608537806,-4.796337546820013,1.669052512230337,-5.007049612356155,-6.676102124586492,False,-7.105427357601002e-15,7.105427357601002e-15,1.3656112850852935,-0.897371302934177,-3.499153401267227,-2.6184447540961164,3.8854165646744203,0.38626316340719313,-1.763941608537813,-0.897371302934177,-6.6525148376701555,5.755143534735979,-3.499153401267227,3.8854165646744203,-1.055078237938519,0.16262432063432586,0,0.24019135013562143,1,6.003543434336265,-10.093314687023886,-6.385928264136391,0.0,5.468649904467863,-0.917278359668528,-5.007049612356148,-10.093314687023886,-10.093314687023886,0.0,-6.385928264136391,5.468649904467863,-2.3248912684686753,-0.6315154675582857,-2,-0.6174954555287977,-2,10.093412117594726,10.093412117594726,0.0,6.530218465244038,-5.474726352987832,2.3298966105112218,0.634018139537686,4,0.6199980971113499,2,9.196040814660549,3.44089727992457,5.755143534735979,3.0310650639768104,-1.589309788313412,1.2748183725727027,0.7966424601720119,4,0.8601894472469713,3,9.743057084003074e-05,9.743057084003074e-05,0.0,0.14429020110764634,-0.0060764485199689845,0.0050053420425464346,0.0025026719794003505,2,0.002502641582552201,0
rxn007149,15,3.4078333581601328,8.153718916903571,4.7458855587434385,2.4717113139067806,8.313802169237768,5.842090855330987,True,7.105427357601002e-15,0.0,4.054583969639111,6.827774901743385,0.8684706734717973,-3.597110627950717,0.0,0.8684706734717973,8.153718916903578,6.827774901743385,0.0,6.827774901743385,0.8684706734717973,0.0,0.0,0.0,1,0.9369267272181969,0,6.083126760474443,0.0,2.230675408763323,0.0,0.0,2.230675408763323,8.313802169237768,0.0,0.0,0.0,2.230675408763323,0.0,0.0,0.0,0,0.0,0,0.0,0.0,0.0,3.8280151053689226,0.0,0.0,0.0,0,0.0,0,6.827774901743385,0.0,6.827774901743385,4.69648577884072,0.0,0.0,0.0,1,0.9369267272181969,0,0.0,0.0,0.0,6.058690514132246,0.0,0.0,0.0,0,0.0,0
rxn000902,7,3.5003947415725634,8.11950955130401,4.619114809731446,2.077726183222694,0.8160068669326179,-1.2617193162900762,True,0.0,-3.552713678800501e-15,-0.31439409745594915,8.83819356566226,2.5132841368636285,0.1620279363274746,-3.079601990093408,-0.5663178532297795,8.11950955130401,8.83819356566226,7.778,1.0601935656622608,2.5132841368636285,-3.079601990093408,1.0000000000000036,1.0000000000000036,2,1.0,1,3.91653218609148,0.0012182982904612792,-3.1011855773469965,0.0,-0.0005580401023308479,-3.1017436174493276,0.8160068669326144,0.0012182982904612792,0.0012182982904612792,0.0,-3.1011855773469965,-0.0005580401023308479,0.012518622842704108,0.012518622842704108,1,0.012515345635543795,0,0.0,0.0,0.0,3.3240855349945884,0.0,0.0,0.0,0,0.0,0,8.83819356566226,7.778,1.0601935656622608,5.837369671858217,-3.079601990093408,1.0000000000000036,1.0000000000000036,2,1.0,1,0.0012182982904612792,0.0012182982904612792,0.0,0.22289995764759174,-0.0005580401023308479,0.012518622842704108,0.012518622842704108,1,0.012515345635543795,0
rxn008209,15,4.360911203584692,-0.25268938026070487,-4.613600583845397,3.8438036523439223,-1.3476029090230384,-5.191406561366961,False,-1.4210854715202004e-14,-7.105427357601002e-15,-0.5578947557314677,-4.329638492740565,2.725041874814737,0.22308416421220256,1.6867178291843743,4.411759703999111,-0.2526893802607191,-4.329638492740565,-4.394283961785994,0.06464546904542745,2.725041874814737,1.6867178291843743,-0.637995094308669,0.03693709863640349,1,0.042553267759106284,1,-1.282301693599436,-3.3854038449290123,2.765784836069523,0.0,0.5543177934358896,3.3201026295054126,-1.3476029090230455,-3.3854038449290123,-3.385403844929014,0.0,2.765784836069523,0.5543177934358896,0.10552715320657846,-0.050693918997945175,0,-0.048469557247415196,1,12.170194512455776,12.170194512455778,0.0,6.858634540590623,-5.874334090927961,2.249626112014237,0.9111316598633934,5,0.9022918157631921,3,7.840556019715211,7.775910550669784,0.06464546904542745,9.58367641540536,-4.187616261743587,1.6116310177055682,0.9480687584997969,6,0.9448450835222983,4,8.784790667526764,8.784790667526764,0.0,9.624419376660146,-5.320016297492072,2.3551532652208156,0.8604377408654482,5,0.8538222585157769,4
rxn004864,14,4.218727381119606,8.692313310005275,4.473585928885669,1.0458497497256758,5.779152646114568,4.733302896388892,True,-7.105427357601002e-15,0.0,4.004401110690253,4.365934668946244,0.32398144448705624,0.0,-0.0020039141182843024,0.3219775303687719,8.692313310005268,4.365934668946244,4.365934668946244,0.0,0.32398144448705624,-0.0020039141182843024,0.76905130022707,0.769049212099604,1,0.7492118657407993,1,5.771148439482268,0.0,0.008004206632300608,0.0,0.0,0.008004206632300608,5.779152646114568,0.0,0.0,0.0,0.008004206632300608,0.0,0.0,0.0,0,0.0,0,0.0,0.0,0.0,0.0584822505887301,0.0,0.0,0.0,0,0.0,0,4.365934668946244,4.365934668946244,0.0,0.3824636950757863,-0.0020039141182843024,0.76905130022707,0.769049212099604,1,0.7492118657407993,1,0.0,0.0,0.0,0.0664864572210307,0.0,0.0,0.0,0,0.0,0
rxn000025,16,4.219135949198062,8.644561927841437,4.425425978643375,1.8771555015418926,6.430223612398144,4.553068110856252,True,0.0,0.0,6.162266894909166,1.4178186207156864,0.7436960579921117,0.3176170483288545,0.003163305895616756,0.7468593638877283,8.644561927841437,1.4178186207156864,-0.008563241626645032,1.4263818623423314,0.7436960579921117,0.003163305895616756,-0.0606262126838617,-0.01400890979905789,-1,0.39307522087419633,0,6.429994024481452,-0.008738448779581173,0.005416315619951068,0.0,0.0035517210763213736,0.008968036696272441,6.430223612398144,-0.008738448779581173,-0.008738448779581173,0.0,0.005416315619951068,0.0035517210763213736,-0.0710325620476926,-0.01873165603005944,-5,-0.018719859126441918,0,0.008738448779581173,0.008738448779581173,0.0,0.12747058563485486,-0.0035517210763213736,0.0710325620476926,0.01873165603005944,5,0.018719859126441918,0,1.4265570694952676,0.00017520715293614186,1.4263818623423314,0.8711666436269665,-0.00038841518070461753,0.010406349363830891,0.004722746231001551,4,0.41179508000063825,0,0.0,0.0,0.0,0.13288690125480593,0.0,0.0,0.0,0,0.0,0
rxn010376,13,4.071031092353223,-0.3073154978651047,-4.378346590218328,2.933592622053766,-4.076142867866878,-7.009735489920644,False,0.0,0.0,1.2388036255580133,1.3473006099504765,-3.7923403742062805,-3.1036775452248193,4.002598186057509,0.21025781185122838,-0.3073154978651047,1.3473006099504765,-5.127172093617199,6.474472703567676,-3.7923403742062805,4.002598186057509,-0.9696710640792743,-0.07209884469715577,-1,0.13540918183694495,0,5.417394317753683,-9.225359238746396,-5.3322777519527165,0.0,5.064099805078556,-0.26817794687415963,-4.076142867866878,-9.225359238746396,-9.225359238746398,0.0,-5.3322777519527165,5.064099805078556,-1.7702837897500254,-0.5745774109896633,-3,-0.5695469253434347,-1,9.559994563652332,9.559994563652333,0.0,9.431768509785234,-5.2120967947509165,1.9861292358369513,0.7881428690469892,5,0.7769550116990871,2,10.907295173602808,4.432822470035134,6.474472703567676,5.639428135578954,-1.2094986086934076,1.016458171757677,0.7160440243498334,4,0.912364193536032,2,0.33463532490593556,0.33463532490593556,0.0,4.099490757832518,-0.14799698967235972,0.2158454460869259,0.21356545805732585,2,0.20740808635565244,1
rxn000746,11,4.247400424255829,8.59612489666241,4.34872447240658,2.460235099516467,9.077897637757161,6.617662538240694,True,7.105427357601002e-15,0.0,7.198053574831654,0.0,1.5764155479619235,0.0,-0.17834422613116105,1.3980713218307625,8.596124896662417,0.0,0.0,0.0,1.5764155479619235,-0.17834422613116105,0.3068823256818778,0.3068823256818778,0,0.0,0,4.04469041757271,0.0,5.0332072201844476,0.0,0.0,5.0332072201844476,9.077897637757161,0.0,0.0,0.0,5.0332072201844476,0.0,0.0,0.0,0,0.0,0,0.0,0.0,0.0,0.04414285935682645,0.0,0.0,0.0,0,0.0,0,0.0,0.0,0.0,1.62055840731875,-0.17834422613116105,0.3068823256818778,0.3068823256818778,0,0.0,0,0.0,0.0,0.0,5.077350079541274,0.0,0.0,0.0,0,0.0,0
rxn008404,19,4.023372439178274,-0.3184924938161231,-4.3418649329943975,0.020816217951505678,-4.6656476395230015,-4.686463857474507,False,2.842170943040401e-14,0.0,2.190392987894839,-0.4450532890251804,-2.106820450860699,-2.5829128914172674,2.6259011495921967,0.5190806987314978,-0.3184924938160947,-0.4450532890251804,-6.071106360322296,5.626053071297117,-2.106820450860699,2.6259011495921967,-0.5562999087762055,-0.27518155662498023,1,0.1454204085656754,0,7.1286375746837365,-10.791115868592076,-6.363020684982923,0.0,5.359851339368255,-1.0031693456146678,-4.6656476395230015,-10.791115868592076,-10.791115868592074,0.0,-6.363020684982923,5.359851339368255,-2.4816110079504363,-0.7190460118442803,-5,-0.7050671069523862,-3,10.791115868592076,10.791115868592074,0.0,6.430253825544304,-5.359851339368255,2.4816110079504363,0.7190460118442803,5,0.7050671069523862,3,10.346062579566896,4.720009508269778,5.626053071297117,4.323433374683605,-2.7339501897760585,1.9253110991742308,0.44386445521930007,6,0.8504875155180616,3,0.0,0.0,0.0,0.06723314056138062,0.0,0.0,0.0,0,0.0,0
rxn008398,19,3.1616258020931127,-1.0814828332180042,-4.243108635311117,1.660454418952213,-5.3764161240140425,-7.0368705429662555,False,0.0,0.0,0.8441348689260622,0.47156938350271105,-2.605451285967173,-2.961477424329485,3.169741624649876,0.564290338682703,-1.0814828332180042,0.47156938350271105,-5.819018395333614,6.290587778836327,-2.605451285967173,3.169741624649876,-0.7860557867268398,0.15453493426594145,0,0.19424749298333022,1,5.982967053875086,-10.698911705932248,-5.97963370554774,0.0,5.319162233590858,-0.6604714719568816,-5.3764161240140425,-10.698911705932248,-10.698911705932247,0.0,-5.97963370554774,5.319162233590858,-2.371348351363019,-0.6087833552568629,-4,-0.596188816123064,-2,10.791115868592076,10.791115868592074,0.0,6.430253825544304,-5.359851339368255,2.4816110079504363,0.7190460118442803,5,0.7050671069523862,3,11.262685252094787,4.972097473258461,6.290587778836327,3.8248025395771306,-2.1901097147183792,1.6955552212235965,0.8735809461102217,5,0.8993145999357164,4,0.09220416265982674,0.09220416265982674,0.0,0.45062011999656393,-0.040689105777397136,0.11026265658741741,0.11026265658741741,1,0.10887829082932221,1
rxn007809,15,3.7404219931722764,7.948056114028056,4.207634120855779,0.9765562458123895,-12.808969350421087,-13.785525596233477,True,7.105427357601002e-15,7.105427357601002e-15,-0.6099456111386132,12.821637096578707,0.7804492236705443,-3.8767151813176017,-1.1673694137649702,-0.38692019009442546,7.948056114028063,12.821637096578707,6.110209078253533,6.711428018325171,0.7804492236705443,-1.1673694137649702,1.1590310148823215,0.43415746275506506,1,0.280148692199377,-1,-0.7897742068445837,-6.754215854856186,-9.188456484613509,0.0,3.9234771958932,-5.264979288720308,-12.80896935042108,-6.754215854856186,-6.754215854856186,0.0,-9.188456484613509,3.9234771958932,-1.4381631297874635,-0.8502031452616836,-3,-0.8421404283468696,-3,6.754215854856186,6.754215854856186,0.0,9.216097829074679,-3.9234771958932,1.4381631297874635,0.8502031452616836,3,0.8421404283468696,3,19.575852951434893,12.864424933109719,6.711428018325171,9.996547052745223,-5.09084660965817,2.597194144669785,1.2843606080167487,4,1.1222891205462466,2,0.0,0.0,0.0,0.027641344461169975,0.0,0.0,0.0,0,0.0,0
rxn000354,8,3.7413549518769287,-0.3831098468445866,-4.124464798721515,3.483341822962757,-3.9471932102843965,-7.430535033247153,False,-3.552713678800501e-15,-3.552713678800501e-15,-2.081410213266988,2.5092325562518702,-0.6190479572971288,-2.031117896441047,1.8392336639087046,1.2201857066115758,-0.38310984684459015,2.5092325562518702,-2.140383926353755,4.649616482605625,-0.6190479572971288,1.8392336639087046,-0.5784183225225554,-0.36940218792022783,2,0.03724460784285366,2,0.19598163915402012,-3.246993504163273,-3.4275655735139323,0.0,2.531384228238792,-0.8961813452751404,-3.9471932102844,-3.246993504163273,-3.246993504163273,0.0,-3.4275655735139323,2.531384228238792,-1.0019014618710007,-0.4692192072390351,1,-0.45764846913370416,1,4.212449222178254,4.212449222178254,0.0,6.158671668025599,-3.7069677628351676,1.8082279235463772,0.7513437825748199,1,0.7359246839309757,2,6.721681778430124,2.072065295824499,4.649616482605625,5.5396237107284705,-1.867734098926463,1.2298096010238218,0.3819415946545921,3,0.7731692917738293,4,0.9654557180149806,0.9654557180149806,0.0,2.731106094511667,-1.1755835345963757,0.8063264616753765,0.28212457533578483,2,0.2782762147972715,3
rxn011881,15,2.920260885004609,6.9664748081735794,4.04621392316897,0.6323437338214717,0.6052447430480257,-0.02709899077344602,True,-1.4210854715202004e-14,-2.1316282072803006e-14,-0.8154041671524865,7.328516717418781,2.6198811508233213,0.0,-2.1665188929160495,0.4533622579072718,6.966474808173565,7.328516717418781,7.328516717418781,0.0,2.6198811508233213,-2.1665188929160495,1.0461153201130986,0.36076906377159634,1,0.45103885567613045,0,0.31169552158292646,1.526388252944212,-2.005681898028362,0.0,0.7728428665492286,-1.2328390314791333,0.6052447430480044,1.526388252944212,1.526388252944212,0.0,-2.005681898028362,0.7728428665492286,-0.29112736950919116,0.04491734968587391,0,0.20092356260339805,-1,1.0180799895990504,1.0180799895990504,0.0,8.428421929748833,-3.8497495566002096,1.4639232978575292,0.539667141715725,2,0.34344421196345376,2,8.34659670701783,8.34659670701783,0.0,11.048303080572154,-6.016268449516259,2.5100386179706278,0.9004362054873214,3,0.7944830676395842,2,2.5444682425432625,2.5444682425432625,0.0,6.422740031720471,-3.076906690050981,1.172795928348338,0.584584491401599,2,0.5443677745668518,1
rxn009321,14,4.655873185420205,8.647314421244012,3.9914412358238067,3.0764320729413157,11.23551522223999,8.159083149298674,True,-7.105427357601002e-15,0.0,7.4663781625565875,0.0,1.232417798174131,0.0,-0.051481539486711414,1.18093625868742,8.647314421244005,0.0,0.0,0.0,1.232417798174131,-0.051481539486711414,0.13807722168459335,0.13807722168459335,0,0.0,1,4.843357602714441,0.0,6.392157619525551,0.0,0.0,6.392157619525551,11.23551522223999,0.0,0.0,0.0,6.392157619525551,0.0,0.0,0.0,0,0.0,0,0.0,0.0,0.0,3.3577307716687033,0.0,0.0,0.0,0,0.0,0,0.0,0.0,0.0,4.590148569842834,-0.051481539486711414,0.13807722168459335,0.13807722168459335,0,0.0,1,0.0,0.0,0.0,9.749888391194254,0.0,0.0,0.0,0,0.0,0
rxn009314,14,3.5967236883498117,7.536328498642526,3.939604810292714,2.9256397433982784,6.872779938703772,3.9471401953054936,True,-7.105427357601002e-15,0.0,5.679551497160432,0.721705402366875,0.969524026299931,0.16554757281528787,0.0,0.969524026299931,7.5363284986425185,0.721705402366875,0.0,0.721705402366875,0.969524026299931,0.0,-4.440892098500626e-16,0.0,1,0.30461129904038287,0,5.664292981365769,0.0,1.2084869573380042,0.0,0.0,1.2084869573380042,6.872779938703772,0.0,0.0,0.0,1.2084869573380042,0.0,0.0,0.0,0,0.0,0,0.0,0.0,0.0,3.3577307716687033,0.0,0.0,0.0,0,0.0,0,0.721705402366875,0.0,0.721705402366875,4.327254797968634,0.0,-4.440892098500626e-16,0.0,1,0.30461129904038287,0,0.0,0.0,0.0,4.566217729006707,0.0,0.0,0.0,0,0.0,0
rxn001352,15,3.310783875645029,7.134226097738825,3.823442222093796,1.695396617172264,2.683308433222251,0.9879118160499871,True,0.0,-7.105427357601002e-15,-1.0525988589310415,7.7350585734522745,4.080480965087055,-3.5780405270526225,-0.05067405481683965,4.029806910270215,7.134226097738825,7.7350585734522745,0.0027944471781820857,7.732264126274092,4.080480965087055,-0.05067405481683965,0.022369882713753064,-0.0017653558182990636,2,0.9711479281598556,0,2.041176266602868,0.6769564679462946,0.7394740854606129,0.0,-0.7742983867875348,-0.034824301326921936,2.683308433222244,0.6769564679462946,0.6769564679462946,0.0,0.7394740854606129,-0.7742983867875348,0.40026588091124404,0.18761619625641046,1,0.183503397582927,1,0.00522064594434163,0.00522064594434163,0.0,0.381522752878244,-0.040767139476887926,0.02592076041964697,0.02592076041964697,1,0.02590765774427517,0,7.740279219396617,0.008015093122523716,7.732264126274092,4.462003717965299,-0.09144119429372757,0.048290643133400035,0.024155404601347907,3,0.9970555859041308,0,0.6821771138906363,0.6821771138906363,0.0,1.1209968383388569,-0.8150655262644227,0.426186641330891,0.21353695667605743,2,0.20941105532720217,1
rxn010580,17,4.563444724189139,8.365746941961078,3.8023022177719383,-0.24229997106976953,4.935412432532573,5.177712403602342,True,2.1316282072803006e-14,1.4210854715202004e-14,2.756135048391158,3.0730425615858903,3.7178424437988467,0.0,-1.181273111814806,2.5365693319840403,8.365746941961099,3.0730425615858903,3.0730425615858903,0.0,3.7178424437988467,-1.181273111814806,0.6416021721361171,0.6416021721361171,1,0.6285651786399313,1,3.863008844196557,0.0,1.0724035883360283,0.0,0.0,1.0724035883360283,4.935412432532587,0.0,0.0,0.0,1.0724035883360283,0.0,0.0,0.0,0,0.0,0,0.0,0.0,0.0,3.864204276517646,0.0,0.0,0.0,0,0.0,0,3.0730425615858903,3.0730425615858903,0.0,7.582046720316493,-1.181273111814806,0.6416021721361171,0.6416021721361171,1,0.6285651786399313,1,0.0,0.0,0.0,4.936607864853674,0.0,0.0,0.0,0,0.0,0
rxn005187,18,4.326483360428938,8.12236528048367,3.7958819200547325,3.9413730709829906,7.6715677705709595,3.730194699587969,True,-1.4210854715202004e-14,-1.4210854715202004e-14,-1.6676034335916086,10.05272041542543,5.302955792860838,-3.4434175914934704,-2.1222899027175295,3.1806658901433087,8.122365280483656,10.05272041542543,2.2747204154254312,7.778,5.302955792860838,-2.1222899027175295,0.5120224494592258,0.26621247322026464,2,0.41567755169069365,1,2.1514940128227806,1.7059752910900308,4.956293973478696,0.0,-1.1421955068205527,3.8140984666581437,7.671567770570945,1.7059752910900308,1.7059752910900308,0.0,4.956293973478696,-1.1421955068205527,-0.2929450001158873,0.40110796626930423,-1,0.41567755169069365,-1,9.858511950704862,9.858511950704862,0.0,6.614361355927685,-5.489629904718615,2.3120638878317665,0.598892033730694,4,0.5843224483093064,2,19.911232366130292,12.133232366130294,7.778,11.917317148788523,-7.611919807436144,2.8240863372909923,0.8651045069509586,6,1.0,3,11.564487241794893,11.564487241794893,0.0,11.570655329406382,-6.631825411539167,2.019118887715879,0.9999999999999982,3,1.0,1
rxn003494,12,5.435476032596853,1.671351674742155,-3.7641243578546977,4.0652246233530605,-1.6010495724724692,-5.66627419582553,True,7.105427357601002e-15,1.4210854715202004e-14,2.297471932451245,-1.7506978795774435,-1.3798963474222363,0.0,2.504473969290596,1.1245776218683603,1.6713516747421622,-1.7506978795774435,-1.7506978795774444,0.0,-1.3798963474222363,2.504473969290596,-0.7209658978350184,0.1227702169444096,-1,0.11028241963295482,-1,3.327948998631001,-6.22022230712068,-2.0379145468739717,0.0,3.329138282891192,1.2912237360172205,-1.601049572472455,-6.22022230712068,-6.220222307120681,0.0,-2.0379145468739717,3.329138282891192,-1.5698812798658217,-0.656920917023343,-3,-0.6446712716865326,-2,6.22022230712068,6.220222307120681,0.0,6.9619614181728675,-3.329138282891192,1.5698812798658217,0.656920917023343,3,0.6446712716865326,2,4.469524427543236,4.469524427543236,0.0,5.582065070750631,-0.8246643136005958,0.8489153820308033,0.7796911339677526,2,0.7549536913194874,1,0.0,0.0,0.0,4.924046871298896,0.0,0.0,0.0,0,0.0,0
rxn011835,13,1.8966023581833724,5.538786560038474,3.642184201855102,0.30861285946230055,4.4981497397403984,4.189536880278098,True,0.0,-7.105427357601002e-15,3.4406269728578067,1.1131411734925751,0.9272123569019198,0.05780605678617068,0.0,0.9272123569019198,5.538786560038474,1.1131411734925751,0.0,1.1131411734925751,0.9272123569019198,0.0,0.0,0.0,1,0.3783041922903043,0,4.496663861483633,0.0,0.0014858782567538503,0.0,0.0,0.0014858782567538503,4.498149739740391,0.0,0.0,0.0,0.0014858782567538503,0.0,0.0,0.0,0,0.0,0,0.0,0.0,0.0,0.04760587005867646,0.0,0.0,0.0,0,0.0,0,1.1131411734925751,0.0,1.1131411734925751,0.9748182269605963,0.0,0.0,0.0,1,0.3783041922903043,0,0.0,0.0,0.0,0.04909174831543031,0.0,0.0,0.0,0,0.0,0
rxn007684,15,5.11758660475607,1.5128969068241744,-3.604689697931896,3.219689047173233,0.2546180787367973,-2.965070968436436,True,0.0,7.105427357601002e-15,5.813776443688354,-6.016183224252167,-2.301400297606934,1.9969446409531e-06,4.0167019880502846,1.7153016904433507,1.5128969068241744,-6.016183224252167,-6.016183224256081,3.914895987379798e-12,-2.301400297606934,4.0167019880502846,-1.2269928004956885,0.033484455087513076,0,0.03406882580254056,0,10.893241019643817,-9.710679886565428,-6.859716012222066,0.0,5.931772957880486,-0.9279430543415805,0.2546180787368044,-9.710679886565428,-9.710679886565428,0.0,-6.859716012222066,5.931772957880486,-2.290723457619863,-0.606268200233079,-4,-0.5913138495318417,-2,9.710679886565428,9.710679886565428,0.0,10.594243775003147,-5.931772957880486,2.290723457619863,0.606268200233079,4,0.5913138495318417,2,3.6944966623132616,3.694496662309347,3.914895987379798e-12,8.292843477396213,-1.9150709698302013,1.0637306571241747,0.6397526553205921,4,0.6253826753343823,2,0.0,0.0,0.0,3.7345277627810805,0.0,0.0,0.0,0,0.0,0
rxn004483,16,4.322018739307168,7.8983315371238945,3.576312797816726,0.7015896096472716,3.7391370627085507,3.037547453061279,True,0.0,-7.105427357601002e-15,4.000694980617197,4.692883675798343,1.1868110291557978,-1.987384786972335,0.00532663852488828,1.192137667680686,7.8983315371238945,4.692883675798343,-0.000710957976748202,4.693594633775091,1.1868110291557978,0.00532663852488828,0.050896366886501454,0.058702219456292504,-2,0.7690115351626576,1,7.510409926562325,-0.000710957976748202,-3.770795102446073,0.0,0.0002331965690414578,-3.7705619058770314,3.7391370627085436,-0.000710957976748202,-0.000710957976748202,0.0,-3.770795102446073,0.0002331965690414578,-0.015611718338904623,-0.0078058657691135735,-3,-0.0078056414729115176,0,0.000710957976748202,0.000710957976748202,0.0,3.8928764376852762,-0.0002331965690414578,0.015611718338904623,0.0078058657691135735,3,0.0078056414729115176,0,4.693594633775091,0.0,4.693594633775091,5.079687466841074,0.0050934419558468225,0.06650808522540608,0.06650808522540608,1,0.7768171766355692,1,0.0,0.0,0.0,0.12208133523920318,0.0,0.0,0.0,0,0.0,0
rxn002413,11,3.3419907859242812,-0.08866700736950861,-3.43065779329379,2.5328578866055977,-7.935451194590939,-10.468309081196537,False,7.105427357601002e-15,7.105427357601002e-15,-0.5209615183540208,2.64639848585,-3.109380195286631,-3.5922854653556255,4.487561685776774,1.3781814904901433,-0.0886670073695015,2.64639848585,-4.937434916499539,7.58383340234954,-3.109380195286631,4.487561685776774,-0.5134552099984386,0.05527845725517189,1,0.11802090913457719,-1,5.480007938197879,-12.559792562129328,-8.082914621458281,0.0,7.227248050798799,-0.8556665706594817,-7.935451194590932,-12.559792562129328,-12.559792562129328,0.0,-8.082914621458281,7.227248050798799,-2.225751009605867,-0.8752879170388823,-4,-0.8694184238899387,-2,12.559792562129328,12.559792562129328,0.0,12.179293527704813,-7.227248050798799,2.225751009605867,0.8752879170388823,4,0.8694184238899387,2,15.206191047979328,7.622357645629789,7.58383340234954,9.069913332418182,-2.739686365022025,1.7122957996074284,0.9305663742940542,5,0.9874393330245159,1,0.0,0.0,0.0,4.096378906246532,0.0,0.0,0.0,0,0.0,0
rxn000445,10,3.298823040069692,-0.09592855746041096,-3.394751597530103,1.0736912074571592,-1.6076160838280202,-2.6813072912851794,False,0.0,-7.105427357601002e-15,1.0627505818593832,-1.311358910705144,-0.8151941759931622,0.001440931621624121,0.9664330157568903,0.1512388397637281,-0.09592855746041096,-1.311358910705144,-1.311360747915804,1.8372106598816274e-06,-0.8151941759931622,0.9664330157568903,-0.2584771727609798,-0.14490468128741885,2,-0.1494480644010654,0,0.5343335889782423,-0.534368840284114,-3.6200966032530326,0.0,2.012515770730877,-1.6075808325221557,-1.6076160838280273,-0.534368840284114,-0.534368840284114,0.0,-3.6200966032530326,2.012515770730877,-0.531735618744023,-0.23553229044590163,1,-0.23222470075130275,1,4.3132243301926385,4.3132243301926385,0.0,6.094862385230418,-3.467268373379409,1.6253980749299144,0.7654278183418843,1,0.7446754795459953,2,3.0018654194874945,3.0018635822768345,1.8372106598816274e-06,5.279668209237256,-2.5008353576225186,1.3669209021689346,0.6205231370544655,3,0.5952274151449299,2,3.7788554899085245,3.7788554899085245,0.0,2.4747657819773856,-1.454752602648532,1.0936624561858914,0.5298955278959827,2,0.5124507787946926,3
rxn007795,14,3.9096224853674357,0.5548694549746713,-3.3547530303927644,0.1948353214720555,-1.4878751249708415,-1.682710446442897,True,-1.4210854715202004e-14,-1.4210854715202004e-14,0.151012449256946,-0.2941611355626097,0.4205182860186303,0.0,0.27749985526169185,0.6980181412803221,0.5548694549746571,-0.2941611355626097,-0.2941611355626097,0.0,0.4205182860186303,0.27749985526169185,-0.2645599502669187,-0.08516914909103157,1,-0.09988944427318547,-1,-0.6318909574378182,-0.36468995709922747,-0.9651684660657405,0.0,0.47387425563192986,-0.4912942104338106,-1.4878751249708557,-0.36468995709922747,-0.36468995709922747,0.0,-0.9651684660657405,0.47387425563192986,-0.43545811969278336,-0.170042087502289,1,-0.16556227242230648,-2,0.3809418273757153,0.3809418273757153,0.0,1.5440671470181324,-0.532187369014268,0.5386942141520175,0.2024920109674362,2,0.19796597158485696,2,0.0867806918131056,0.0867806918131056,0.0,1.9645854330367627,-0.25468751375257614,0.27413426388509876,0.11732286187640462,3,0.09807652731167149,1,0.01625187027648783,0.01625187027648783,0.0,0.5788986809523919,-0.058313113382338105,0.1032360944592341,0.03244992346514719,3,0.03240369916255048,0
rxn005587,17,5.000510078026309,8.346513799087646,3.3460037210613365,0.8700960808791933,3.6857010763038147,2.8156049954246214,True,0.0,0.0,-1.8485331538072813,19.688651951589737,3.616950148270407,-12.087564340771957,-1.0229908061932629,2.5939593420771443,8.346513799087646,19.688651951589737,2.2045272162737493,17.484124735315987,3.616950148270407,-1.0229908061932629,1.0964985373999778,0.5525710942854922,3,1.4992980587523803,1,3.6791634205673063,0.0,0.006537655736497415,0.0,0.0,0.006537655736497415,3.6857010763038147,0.0,0.0,0.0,0.006537655736497415,0.0,0.0,0.0,0,0.0,0,0.0,0.0,0.0,0.029532188314693883,0.0,0.0,0.0,0,0.0,0,19.688651951589737,2.2045272162737493,17.484124735315987,3.646482336585101,-1.0229908061932629,1.0964985373999778,0.5525710942854922,3,1.4992980587523803,1,0.0,0.0,0.0,0.0360698440511913,0.0,0.0,0.0,0,0.0,0
rxn006268,12,3.485052099404129,6.816116511122722,3.331064411718593,1.9456198255356867,3.3587945082533253,1.4131746827176386,True,-1.4210854715202004e-14,-7.105427357601002e-15,-1.213921321123152,7.843762112813099,4.11939472140111,-3.6367467347639097,-0.29637226720443605,3.823022454196674,6.816116511122708,7.843762112813099,0.1295295769069989,7.7142325359061,4.11939472140111,-0.29637226720443605,0.13456189625892212,0.025182129904602002,2,0.898551656716553,0,1.8964458439001106,1.712933041107263,0.9207029154095769,0.0,-1.17128729216363,-0.2505843767540532,3.358794508253318,1.712933041107263,1.712933041107263,0.0,0.9207029154095769,-1.17128729216363,0.5257550615792859,0.2538381634175704,1,0.24815153181988903,-1,0.14660879895245887,0.14660879895245887,0.0,4.52440387434157,-0.2765987016043924,0.19552019586687153,0.09785447991358631,2,0.09734068700650456,2,7.990370911765558,0.2761383758594578,7.7142325359061,8.64379859574268,-0.5729709688088285,0.33008209212579365,0.12303660981818831,4,0.9958923437230576,2,1.859541840059722,1.859541840059722,0.0,5.445106789751147,-1.4478859937680224,0.7212752574461574,0.3516926433311567,3,0.3454922188263936,1
rxn003319,8,3.6676365282537517,6.976363636437448,3.308727108183696,2.2008349463803825,2.3752222202731303,0.17438727389274788,True,0.0,7.105427357601002e-15,-1.1162500334496528,7.778,3.7797380319597114,-3.4651243620726095,0.0,3.7797380319597114,6.976363636437448,7.778,0.0,7.778,3.7797380319597114,0.0,0.0,0.0,1,1.0,0,2.300773407850805,0.001423996785803352,0.0962474980363255,0.0,-0.023222682399800534,0.07302481563652496,2.3752222202731375,0.001423996785803352,0.001423996785803352,0.0,0.0962474980363255,-0.023222682399800534,0.01913847765198451,0.009569278533354542,2,0.009567655673484499,0,0.0,0.0,0.0,0.02267695599672112,0.0,0.0,0.0,0,0.0,0,7.778,0.0,7.778,3.8024149879564324,0.0,0.0,0.0,1,1.0,0,0.001423996785803352,0.001423996785803352,0.0,0.11892445403304662,-0.023222682399800534,0.01913847765198451,0.009569278533354542,2,0.009567655673484499,0
rxn000036,16,5.674238123448049,8.895323229727872,3.2210851062798227,1.0307609081582996,3.8218093714992563,2.7910484633409567,True,-7.105427357601002e-15,0.0,2.5872629074536206,4.935682064437926,2.3024796905027363,0.052053384298447115,-0.9821548169648655,1.320324873537871,8.895323229727865,4.935682064437926,4.933067769560715,0.0026142948772110617,2.3024796905027363,-0.9821548169648655,0.7664237634462499,0.7935641847861747,-3,0.7783729410919369,2,0.0759551790245041,-0.008738448779581173,3.7510409201780126,0.0,0.0035517210763213736,3.7545926412543342,3.8218093714992563,-0.008738448779581173,-0.008738448779581173,0.0,3.7510409201780126,0.0035517210763213736,-0.0710325620476926,-0.01873165603005944,-5,-0.018719859126441918,0,0.008738448779581173,0.008738448779581173,0.0,0.12747058563485486,-0.0035517210763213736,0.0710325620476926,0.01873165603005944,5,0.018719859126441918,0,4.944420513217507,4.941806218340296,0.0026142948772110617,2.4299502761375913,-0.9857065380411869,0.8374563254939424,0.8122958408162342,2,0.7970928002183788,2,0.0,0.0,0.0,3.8785115058128676,0.0,0.0,0.0,0,0.0,0
rxn001178,14,2.317946937710076,5.529518264508695,3.2115713267986195,0.7253765082423342,3.545496507883172,2.8201199996408377,True,-7.105427357601002e-15,-7.105427357601002e-15,2.3958503092796946,6.47194910484014,0.6575984718412311,-3.517009952059592,-0.4788696693927814,0.1787288024484497,5.529518264508688,6.47194910484014,-0.10588840593251961,6.577837510772659,0.6575984718412311,-0.4788696693927814,0.15155448278064654,0.04646242888717289,0,0.790937382155877,-1,3.5984501932741466,-0.007721979860626504,-0.01799206806730269,0.0,-0.027239637463052246,-0.04523170553035494,3.545496507883165,-0.007721979860626504,-0.007721979860626504,0.0,-0.01799206806730269,-0.027239637463052246,-0.05110213065818647,0.0102948766506199,-1,0.010253380464503081,-1,0.15785866830698095,0.15785866830698095,0.0,0.8243254930827641,-0.32430478033724286,0.19117093906064864,0.12977393175184226,2,0.12868090978725455,2,6.629807773147121,0.05197026237446133,6.577837510772659,1.4819239649239953,-0.8031744497300243,0.3427254218412952,0.17623636063901515,2,0.9196182919431315,1,0.15013668844635444,0.15013668844635444,0.0,0.8063334250154615,-0.3515444178002951,0.14006880840246216,0.14006880840246216,1,0.13893429025175763,1
rxn000389,14,4.938821193285548,8.145636625066686,3.2068154317811377,1.2220864587743563,5.745495988773456,4.5234095299991,True,1.4210854715202004e-14,0.0,1.5554987384011625,6.274598542149451,0.3192833746363092,0.0,-0.0037440301202263764,0.3155393445160828,8.1456366250667,6.274598542149451,6.274598542149451,0.0,0.3192833746363092,-0.0037440301202263764,0.9167834027464004,0.9073801955873821,1,0.8981709466405783,1,5.736154234390824,0.0,0.009341754382630463,0.0,0.0,0.009341754382630463,5.745495988773456,0.0,0.0,0.0,0.009341754382630463,0.0,0.0,0.0,0,0.0,0,0.0,0.0,0.0,0.04643690074243517,0.0,0.0,0.0,0,0.0,0,6.274598542149451,6.274598542149451,0.0,0.36572027537874435,-0.0037440301202263764,0.9167834027464004,0.9073801955873821,1,0.8981709466405783,1,0.0,0.0,0.0,0.055778655125065635,0.0,0.0,0.0,0,0.0,0
rxn002775,7,5.348574021597415,2.160697417064327,-3.1878766045330877,4.970569381576752,-2.1566838215153226,-7.127253203092074,True,0.0,3.552713678800501e-15,7.328263747168041,-0.964144988820519,-8.739452077431656,0.0,4.5360307361484615,-4.203421341283194,2.160697417064327,-0.964144988820519,-0.9641449888205189,0.0,-8.739452077431656,4.5360307361484615,-1.649805930237568,-0.4626737488482866,-3,-0.30844696579528463,-2,2.3183423073508607,-0.964144988820519,-8.046911876194121,0.0,4.5360307361484615,-3.510881140045659,-2.156683821515319,-0.964144988820519,-0.9641449888205189,0.0,-8.046911876194121,4.5360307361484615,-1.6498059302375685,-0.46267374884828705,-3,-0.30844696579528463,-2,0.964144988820519,0.9641449888205189,0.0,9.565758894405784,-4.5360307361484615,1.6498059302375685,0.46267374884828705,3,0.30844696579528463,2,0.0,0.0,0.0,0.8263068169741282,0.0,4.440892098500626e-16,4.440892098500626e-16,0,0.0,0,0.0,0.0,0.0,1.5188470182116631,0.0,0.0,0.0,0,0.0,0
rxn011450,11,2.1673829416304216,-1.019566226273973,-3.1869491679043946,0.08069281892676372,0.6088722997376124,0.5281794808108486,False,0.0,1.4210854715202004e-14,-2.857025136585918,3.8978423397728204,-1.321725138769013,-3.8413023905087984,3.102644099816942,1.780918961047929,-1.019566226273973,3.8978423397728204,-3.88015766022718,7.778,-1.321725138769013,3.102644099816942,-0.7173789639851575,-0.4754165846346141,1,0.29899159582902124,-1,-0.09250293737766668,0.9413981758612966,0.15720829586286378,0.0,-0.397231234608868,-0.24002293874600422,0.6088722997376266,0.9413981758612966,0.9413981758612966,0.0,0.15720829586286378,-0.397231234608868,0.06494903095720694,0.06360583271799847,0,0.06496727440518235,0,4.571459714035207,4.571459714035207,0.0,10.151058970214171,-4.586120135707889,1.6029995144695683,0.7227901709583473,3,0.7010084041709788,3,8.469302053808027,0.6913020538080269,7.778,8.829333831445158,-1.483476035890947,0.8856205504844108,0.24737358632373319,4,1.0,2,5.5128578898965035,5.5128578898965035,0.0,10.308267266077035,-4.983351370316757,1.6679485454267753,0.7863960036763458,3,0.7659756785761611,3
rxn009959,16,3.30549035760032,6.472384567407481,3.166894209807161,1.8129386980681375,4.854448095083711,3.0415093970155738,True,0.0,0.0,2.683021289569652,1.5928411196467442,2.368546538858568,-0.17202438066748393,0.0,2.368546538858568,6.472384567407481,1.5928411196467442,0.0,1.5928411196467442,2.368546538858568,0.0,0.0,0.0,1,0.45253508941780085,0,3.96850520242549,0.0001835844656044064,0.8858363274511358,0.0,-7.70192585223678e-05,0.8857593081926138,4.854448095083711,0.0001835844656044064,0.0001835844656044064,0.0,0.8858363274511358,-7.70192585223678e-05,0.004858460209236082,0.004858460209236526,1,0.004858296268614559,0,0.0,0.0,0.0,3.4867306833317606,0.0,0.0,0.0,0,0.0,0,1.5928411196467442,0.0,1.5928411196467442,5.855277222190328,0.0,0.0,0.0,1,0.45253508941780085,0,0.0001835844656044064,0.0001835844656044064,0.0,4.3725670107828964,-7.70192585223678e-05,0.004858460209236082,0.004858460209236526,1,0.004858296268614559,0
rxn007485,13,4.0423691677879106,7.1718628921282175,3.129493724340307,3.460153019754216,8.938530523257654,5.478377503503438,True,-1.4210854715202004e-14,-1.4210854715202004e-14,4.1593732714594225,0.3528790864665219,2.967904044356583,0.0,-0.30829351015432493,2.6596105342022582,7.171862892128203,0.3528790864665219,0.3528790864665219,0.0,2.967904044356583,-0.30829351015432493,-0.3755324682014498,0.1415939913975066,-2,0.009096683073875234,0,4.078562709531255,0.9743194213165569,4.068160956078033,0.0,-0.1825125636682019,3.8856483924098315,8.93853052325764,0.9743194213165569,0.9743194213165569,0.0,4.068160956078033,-0.1825125636682019,-0.5488915942447274,0.18475627205561151,-2,0.12496157012904607,0,1.0650398799321288,1.0650398799321288,0.0,7.942053190341314,-3.972211466803561,1.7678253246889373,0.5192888989943203,4,0.3460104026038975,3,1.4179189663986507,1.4179189663986507,0.0,10.909957234697897,-4.280504976957886,1.3922928564874875,0.6608828903918269,2,0.3551070856777727,3,2.0393593012486857,2.0393593012486857,0.0,12.010214146419347,-4.154724030471763,1.2189337304442098,0.7040451710499318,2,0.47097197273294356,3
rxn002383,14,3.0731538791433195,6.1984532400249535,3.125299360881634,1.9964871746287827,4.480117488195219,2.4836303135664366,True,-2.1316282072803006e-14,-7.105427357601002e-15,3.1396574692643355,0.7352746290512453,2.1497064826422587,0.1947381836253611,-0.02092352455826499,2.1287829580839936,6.198453240024932,0.7352746290512453,-0.08241844102707369,0.817693070078319,2.1497064826422587,-0.02092352455826499,-0.02276976233104744,-0.005874590492625842,0,0.23521446422131742,0,3.8827371705020113,-0.06985913264110255,0.6427932089710129,0.0,0.024446241363293104,0.667239450334306,4.480117488195212,-0.06985913264110255,-0.06985913264110255,0.0,0.6427932089710129,0.024446241363293104,-0.08761245708709531,-0.006321973192024988,-1,-0.006147959955777438,0,0.12327862443271928,0.12327862443271928,0.0,0.09039994664219356,-0.05456989449276556,0.17973677786673292,0.08987738338796802,2,0.08902150304370515,1,0.8585532534839646,0.04086018340564559,0.817693070078319,2.2401064292844524,-0.07549341905103055,0.15696701553568548,0.08400279289534218,2,0.3242359672650226,1,0.05341949179161674,0.05341949179161674,0.0,0.7331931556132064,-0.030123653129472454,0.09212432077963761,0.08355541019594304,1,0.08287354308792771,1
rxn003264,14,3.715399635056201,6.819210891844861,3.10381125678866,1.0488043838131489,4.948081423367114,3.899277039553965,True,1.4210854715202004e-14,0.0,4.653829790589413,-0.4159004747284094,2.581392734510506,0.0,-0.00011115852663448611,2.5812815759838714,6.819210891844875,-0.4159004747284094,-0.41590047472840946,0.0,2.581392734510506,-0.00011115852663448611,-0.11835662339071451,-0.10401778538144013,-2,-0.1108955864951211,1,8.995300529966116,-0.4770892097970889,-3.7429571345958275,0.0,0.17282723779391748,-3.5701298968019097,4.948081423367114,-0.4770892097970889,-0.47708920979708896,0.0,-3.7429571345958275,0.17282723779391748,-0.39007690065413225,-0.1777589225040499,-4,-0.17427598880015793,-1,0.4770892097970889,0.47708920979708896,0.0,4.093651012910559,-0.17282723779391748,0.39007690065413225,0.1777589225040499,4,0.17427598880015793,1,0.061188735068679494,0.061188735068679494,0.0,6.675043747421065,-0.17293839632055197,0.27172027726341774,0.07374113712260977,2,0.06338040230503683,2,0.0,0.0,0.0,0.350693878314732,0.0,0.0,0.0,0,0.0,0
rxn005911,11,4.622570492267187,7.724136793524323,3.1015663012571366,2.9208264518983924,5.499368897400075,2.5785424455016823,True,0.0,0.0,3.594616738597189,1.8868028490679718,2.070469973199785,0.0,0.17224723265937736,2.242717205859162,7.724136793524323,1.8868028490679718,1.8868028490679718,0.0,2.070469973199785,0.17224723265937736,-0.30494337241661795,0.5688130493958161,-3,0.3935824023225831,-2,3.669831087864985,-1.4968392714301593,1.6727270552426434,0.0,1.6536500257226103,3.3263770809652535,5.499368897400075,-1.4968392714301593,-1.4968392714301593,0.0,1.6727270552426434,1.6536500257226103,-1.148519416933101,-0.27476299512066693,-3,-0.2653705107671156,-3,1.4968421974467105,1.4968421974467105,0.0,2.103920903053985,-1.6557110914725492,1.1491327617517584,0.2753763399393243,4,0.2659838551888649,3,3.3836450465146823,3.3836450465146823,0.0,4.17439087625377,-1.4834638588131719,0.8441893893351404,0.8441893893351404,1,0.659566257511448,1,2.926016551236637e-06,2.926016551236637e-06,0.0,3.7766479582966284,-0.0020610657499389173,0.0006133448186573798,0.0006133448186573798,1,0.0006133444217493178,0
rxn005228,14,3.1572147438646425,6.190830991920578,3.033616248055935,2.344929095239422,6.438237433190842,4.09330833795142,True,0.0,-7.105427357601002e-15,5.679401980661147,0.06820012085224797,0.240197720421437,0.3028018839545558,-0.09977071396881006,0.14042700645262696,6.190830991920578,0.06820012085224797,1.4833783206357066e-12,0.0682001208507646,0.240197720421437,-0.09977071396881006,0.15857356571193382,0.08840579716392405,3,0.0816128021752629,0,6.1368297451091465,9.148912020151894e-06,0.3033398686930756,0.0,-0.0019413295234046446,0.30139853916967096,6.438237433190835,9.148912020151894e-06,9.148912020151894e-06,0.0,0.3033398686930756,-0.0019413295234046446,0.0010845544330924106,0.0010845544330928547,1,0.0010845529406244836,0,0.0,0.0,0.0,0.06324241404823826,0.0,0.0,0.0,0,0.0,0,0.06820012085224797,1.4833783206357066e-12,0.0682001208507646,0.30344013446967527,-0.09977071396881006,0.15857356571193382,0.08840579716392405,3,0.0816128021752629,0,9.148912020151894e-06,9.148912020151894e-06,0.0,0.3665822827413139,-0.0019413295234046446,0.0010845544330924106,0.0010845544330928547,1,0.0010845529406244836,0
rxn010513,15,2.909568423845485,5.932694650776234,3.0231262269307493,2.3475203212638007,0.8172581515819175,-1.5302621696818832,True,-7.105427357601002e-15,-7.105427357601002e-15,0.8071223236818739,0.0,5.125572327094356,0.0,0.0,5.125572327094356,5.932694650776227,0.0,0.0,0.0,5.125572327094356,0.0,0.0,0.0,0,0.0,0,-0.15417952056635897,0.25488632087707097,1.236576722776787,0.0,-0.52002537150559,0.716551351271197,0.8172581515819104,0.25488632087707097,0.25488632087707097,0.0,1.236576722776787,-0.52002537150559,0.18331589830797546,0.18331589830797546,1,0.1810253079216677,1,0.0,0.0,0.0,0.10035336434304747,0.0,0.0,0.0,0,0.0,0,0.0,0.0,0.0,5.2259256914374035,0.0,0.0,0.0,0,0.0,0,0.25488632087707097,0.25488632087707097,0.0,1.3369300871198344,-0.52002537150559,0.18331589830797546,0.18331589830797546,1,0.1810253079216677,1
rxn005682,14,2.8706395425670053,5.873179624382097,3.0025400818150914,1.6568907504997696,5.7619317675149375,4.105041017015168,True,-7.105427357601002e-15,-7.105427357601002e-15,2.414874923935976,2.196140548268346,2.3346111880286933,0.30972235883007393,-1.3821693946809932,0.9524417933477003,5.8731796243820895,2.196140548268346,0.2520546076249676,1.9440859406433786,2.3346111880286933,-1.3821693946809932,1.297844207828982,0.44880355649659665,0,0.2844098841488534,0,4.6915882779542315,0.30339214242549245,1.2766516927582408,0.0,-0.5097003456230356,0.7669513471352054,5.76193176751493,0.30339214242549245,0.30339214242549245,0.0,1.2766516927582408,-0.5097003456230356,0.4074082927736109,0.15681216863386904,-2,0.15426107387704668,0,0.11456896155435531,0.11456896155435531,0.0,0.32316261324028106,-0.072364743024463,0.28469301759374677,0.07808057000172974,3,0.07754988553282693,2,2.3107095098227015,0.36662356917932293,1.9440859406433786,2.6577738012689744,-1.4545341377054561,1.5825372254227288,0.5268841264983264,3,0.3619597696816803,2,0.41796110397984776,0.41796110397984776,0.0,1.599814305998522,-0.5820650886474985,0.6921013103673577,0.23489273863559879,1,0.23181095940987362,2
rxn008582,16,2.0938666931651824,5.077743063778449,2.9838763706132667,0.5970454174666884,0.002953115588141486,-0.5940923018785469,True,0.0,-2.842170943040401e-14,-3.3541948948785176,10.171836323399814,1.7675410232804438,-3.963726678189751,0.4562872901664652,2.2238283134469095,5.077743063778449,10.171836323399814,2.4356092767154083,7.736227046684405,1.7675410232804438,0.4562872901664652,-0.22375746170932675,0.31297538251423695,2,0.6383963918728481,0,0.2771655409414677,-0.5105203563730913,-1.1488144906540452,0.0,1.3851224216737854,0.23630793101974046,0.0029531155881130644,-0.5105203563730913,-0.5105203563730913,0.0,-1.1488144906540452,1.3851224216737854,-0.6458466219264665,-0.03820189288773035,0,-0.10755181839401162,0,1.0019599152651308,1.0019599152651308,0.0,4.721285057563332,-2.5930350597755583,1.430215901361335,0.3659005476800381,1,0.3589146655028572,2,11.173796238664945,3.437569191980539,7.736227046684405,6.488826080843776,-2.136747769609093,1.2064584396520082,0.6788759301942751,3,0.9973110573757054,2,0.4914395588920395,0.4914395588920395,0.0,3.5724705669092867,-1.2079126381017729,0.7843692794348684,0.32769865479230775,1,0.2513628471088456,2
rxn000322,10,3.8335299989103078,6.787997361908232,2.9544673629979243,2.384126642696174,7.599382575841332,5.2152559331451585,True,-7.105427357601002e-15,-1.4210854715202004e-14,3.973379989580586,2.0157879480755763,0.8495205487633251,-0.06817596627784273,0.017484841766582826,0.8670053905299078,6.787997361908225,2.0157879480755763,-0.001109618971886014,2.0168975670474625,0.8495205487633251,0.017484841766582826,-0.011945528118853854,-0.011945528118853854,1,0.4817474244835651,0,6.416902329033569,-0.001109618971886014,1.1661050240130577,0.0,0.017484841766582826,1.1835898657796404,7.599382575841318,-0.001109618971886014,-0.001109618971886014,0.0,1.1661050240130577,0.017484841766582826,-0.011945528118853854,-0.011945528118853854,-1,-0.011944087254808444,0,0.001109618971886014,0.001109618971886014,0.0,3.725634381234451,-0.017484841766582826,0.011945528118853854,0.011945528118853854,1,0.011944087254808444,0,2.0168975670474625,0.0,2.0168975670474625,4.575154929997776,0.0,0.0,0.0,2,0.49369151173837356,0,0.0,0.0,0.0,4.891739405247509,0.0,0.0,0.0,0,0.0,0
rxn010966,15,2.9893237098331156,5.8705471127732025,2.881223402940087,-0.45761936831513594,0.6100839079930154,1.0677032763081513,True,0.0,-7.105427357601002e-15,-0.9595765113222683,6.991742998829738,3.447730562114516,-3.7053790880893,0.09602915124052078,3.5437597133550365,5.8705471127732025,6.991742998829738,-0.21751894352446727,7.209261942354206,3.447730562114516,0.09602915124052078,-0.16750159878270754,-0.05225236737143657,1,0.8026391817838641,0,4.190690119284916,-0.2686237135885154,-3.4853735526149205,0.0,0.17339105491153325,-3.3119824977033874,0.6100839079930083,-0.2686237135885154,-0.2686237135885154,0.0,-3.4853735526149205,0.17339105491153325,-0.400227437903681,-0.16284340691822585,-3,-0.1601061763600713,-1,0.2686237135885154,0.2686237135885154,0.0,3.84396577751707,-0.17339105491153325,0.400227437903681,0.16284340691822585,3,0.1601061763600713,1,7.260366712418254,0.051104770064048136,7.209261942354206,7.291696339631586,-0.07736190367101248,0.23272583912097344,0.11059103954678928,4,0.9627453581439354,1,0.0,0.0,0.0,0.35859222490214954,0.0,0.0,0.0,0,0.0,0
rxn009204,14,5.543414581261459,8.384766543192747,2.841351961931288,2.6823136200691806,4.374073007828173,1.6917593877589923,True,-1.4210854715202004e-14,-7.105427357601002e-15,1.6212515576253566,2.355002206010144,5.637187584720077,0.7262873298423155,-1.954962135005153,3.682225449714924,8.384766543192733,2.355002206010144,2.1803772048529355,0.17462500115720822,5.637187584720077,-1.954962135005153,0.8104439823170471,0.8027833274950917,3,0.5294029908383706,0,3.7107827024232023,0.0,0.6632903054049688,0.0,0.0,0.6632903054049688,4.374073007828166,0.0,0.0,0.0,0.6632903054049688,0.0,0.0,0.0,0,0.0,0,0.0,0.0,0.0,3.4403656556029008,0.0,0.0,0.0,0,0.0,0,2.355002206010144,2.1803772048529355,0.17462500115720822,9.077553240322978,-1.954962135005153,0.8104439823170471,0.8027833274950917,3,0.5294029908383706,0,0.0,0.0,0.0,4.10365596100787,0.0,0.0,0.0,0,0.0,0
rxn003394,11,3.3546174596294804,6.122955594419189,2.7683381347897082,2.314316745585529,4.563793392848247,2.2494766472627177,True,-7.105427357601002e-15,-1.4210854715202004e-14,3.040450747371402,0.7744006849685354,2.15010183619013,0.19002356414492616,-0.03202123825580461,2.1180805979343256,6.122955594419182,0.7744006849685354,-0.06971469350345487,0.8441153784719903,2.15010183619013,-0.03202123825580461,0.008234971465601149,0.017368484361286463,0,0.23590784533153641,0,3.9129016835692383,-0.06997057496409859,0.6657269988012339,0.0,0.05513528544186595,0.7208622842430998,4.563793392848233,-0.06997057496409859,-0.06997057496409859,0.0,0.6657269988012339,0.05513528544186595,-0.09873964270198576,-0.08680504512487808,-1,-0.08905233395796497,-1,0.07012617393062516,0.07012617393062516,0.0,0.27881798126632495,-0.07068720204552856,0.11073940644992675,0.0943320151857181,2,0.09352502999490397,1,0.8445268588991606,0.000411480427170287,0.8441153784719903,2.428919817456455,-0.10270844030133316,0.1189743779155279,0.11170049954700456,2,0.3294328753264404,1,0.00015559896652657442,0.00015559896652657442,0.0,0.9445449800675588,-0.015551916603662605,0.011999763747940984,0.007526970060840021,1,0.004472696036939006,0
rxn000409,10,1.5867235053010518,-1.1659976864642587,-2.7527211917653105,0.825012359550783,-1.6868927192546401,-2.511905078805423,False,3.552713678800501e-15,0.0,2.4160765520531697,-2.9485668501724778,-4.625049805208622,0.0,3.991542416863674,-0.6335073883449485,-1.1659976864642552,-2.9485668501724778,-2.9485668501724778,0.0,-4.625049805208622,3.991542416863674,-1.861966829747145,-0.6130898554269661,0,-0.6032084934292894,-2,2.3722663234498,-2.8291436029516155,-5.077809247346506,0.0,3.847793807593681,-1.2300154397528251,-1.6868927192546401,-2.8291436029516155,-2.8291436029516155,0.0,-5.077809247346506,3.847793807593681,-1.6273752039050935,-0.48667159444998287,0,-0.49128016056313184,-1,2.949806447201314,2.949806447201314,0.0,7.0087345673856305,-4.004121912787854,1.8928312014393502,0.6258963568134579,1,0.6158327639966807,2,0.0012395970288359957,0.0012395970288359957,0.0,2.383684762177008,-0.012579495924179809,0.03086437169220524,0.012806501386491753,1,0.012624270567391349,0,0.12066284424969854,0.12066284424969854,0.0,1.9309253200391243,-0.15632810519417273,0.26545599753425675,0.13922476236347503,1,0.1245526034335489,1
rxn000408,10,5.465216752571905,2.7344552768186823,-2.730761475753223,0.9962678774063534,-6.124795794056432,-7.121063671462785,True,0.0,-7.105427357601002e-15,3.2931706727054646,0.4199231252887943,-3.7520346990053746,0.0,2.773396177829796,-0.9786385211755784,2.7344552768186823,0.4199231252887943,0.4199231252887943,0.0,-3.7520346990053746,2.773396177829796,-1.2202575073286503,0.046677337297241994,0,0.042375840314807345,-1,-1.5670806126293044,-2.8924841406951467,-5.644007515192614,0.0,3.978776474460626,-1.6652310407319872,-6.124795794056439,-2.8924841406951467,-2.8924841406951467,0.0,-5.644007515192614,3.978776474460626,-1.80633322937638,-0.5393983847504877,0,-0.5299852231420634,-1,2.949806447201314,2.949806447201314,0.0,7.0087345673856305,-4.004121912787854,1.8928312014393502,0.6258963568134579,1,0.6158327639966807,2,3.369729572490108,3.369729572490108,0.0,3.256699868380256,-1.2307257349580578,0.6725736941106999,0.6725736941106999,1,0.6582086043114881,1,0.05732230650616721,0.05732230650616721,0.0,1.3647270521930168,-0.025345438327227396,0.08649797206297016,0.08649797206297016,1,0.08584754085461732,1
rxn000908,11,6.302777525879719,8.988850836326591,2.686073310446872,4.4828371694193265,-4.367746070668147,-8.850583240087474,True,0.0,7.105427357601002e-15,2.3158037029262957,3.9467704645484663,0.979461583252621,0.0,1.746815085599207,2.726276668851828,8.988850836326591,3.9467704645484663,3.9467704645484663,0.0,0.979461583252621,1.746815085599207,-0.44247981178322204,0.26611497428499975,1,0.28850049828589475,0,1.8006767301319044,-3.903038460636841,-5.540975996072524,0.0,3.2755916559093223,-2.265384340163201,-4.36774607066814,-3.903038460636841,-3.903038460636841,0.0,-5.540975996072524,3.2755916559093223,-1.494185323525472,-0.6668628584797891,0,-0.6449664455030786,-1,3.937468925426809,3.937468925426809,0.0,6.096178250419699,-3.3675204399032235,1.5612074907606837,0.7338850257150007,1,0.7114995017141053,2,7.884239389975275,7.884239389975275,0.0,7.07563983367232,-1.6207053543040164,1.1187276789774616,1.0000000000000004,2,1.0,2,0.034430464789968,0.034430464789968,0.0,0.5552022543471762,-0.09192878399390114,0.0670221672352116,0.0670221672352116,1,0.06653305621102668,1
rxn010639,16,3.8593305809026788,6.5128609882965875,2.6535304073939088,1.4308520943213807,3.3145485616953607,1.88369646737398,True,0.0,7.105427357601002e-15,-3.1246069019059632,16.43895277414535,4.5329260199608505,-6.659173497938976,-4.675237405964672,-0.1423113860038212,6.5128609882965875,16.43895277414535,6.433411588563445,10.005541185581905,4.5329260199608505,-4.675237405964672,1.0093436226477888,0.22132243999597057,1,0.4348172559361281,0,-0.8735013224248149,0.7955962391330846,3.346086368379382,0.0,0.046367276607720775,3.3924536449871026,3.314548561695368,0.7955962391330846,0.7955962391330846,0.0,3.346086368379382,0.046367276607720775,-0.33067283946759973,0.24312190934808253,-1,0.2511176784472031,0,8.31986425026883,8.31986425026883,0.0,9.800927649978394,-5.055439053441115,1.8227802975637677,0.7104006864774339,3,0.6993740726594453,2,24.758817024414178,14.753275838832275,10.005541185581905,14.333853669939245,-9.730676459405787,2.8321239202115565,0.9317231264734045,4,1.1341913285955734,2,9.115460489401915,9.115460489401915,0.0,13.147014018357776,-5.0090717768333946,1.492107458096168,0.9535225958255165,2,0.9504917511066484,2
rxn005710,10,3.419033861342541,6.066706728289738,2.6476728669471967,2.3867550122613466,4.602120088893102,2.2153650766317554,True,7.105427357601002e-15,0.0,3.0510714254520437,0.7911997701448039,2.0361450758932054,0.16808429000905445,0.020206166790633584,2.0563512426838386,6.066706728289745,0.7911997701448039,-0.11320702062009977,0.9044067907649036,2.0361450758932054,0.020206166790633584,-0.011983568185113258,0.004734576641642896,0,0.23247866978211507,0,4.097907245897119,-0.12514131778547555,0.5020649784429436,0.0,0.12728918233851408,0.6293541607814577,4.602120088893102,-0.12514131778547555,-0.12514131778547555,0.0,0.5020649784429436,0.12728918233851408,-0.12725033156666443,-0.04176109793344818,-1,-0.04123585904456917,-1,0.16034963320621182,0.16034963320621182,0.0,0.775838712162106,-0.3012676637785823,0.20407129257989176,0.10922438357411446,2,0.10851627282349785,2,0.9515494033510157,0.04714261258611205,0.9044067907649036,2.8119837880553114,-0.2810614969879487,0.1920877243947785,0.11395896021575735,2,0.3409949426056129,2,0.035208315420736276,0.035208315420736276,0.0,1.2779036906050496,-0.1739784814400682,0.07682096101322733,0.06746328564066628,1,0.06728041377892868,1
rxn008577,16,2.678169173558672,5.298947573084575,2.6207783995259035,2.1950602058577715,0.40965464190716716,-1.7854055639506043,True,-2.842170943040401e-14,-2.1316282072803006e-14,-3.3416494462892246,10.465316172149313,1.3638766888269283,-3.8645130093147646,0.6759171677123006,2.0397938565392293,5.298947573084547,10.465316172149313,2.6873161721493135,7.778,1.3638766888269283,0.6759171677123006,-0.11700527418709727,0.18670704379111136,2,0.6410853344971428,1,0.7505078634199407,0.6876483379836227,-2.730319495551382,0.0,1.7018179360549728,-1.028501559496409,0.40965464190714584,0.6876483379836227,0.6876483379836227,0.0,-2.730319495551382,1.7018179360549728,-0.6320606153464019,-0.019840154433746093,1,-0.020980470742439028,1,1.0019599152651308,1.0019599152651308,0.0,4.721285057563332,-2.5930350597755583,1.430215901361335,0.3659005476800381,1,0.3589146655028572,2,11.467276087414444,3.689276087414444,7.778,6.08516174639026,-1.9171178920632577,1.3132106271742376,0.5526075914711495,3,1.0,3,1.6896082532487535,1.6896082532487535,0.0,1.99096556201195,-0.8912171237205855,0.798155286014933,0.346060393246292,2,0.3379341947604182,3
rxn008438,15,4.050504643009845,1.4441817568653903,-2.6063228861444543,2.6884923734833137,-1.33179625219843,-4.020288625681744,True,-2.1316282072803006e-14,-2.842170943040401e-14,0.6897709930771327,3.677412081622938,-0.4189536755806227,-3.1446962846953213,0.6406486424412474,0.22169496686062473,1.444181756865369,3.677412081622938,-2.958737401552348,6.636149483175288,-0.4189536755806227,0.6406486424412474,-0.3390945183493512,-0.017779355625963333,0,0.10568566360009868,0,4.722368785791332,-6.0759391721752465,-1.9077175573754666,0.0,1.92949169156093,0.021774134185463367,-1.3317962521984583,-6.0759391721752465,-6.0759391721752465,0.0,-1.9077175573754666,1.92949169156093,-1.0035272483882878,-0.31443225934420616,-1,-0.3165418784952294,-1,14.009070867566793,14.009070867566793,0.0,11.89811583477737,-6.56476547235761,3.2059960825178044,0.8322121448711761,6,0.8179998035746863,4,17.68648294918973,11.050333466014445,6.636149483175288,11.479162159196747,-5.924116829916363,2.866901564168453,0.8144327892452128,6,0.923685467174785,4,7.9331316953915465,7.9331316953915465,0.0,9.990398277401903,-4.63527378079668,2.2024688341295167,0.51777988552697,5,0.5014579250794569,3
rxn009261,14,4.8862610075284465,7.4564680842222515,2.570207076693805,1.489727289073926,1.1713610107250645,-0.31836627834886144,True,7.105427357601002e-15,7.105427357601002e-15,4.946149182513416,1.5076252963221979,1.0690138042138102,0.25421608187445777,-0.3205362807016261,0.748477523512184,7.456468084222259,1.5076252963221979,0.9847693597683893,0.5228559365538087,1.0690138042138102,-0.3205362807016261,0.33354051217345715,0.33354051217345715,1,0.31281504556995765,1,1.363846645075327,-0.016432350757343197,-0.2528508134144296,0.0,0.07679752982152036,-0.17605328359290928,1.1713610107250716,-0.016432350757343197,-0.016432350757343197,0.0,-0.2528508134144296,0.07679752982152036,-0.04602624046311332,-0.04602624046311332,-1,-0.04596379498741987,0,0.016432350757343197,0.016432350757343197,0.0,0.45098103577885107,-0.07679752982152036,0.04602624046311332,0.04602624046311332,1,0.04596379498741987,0,1.524057647079541,1.0012017105257325,0.5228559365538087,1.5199948399926613,-0.3973338105231465,0.37956675263657047,0.37956675263657047,2,0.3587788405573775,1,0.0,0.0,0.0,0.19813022236442146,0.0,0.0,0.0,0,0.0,0
rxn007050,17,3.73251813038587,6.28155826349451,2.5490401331086403,2.6099256454726856,3.521639084834433,0.9117134393617476,True,7.105427357601002e-15,-7.105427357601002e-15,-0.9917981203525557,9.631910075520494,1.8664345568047533,-3.583929726549769,-0.6410585219284073,1.225376034876346,6.281558263494517,9.631910075520494,1.8539100755204938,7.778,1.8664345568047533,-0.6410585219284073,0.540758897690675,-0.033397611455660225,2,0.20177624554689277,1,4.072823421113284,-0.5587417196107616,-0.3238726942645602,0.0,0.33143007759645826,0.007557383331898038,3.521639084834426,-0.5587417196107616,-0.5587417196107616,0.0,-0.3238726942645602,0.33143007759645826,-0.09591286707111091,-0.014865026819170346,0,-0.015326930168781061,0,10.573205545558032,10.573205545558032,0.0,6.538389096650642,-5.736662789032826,2.0447374533286533,0.807260187640364,4,0.7982237544531072,2,20.205115621078527,12.427115621078526,7.778,8.404823653455395,-6.377721310961233,2.5854963510193283,0.7738625761847038,6,1.0,3,10.01446382594727,10.01446382594727,0.0,6.2145164023860815,-5.405232711436367,1.9488245862575424,0.7923951608211937,4,0.7828968242843262,2
rxn009791,12,3.0329573227827495,0.5156269075536386,-2.517330415229111,1.0842155539503437,1.624727537539897,0.5405119835895533,True,7.105427357601002e-15,7.105427357601002e-15,2.964235357742588,-0.033111149443760396,-4.529634474642378,0.0,2.1141371738971912,-2.4154973007451863,0.5156269075536457,-0.033111149443760396,-0.033111149443760396,0.0,-4.529634474642378,2.1141371738971912,-0.9222186441338107,-0.37800525001302443,-1,-0.03212970549966743,0,-1.5759182382809982,-0.037216189068201636,1.114484604232743,0.0,2.123377360656358,3.2378619648891007,1.6247275375399042,-0.037216189068201636,-0.037216189068201636,0.0,1.114484604232743,2.123377360656358,-0.9279152490802187,-0.38370185495943243,-1,-0.03779600786913884,0,0.05209579839512866,0.05209579839512866,0.0,5.297867895025153,-2.1956461409867627,0.9717081500357594,0.4274947559149731,2,0.08153429738210516,0,0.018984648951368265,0.018984648951368265,0.0,0.7682334203827751,-0.0815089670895714,0.04948950590194867,0.04948950590194867,1,0.04940459188243773,0,0.014879609326927024,0.014879609326927024,0.0,6.412352499257896,-0.07226878033040468,0.04379290095554067,0.04379290095554067,1,0.04373828951296632,0
rxn007206,10,6.577949363107109,4.067440453841186,-2.5105089092659227,5.365855249177912,1.1488426758859163,-4.217012573291996,True,-2.1316282072803006e-14,-2.1316282072803006e-14,-0.8446854324311843,1.2864149038477857,4.310236337416153,0.0,-0.6845253549915845,3.625710982424569,4.067440453841165,1.2864149038477857,1.286414903847786,0.0,4.310236337416153,-0.6845253549915845,0.5596150067844097,0.31611708316673726,2,0.2935307412488326,2,-2.100837094186666,0.3341636926025503,2.858846414594225,0.0,0.05666966287579622,2.915516077470021,1.148842675885895,0.3341636926025503,0.33416369260255036,0.0,2.858846414594225,0.05666966287579622,0.14026610928071204,0.13935804135063545,2,0.13220047529452383,0,0.07226389101040559,0.07226389101040559,0.0,0.785797746496741,-0.23746339715874432,0.09692002047688186,0.09692002047688186,1,0.09638882844879237,1,1.3586787948581913,1.3586787948581915,0.0,5.096034083912894,-0.9219887521503288,0.6565350272612915,0.4130371036436191,3,0.389919569697625,3,0.4064275836129559,0.40642758361295594,0.0,3.644644161090966,-0.1807937342829481,0.2371861297575939,0.23627806182751732,3,0.2285893037433162,1
rxn009126,20,6.5226004075466335,8.98888563459542,2.466285227048786,0.14380473399614857,0.09601056486393134,-0.047794169132217235,True,1.4210854715202004e-14,0.0,6.8319358355032875,0.08222595618206041,2.2801357378576594,0.0,-0.20541189494757614,2.074723842910083,8.988885634595434,0.08222595618206041,0.08222595618206041,0.0,2.2801357378576594,-0.20541189494757614,0.34734289126081874,0.34734289126081874,1,0.10281831843633782,0,0.004759261593676456,0.0,0.09125130327026154,0.0,0.0,0.09125130327026154,0.09601056486393134,0.0,0.0,0.0,0.09125130327026154,0.0,0.0,0.0,0,0.0,0,0.0,0.0,0.0,3.6560286706687726,0.0,0.0,0.0,0,0.0,0,0.08222595618206041,0.08222595618206041,0.0,5.936164408526432,-0.20541189494757614,0.34734289126081874,0.34734289126081874,1,0.10281831843633782,0,0.0,0.0,0.0,3.747279973939034,0.0,0.0,0.0,0,0.0,0
rxn001996,15,4.085132840885308,6.529864154364191,2.444731313478883,3.524925724640525,7.357843858346257,3.832918133705732,True,0.0,0.0,5.417249039498245,0.00037065223582213625,1.0924781305206421,0.019766332109475513,0.0,1.0924781305206421,6.529864154364191,0.00037065223582213625,0.0,0.00037065223582213625,1.0924781305206421,0.0,0.0,0.0,1,0.006903182303988897,0,5.554578245071106,0.0,1.8032656132751477,0.0,0.0,1.8032656132751477,7.357843858346257,0.0,0.0,0.0,1.8032656132751477,0.0,0.0,0.0,0,0.0,0,0.0,0.0,0.0,3.5102960175645803,0.0,0.0,0.0,0,0.0,0,0.00037065223582213625,0.0,0.00037065223582213625,4.6027741480852224,0.0,0.0,0.0,1,0.006903182303988897,0,0.0,0.0,0.0,5.313561630839728,0.0,0.0,0.0,0,0.0,0
rxn007508,15,3.4332297449436737,5.839635074829097,2.4064053298854233,0.8400162662164803,3.099993849409664,2.2599775831931836,True,0.0,1.4210854715202004e-14,5.738498155802887,0.0,0.10113691902620899,0.0,0.0,0.10113691902620899,5.839635074829097,0.0,0.0,0.0,0.10113691902620899,0.0,0.0,0.0,0,0.0,0,2.8574181784225487,0.08786595162142498,0.48480111618974675,0.0,-0.3300913968240466,0.15470971936570016,3.099993849409678,0.08786595162142498,0.08786595162142498,0.0,0.48480111618974675,-0.3300913968240466,0.17901086338427685,0.07042549818493571,3,0.07015082756113955,1,0.0,0.0,0.0,0.03602113629142699,0.0,0.0,0.0,0,0.0,0,0.0,0.0,0.0,0.13715805531763597,0.0,0.0,0.0,0,0.0,0,0.08786595162142498,0.08786595162142498,0.0,0.5208222524811738,-0.3300913968240466,0.17901086338427685,0.07042549818493571,3,0.07015082756113955,1
rxn007409,17,4.406685394793385,6.802470077732153,2.3957846829387677,3.1598881890913617,4.727088798096489,1.567200609005127,True,0.0,1.4210854715202004e-14,0.41239635139586994,8.28155661088298,3.0912428417384863,-4.007768618023833,-0.9749571082613568,2.1162857334771297,6.802470077732153,8.28155661088298,1.1798862945762654,7.101670316306715,3.0912428417384863,-0.9749571082613568,0.20072039104024286,0.318945485775441,0,0.705693200703545,1,3.790783640829787,-0.6964459041916494,1.7892879421946344,0.0,-0.15653688073627392,1.6327510614583605,4.727088798096503,-0.6964459041916494,-0.6964459041916494,0.0,1.7892879421946344,-0.15653688073627392,-0.08230455112957125,-0.07505213878220873,-1,-0.12301193386891729,1,0.8441300285302628,0.8441300285302628,0.0,0.46604665522282024,-0.3103033750775226,0.5233962937822736,0.25661442456336614,4,0.24984110573850948,1,9.125686639413242,2.0240163231065282,7.101670316306715,3.5572894969613067,-1.2852604833388794,0.7241166848225165,0.5755599103388072,4,0.9555343064420545,2,0.14768412433861336,0.14768412433861336,0.0,2.2553345974174546,-0.4668402558137965,0.44109174265270235,0.1815622857811574,3,0.1268291718695922,2
rxn002323,13,3.3048409932425784,0.9691019450934917,-2.3357390481490867,1.9591058484247696,-0.635753264669475,-2.5948591130942447,True,0.0,0.0,4.416788009196878,0.06393214903054624,-3.1884399913618253,0.0,-0.32317822177210953,-3.5116182131339353,0.9691019450934917,0.06393214903054624,0.06393214903054624,0.0,-3.1884399913618253,-0.32317822177210953,0.25194239401309604,0.07102063353090937,0,0.06807593452800775,1,2.800916632001808,0.09423186771649116,-3.465155213408938,0.0,-0.06574655097883529,-3.5309017643877736,-0.635753264669475,0.09423186771649116,0.09423186771649117,0.0,-3.465155213408938,-0.06574655097883529,0.13781167524975335,0.08788361022829028,2,0.08628079362869734,1,0.005393452850833596,0.005393452850833596,0.0,4.134440816772816,-0.04488410407086582,0.026346196238498987,0.026346196238498987,1,0.026332947534342566,0,0.06932560188137983,0.06932560188137983,0.0,0.9460008254109907,-0.3680623258429754,0.278288590251595,0.09736682976940836,1,0.09440888206235032,1,0.09962532056732475,0.09962532056732476,0.0,0.6692856033638785,-0.11063065504970111,0.16415787148825234,0.11422980646678926,3,0.1126137411630399,1
rxn005625,12,2.690078731995527,5.0098945331289695,2.3198158011334424,1.8875866463176862,-14.554356773278053,-16.441943419595738,True,1.0658141036401503e-14,8.881784197001252e-15,-1.8838139873633537,11.026760642918696,-3.6312733625324114,-3.811176131659293,3.3093973717653427,-0.32187599076706874,5.00989453312898,11.026760642918696,3.248760642918697,7.778,-3.6312733625324114,3.3093973717653427,0.21860630030439765,-0.18828370476915168,1,-0.18859215261287243,1,4.743458717088949,-15.092247919035422,-13.321710822578902,0.0,9.11614325124733,-4.2055675713315726,-14.554356773278045,-15.092247919035422,-15.092247919035419,0.0,-13.321710822578902,9.11614325124733,-1.1798951827337243,-0.5022899629577546,-1,-0.5020823396758418,2,42.095274688267764,42.095274688267764,0.0,27.437803898071685,-20.5686698370696,4.894414673435802,1.7734755852809014,6,1.7708356139044437,4,53.12203533118646,45.34403533118646,7.778,23.806530535539274,-17.259272465304257,5.113020973740199,1.5851918805117498,7,1.5822434612915712,5,27.003026769232342,27.003026769232346,0.0,14.116093075492783,-11.45252658582227,3.7145194907020773,1.2711856223231468,5,1.2687532742286018,6
rxn004360,12,4.648023386214845,6.909699951565337,2.2616765653504913,2.5670942241886223,5.244098483458316,2.677004259269694,True,-1.4210854715202004e-14,-7.105427357601002e-15,3.040118318351759,-0.771273707710856,4.227547608485285,0.0,0.41330773243913743,4.640855340924422,6.909699951565322,-0.771273707710856,-0.7712737077108542,0.0,4.227547608485285,0.41330773243913743,0.1473406707621967,0.11790030960911135,0,0.12347614597125567,2,2.6040236325975314,2.3049702350874117,1.0464909887494098,0.0,-0.7113863729760501,0.3351046157733597,5.244098483458309,2.3049702350874117,2.3049702350874135,0.0,1.0464909887494098,-0.7113863729760501,0.25754441436026454,0.11310837717594158,1,0.11508657727418292,1,10.887778455077516,10.887778455077514,0.0,6.666692566776135,-5.859603301751268,2.046704726765552,0.8232101254024973,4,0.8140752564980014,2,10.11650474736666,10.11650474736666,0.0,10.89424017526142,-5.446295569312131,2.1940453975277485,0.9411104350116086,4,0.9375514024692571,4,13.192748690164928,13.192748690164928,0.0,7.713183555525545,-6.570989674727318,2.3042491411258164,0.9363185025784388,5,0.9291618337721843,3
rxn009742,14,3.6755720841420043,5.932531956210049,2.2569598720680446,-0.1746700815137956,1.016524667155963,1.1911947486697585,True,0.0,0.0,2.876929033730292,0.8129496278101951,2.042603619228298,0.20004967544126462,0.0,2.042603619228298,5.932531956210049,0.8129496278101951,0.0,0.8129496278101951,2.042603619228298,0.0,0.0,0.0,1,0.32329415204101375,0,1.0109007152598934,8.590645911017638e-10,0.005623953283580053,0.0,-2.246570709844853e-09,0.005623951037009342,1.016524667155963,8.590645911017638e-10,8.590645911017638e-10,0.0,0.005623953283580053,-2.246570709844853e-09,1.050942463542981e-05,1.050942463542981e-05,1,1.0509424630100739e-05,0,0.0,0.0,0.0,0.01827180112525169,0.0,0.0,0.0,0,0.0,0,0.8129496278101951,0.0,0.8129496278101951,2.06087542035355,0.0,0.0,0.0,1,0.32329415204101375,0,8.590645911017638e-10,8.590645911017638e-10,0.0,0.023895754408831744,-2.246570709844853e-09,1.050942463542981e-05,1.050942463542981e-05,1,1.0509424630100739e-05,0
rxn006766,16,4.370859819733596,6.492917793253589,2.1220579735199934,1.2455196420014545,2.5664057733015184,1.320886131300064,True,0.0,-7.105427357601002e-15,6.0003864828061,0.015364707566688882,0.5392045064964597,0.0,-0.062037903615658405,0.47716660288080126,6.492917793253589,0.015364707566688882,0.015364707566688895,0.0,0.5392045064964597,-0.062037903615658405,0.0643617432703174,0.010502155195880825,-1,0.010142929151690794,0,2.5465795312486392,0.07940492619947519,0.04422135429824742,0.0,-0.10380003844484935,-0.05957868414660192,2.5664057733015113,0.07940492619947519,0.07940492619947523,0.0,0.04422135429824742,-0.10380003844484935,0.1560387138711219,0.01583010800728113,0,0.015298457912580332,1,0.11469401592442165,0.11469401592442163,0.0,0.3652704825829918,-0.07565541760196547,0.18084655629839363,0.12058496295900678,3,0.11908564828690338,1,0.13005872349111053,0.13005872349111053,0.0,0.9044749890794515,-0.13769332121762387,0.24520829956871104,0.1310871181548876,2,0.12922857743859417,1,0.19409894212389683,0.19409894212389686,0.0,0.4094918368812392,-0.17945545604681482,0.3368852701695155,0.1364150709662879,3,0.1343841061994837,2
rxn002361,10,2.4742278093017376,0.39230861202358724,-2.0819191972781503,2.4195813564929267,0.6238440491936501,-1.7957373072992766,True,0.0,3.552713678800501e-15,0.15986331261008502,0.7601308836563296,-0.21380924149763914,0.031922297881899625,-0.3457986406270841,-0.5596078821247232,0.39230861202358724,0.7601308836563296,0.7591608747360796,0.0009700089202488728,-0.21380924149763914,-0.3457986406270841,-0.20887910516007002,0.11492405118467941,3,0.11975102423342143,-1,0.20663090169914256,0.6728333810584886,0.3112502577764431,0.0,-0.5668704913404197,-0.25562023356397656,0.6238440491936537,0.6728333810584886,0.6728333810584877,0.0,0.3112502577764431,-0.5668704913404197,-0.03514872188145035,0.08372317500573656,1,0.08604639983392026,1,7.014845464704704,7.014845464704705,0.0,9.554008597192066,-4.020454164238704,1.4326379282747834,0.8774024731215619,3,0.8716763173273954,2,7.774976348361034,7.774006339440785,0.0009700089202488728,9.340199355694427,-4.3662528048657885,1.2237588231147134,0.9923265243062414,6,0.9914273415608168,1,7.687678845763193,7.687678845763193,0.0,9.86525885496851,-4.587324655579124,1.397489206393333,0.9611256481272985,4,0.9577227171613156,3
rxn010602,12,3.8678965021590557,5.932202588949892,2.064306086790836,1.1381625407957472,4.94231913631176,3.8041565955160124,True,0.0,0.0,7.067625926237433,0.07756758123583463,-0.9981805899036744,0.0,-0.214810328619701,-1.2129909185233756,5.932202588949892,0.07756758123583463,0.07756758123583463,0.0,-0.9981805899036744,-0.214810328619701,0.26564504083164353,0.14318031954186727,2,0.09976858783324083,1,7.883089004516712,0.0,-2.9407698682049492,0.0,0.0,-2.9407698682049492,4.94231913631176,0.0,0.0,0.0,-2.9407698682049492,0.0,0.0,0.0,0,0.0,0,0.0,0.0,0.0,3.80936528050602,0.0,0.0,0.0,0,0.0,0,0.07756758123583463,0.07756758123583463,0.0,2.8111846906023454,-0.214810328619701,0.26564504083164353,0.14318031954186727,2,0.09976858783324083,1,0.0,0.0,0.0,0.8685954123010706,0.0,0.0,0.0,0,0.0,0
rxn011568,18,4.33965681700829,2.294051746834654,-2.045605070173636,1.1513141602390533,7.556583971964571,6.405269811725518,True,1.4210854715202004e-14,0.0,2.1442389743392454,0.049244559373155666,0.10376253862209134,0.0,-0.00319432549983123,0.10056821312226011,2.2940517468346684,0.049244559373155666,0.049244559373155666,0.0,0.10376253862209134,-0.00319432549983123,0.07541106990680779,0.05892152774277726,1,0.0581667254787801,1,-4.12889673463782,10.93016524008508,6.775221752044048,0.0,-6.01990628552674,0.7553154665173085,7.556583971964571,10.93016524008508,10.93016524008508,0.0,6.775221752044048,-6.01990628552674,2.3711548367300015,0.6818720789623578,3,0.6696227914874155,2,0.004547871012666618,0.004547871012666618,0.0,0.3950528124011901,-0.03793930476769636,0.024191508366898873,0.024191508366898873,1,0.024180768537610753,0,0.053792430385822286,0.053792430385822286,0.0,0.49881535102328145,-0.04113363026752759,0.09960257827370667,0.08311303610967613,2,0.08234749401639085,1,10.934713111097746,10.934713111097746,0.0,7.170274564445238,-6.057845590294436,2.3953463450969004,0.7060635873292567,4,0.6938035600250263,2
rxn000183,11,3.7506356373378367,5.724651452397929,1.974015815060092,2.9561442733765944,5.878545783347057,2.922401509970463,True,0.0,-7.105427357601002e-15,1.079662685858949,7.809772850503064,0.7261558615685437,-3.6165322632909502,-0.2744076822416785,0.45174817932686523,5.724651452397929,7.809772850503064,0.16814912568064133,7.641623724822422,0.7261558615685437,-0.2744076822416785,0.10541569835878861,0.13543611011256873,1,0.7487213007788265,-1,4.6807125080902665,0.13546942325625344,1.2011954589164586,0.0,-0.13883160691593016,1.0623638520005285,5.87854578334705,0.13546942325625344,0.13546942325625344,0.0,1.2011954589164586,-0.13883160691593016,-0.030897129795879108,0.127465838887995,0,0.12294287360588108,-1,0.9137412820679549,0.9137412820679549,0.0,0.6336617123147874,-0.22002657993440672,0.491877781290714,0.2460549841242261,2,0.2424731344542046,3,8.723514132571019,1.0818904077485962,7.641623724822422,1.3598175738833311,-0.4944342621760852,0.5972934796495026,0.38149109423679484,3,0.9911944352330311,2,1.0492107053242083,1.0492107053242083,0.0,1.834857171231246,-0.3588581868503369,0.4609806514948349,0.3735208230122211,2,0.3654160080600857,2
rxn008538,13,5.337553611530893,7.264859234856402,1.927305623325509,3.2410413131074165,5.106300113415642,1.8652588003082258,True,7.105427357601002e-15,1.4210854715202004e-14,5.342386625319413,0.7237406132365631,1.5612998367864375,0.0,-0.3625678404860073,1.1987319963004301,7.264859234856409,0.7237406132365631,0.7237406132365631,0.0,1.5612998367864375,-0.3625678404860073,-0.06385189055551344,0.021873356267708477,-1,0.022803817394782655,0,5.27168759733199,-1.4312363019718308,0.5430429700186226,0.0,0.7228058480368675,1.26584881805549,5.1063001134156565,-1.4312363019718308,-1.4312363019718308,0.0,0.5430429700186226,0.7228058480368675,-0.23005849773165532,-0.060009396091589284,0,-0.06201954462633008,0,11.522250253795189,11.522250253795189,0.0,7.195441157201628,-6.323785558753262,2.1453756322929407,0.8385144283239554,4,0.8312002634590119,2,12.245990867031752,12.245990867031752,0.0,8.756740993988066,-6.68635339923927,2.0815237417374273,0.8603877845916639,3,0.8540040808537945,2,10.091013951823358,10.091013951823358,0.0,7.738484127220251,-5.600979710716395,1.9153171345612854,0.7785050322323661,4,0.7691807188326818,2
rxn008098,18,4.9757428157718095,3.119822046799001,-1.8559207689728083,2.4958947477061884,3.1007045575431675,0.6048098098369792,True,1.4210854715202004e-14,1.4210854715202004e-14,2.801845181180397,-0.020703800029479767,0.2500678435314541,0.0,0.08861282211665125,0.3386806656481054,3.1198220467990154,-0.020703800029479767,-0.020703800029479767,0.0,0.2500678435314541,0.08861282211665125,-0.055828507139571215,-0.05150854708616581,-2,-0.05141186698103439,-1,0.512072717285875,-0.020703800029479767,2.5207228181701375,0.0,0.08861282211665125,2.609335640286789,3.1007045575431817,-0.020703800029479767,-0.020703800029479767,0.0,2.5207228181701375,0.08861282211665125,-0.055828507139571215,-0.05150854708616581,-2,-0.05141186698103439,-1,0.020703800029479767,0.020703800029479767,0.0,0.47776436304464537,-0.08861282211665125,0.055828507139571215,0.05150854708616581,2,0.05141186698103439,1,0.0,0.0,0.0,0.7278322065760995,0.0,0.0,0.0,0,0.0,0,0.0,0.0,0.0,2.998487181214783,0.0,0.0,0.0,0,0.0,0
rxn008312,13,3.187755402401308,1.3410474752496242,-1.8467079271516837,1.2203650936935446,3.841396174860975,2.6210310811674304,True,-7.105427357601002e-15,1.4210854715202004e-14,-2.8568219930174763,8.533212700821856,-1.8489789012485343,-3.8926985613502634,1.4063342300440338,-0.44264467120450046,1.341047475249617,8.533212700821856,0.7552127008218572,7.778,-1.8489789012485343,1.4063342300440338,-0.03559069945709403,-0.06277241487422724,0,0.5905484046567286,1,0.6017609574848422,5.496124191060368,-2.6402436082224776,0.0,0.38375463453825187,-2.2564889736842257,3.8413961748609893,5.496124191060368,5.496124191060368,0.0,-2.6402436082224776,0.38375463453825187,0.32768447953696755,0.19525238602879558,-1,0.2755720140885747,1,1.4051773474912528,1.4051773474912528,0.0,8.471270861349268,-3.9480484502259525,1.7121775853318821,0.4997547940754252,4,0.40945159534327136,3,9.938390048313108,2.16039004831311,7.778,6.622291960100734,-2.5417142201819187,1.676586885874788,0.436982379201198,4,1.0,4,6.901301538551621,6.901301538551621,0.0,5.83102725312679,-3.5642938156877007,2.0398620648688497,0.6950071801042208,3,0.685023609431846,4
rxn009060,13,4.1416114200019365,5.983512105286103,1.8419006852841662,4.027042623878515,8.463194114807216,4.436151490928701,True,-2.1316282072803006e-14,0.0,5.155967147981386,0.16679442692352792,0.4093958293774075,0.2512702537935103,8.444721025856541e-05,0.40948027658766606,5.983512105286081,0.16679442692352792,-1.3435175969645149e-08,0.1667944403587039,0.4093958293774075,8.444721025856541e-05,-0.0028641997807876685,-0.0014253586262302775,-1,0.1463974607155234,0,4.019578587787144,-1.3435175969645149e-08,4.4435310932449905,0.0,8.444721025856541e-05,4.443615540455249,8.463194114807216,-1.3435175969645149e-08,-1.3435175969645149e-08,0.0,4.4435310932449905,8.444721025856541e-05,-0.0028641997807876685,-0.0014253586262302775,-2,-4.155996518662164e-05,0,1.3435175969645149e-08,1.3435175969645149e-08,0.0,0.22640807124654574,-8.444721025856541e-05,0.0028641997807876685,0.0014253586262302775,2,4.155996518662164e-05,0,0.1667944403587039,0.0,0.1667944403587039,0.6358039006239532,0.0,0.0,0.0,1,0.14643902068071002,0,0.0,0.0,0.0,4.669939164491536,0.0,0.0,0.0,0,0.0,0
rxn007261,16,3.700353640539106,1.881843742065115,-1.818509898473991,2.715593896480641,-0.15496358310242897,-2.87055747958307,True,-1.4210854715202004e-14,0.0,-0.8641012518313858,0.5908953473699725,3.6718391902467253,0.20016908946032222,-1.7169586331805373,1.954880557066188,1.8818437420651009,0.5908953473699725,0.5411545045316939,0.04974084283827848,3.6718391902467253,-1.7169586331805373,0.6785938176800976,0.08103013948099624,1,0.07598143795707246,2,0.6602203227224663,-1.4442085567557585,0.01948083622662722,0.0,0.609543814704228,0.6290246509308552,-0.15496358310242897,-1.4442085567557585,-1.4442085567557585,0.0,0.01948083622662722,0.609543814704228,-0.43854342818687253,-0.14426307275830474,-1,-0.1290268689386327,0,2.5988620616857943,2.5988620616857943,0.0,3.0055449137653767,-2.2218881997777573,1.3212348309114357,0.45006827435469887,3,0.4301688897403597,2,3.1897574090557668,3.140016566217488,0.04974084283827848,6.677384104012102,-3.9388468329582946,1.9998286485915333,0.5310984138356951,4,0.5061503276974322,4,1.1546535049300357,1.1546535049300357,0.0,3.025025749992004,-1.6123443850735293,0.8826914027245631,0.3058052015963941,2,0.30114202080172703,2
rxn000315,9,3.1584538796450943,1.4601708421312374,-1.698283037513857,2.2540860020235414,-2.4380449186691493,-4.692130920692691,True,-1.0658141036401503e-14,-3.552713678800501e-15,-3.5239964088860702,8.255349150038908,-0.2791288082767531,-3.864492313392483,0.8724392226476245,0.5933104143708716,1.4601708421312267,8.255349150038908,0.4773491500389093,7.778,-0.2791288082767531,0.8724392226476245,-0.1527058866654012,0.02284605955162977,2,0.7376717797384016,1,0.453924252801329,-0.3000366473424958,-4.1236654011808165,0.0,1.5317328770528311,-2.591932524127985,-2.438044918669153,-0.3000366473424958,-0.3000366473424958,0.0,-4.1236654011808165,1.5317328770528311,-0.6191453097411825,-0.1139477733223897,1,-0.0970344836054231,-1,0.5353096248032625,0.5353096248032625,0.0,5.183097258419098,-2.028796522959836,0.9822229215926148,0.2837567400052441,2,0.2623282202615984,2,8.790658774842171,1.0126587748421718,7.778,4.903968450142345,-1.1563573003122116,0.8295170349272136,0.30660279955687386,4,1.0,3,0.2352729774607667,0.2352729774607667,0.0,1.0594318572382815,-0.4970636459070049,0.3630776118514323,0.1698089666828544,3,0.1652937366561753,1
rxn001167,16,3.9455993502942874,5.594699779549359,1.6491004292550713,3.844186660771811,5.694846778438176,1.850660117666365,True,-7.105427357601002e-15,-1.4210854715202004e-14,5.101796180977587,-0.1318240800531182,0.5682283306338274,0.0,0.056499347991057464,0.6247276786248848,5.594699779549352,-0.1318240800531182,-0.1318240800531182,0.0,0.5682283306338274,0.056499347991057464,-0.18595695968544046,-0.0010911600370304697,-2,-0.001046993062956858,-1,5.2847454696612814,-0.16342535250631562,0.5037921257181519,0.0,0.06973453556504308,0.5735266612831951,5.694846778438162,-0.16342535250631562,-0.16342535250631562,0.0,0.5037921257181519,0.06973453556504308,-0.21067375422338896,-0.013454588077089102,-2,-0.013137201082292549,-1,0.2579884629766294,0.2579884629766294,0.0,0.18617644053772459,-0.11138058717202064,0.36776428728390975,0.09200543715494192,4,0.0911043955892108,2,0.12616438292351123,0.12616438292351123,0.0,0.7544047711715519,-0.05488123918096317,0.1818073275984693,0.09091427711791145,2,0.09005740252625394,1,0.09456311047031381,0.09456311047031381,0.0,0.6899685662558765,-0.04164605160697756,0.1570905330605208,0.07855084907785281,2,0.07796719450691825,1
rxn008659,21,3.8967720116179407,5.539272927703976,1.6425009160860355,3.8853436511708423,5.614967283813996,1.729623632643154,True,2.842170943040401e-14,0.0,5.116733235481689,-0.1212100930374039,0.4904628088721031,0.0,0.053286976387604254,0.5437497852597073,5.539272927704005,-0.1212100930374039,-0.1212100930374039,0.0,0.4904628088721031,0.053286976387604254,-0.17818767145136416,-0.08912533968460323,-2,-0.08827148341975999,-1,5.206342324565966,-0.1212100930374039,0.47654807589781806,0.0,0.053286976387604254,0.5298350522854223,5.614967283813996,-0.1212100930374039,-0.1212100930374039,0.0,0.47654807589781806,0.053286976387604254,-0.17818767145136416,-0.08912533968460323,-2,-0.08827148341975999,-1,0.1212100930374039,0.1212100930374039,0.0,0.11066348993737124,-0.053286976387604254,0.17818767145136416,0.08912533968460323,2,0.08827148341975999,1,0.0,0.0,0.0,0.6011262988094743,0.0,0.0,0.0,0,0.0,0,0.0,0.0,0.0,0.5872115658351893,0.0,0.0,0.0,0,0.0,0
rxn010264,11,4.160599596072643,5.792543430028822,1.6319438339561785,3.7184361999079556,-3.020405124071239,-6.738841323979194,True,1.4210854715202004e-14,7.105427357601002e-15,1.6871052549012333,-0.9354117428012878,4.146611829990677,0.0,0.8942380879382088,5.040849917928886,5.792543430028836,-0.9354117428012878,-0.9354117428012878,0.0,4.146611829990677,0.8942380879382088,-0.2045151506493661,-0.24132889151295833,1,-0.2391530242120652,1,0.046424095395472875,-1.5715965377148962,-2.796289768646246,0.0,1.301057086894434,-1.495232681751812,-3.0204051240712317,-1.5715965377148962,-1.5715965377148962,0.0,-2.796289768646246,1.301057086894434,-0.3328175317756559,-0.30682263439897905,1,-0.3026115358473662,1,4.269230845378334,4.269230845378334,0.0,6.331144928338112,-3.4880354101147053,1.602441829872011,0.7615234765191863,1,0.7408680221542499,2,3.333819102577046,3.333819102577046,0.0,10.47775675832879,-2.5937973221764965,1.3979266792226448,0.520194585006228,2,0.5017149979421847,3,2.6976343076634377,2.6976343076634377,0.0,3.5348551596918663,-2.1869783232202713,1.269624298096355,0.4547008421202072,2,0.43825648630688363,3
rxn002837,11,6.589711631752834,4.969019350852577,-1.6206922809002577,4.290874371676182,-0.7927403571730025,-5.083614728849184,True,-1.4210854715202004e-14,-1.4210854715202004e-14,1.621809509560613,2.6907340813311658,2.8853476654039403,2.220446049250313e-16,-2.2288719054431527,0.6564757599607876,4.969019350852562,2.6907340813311658,2.6907340813311658,0.0,2.8853476654039403,-2.2288719054431527,0.8391670093549948,0.6790390907147095,2,0.3349538772194829,0,0.7631364263742029,0.03360822338156949,-2.9338658784684,0.0,1.3443808715396175,-1.5894850069287823,-0.7927403571730167,0.03360822338156949,0.03360822338156949,0.0,-2.9338658784684,1.3443808715396175,-0.3957107880450559,-0.042063521401038084,1,-0.01094684360947129,1,0.4576122652061896,0.4576122652061896,0.0,4.656395380819664,-2.034990555562795,0.9983664820621103,0.27703490934482655,1,0.24255758428205754,2,3.1483463465373553,3.1483463465373553,0.0,7.541743046223604,-4.263862461005948,1.837533491417105,0.956074000059536,3,0.5775114615015404,2,0.4912204885877591,0.4912204885877591,0.0,1.7225295023512637,-0.6906096840231774,0.6026556940170544,0.23497138794378847,2,0.23161074067258625,3
rxn006144,10,3.545775121434417,1.967919980809178,-1.577855140625239,0.4810987755226961,-2.7241572725958605,-3.2052560481185566,True,0.0,0.0,-1.3303255551901785,5.072375251421566,0.7308535363819093,-3.005523212804747,0.5005399610006314,1.2313934973825411,1.967919980809178,5.072375251421566,-0.5203277627145791,5.592703014136146,0.7308535363819093,0.5005399610006314,-0.002902025790349816,0.2814377481356787,0,0.580557520044207,0,0.06839298016961237,-0.4440398971922437,-3.6873152188410705,0.0,1.3388048632678429,-2.3485103555732274,-2.7241572725958605,-0.4440398971922437,-0.4440398971922437,0.0,-3.6873152188410705,1.3388048632678429,-0.5512531310998494,-0.127856672577781,0,-0.1473803423589568,-1,0.5576546952895772,0.5576546952895772,0.0,4.851007501487654,-1.8664203808543822,0.9351855009775549,0.2813829038819353,2,0.2674054933395573,2,5.630029946711144,0.03732693257499805,5.592703014136146,5.5818610378695634,-1.3658804198537509,0.9322834751872051,0.562820652017614,2,0.8479630133837643,2,0.11361479809733353,0.11361479809733353,0.0,1.1636922826465836,-0.5276155175865394,0.3839323698777055,0.15352623130415433,2,0.12002515098060051,1
rxn001671,8,2.62122820768127,4.164716853089843,1.5434886454085728,0.73363619527845,2.412546535708934,1.678910340430484,True,3.552713678800501e-15,7.105427357601002e-15,2.608919178221697,4.731216316270817e-06,1.5538883539206014,0.002177471322069254,-0.0002728815908432658,1.5536154723297582,4.164716853089846,4.731216316270817e-06,0.0,4.731216316270817e-06,1.5538883539206014,-0.0002728815908432658,0.0007800016162073931,0.0007800016162073931,1,0.0007799242663115713,0,-0.9651058228647997,0.0,3.3776523585737377,0.0,0.0,3.3776523585737377,2.412546535708941,0.0,0.0,0.0,3.3776523585737377,0.0,0.0,0.0,0,0.0,0,0.0,0.0,0.0,0.02311980639579303,0.0,0.0,0.0,0,0.0,0,4.731216316270817e-06,0.0,4.731216316270817e-06,1.5770081603163946,-0.0002728815908432658,0.0007800016162073931,0.0007800016162073931,1,0.0007799242663115713,0,0.0,0.0,0.0,3.400772164969531,0.0,0.0,0.0,0,0.0,0
rxn009056,15,2.0813007362266944,3.6208654771873086,1.5395647409606141,0.7320170960283576,4.801676475542095,4.0696593795137375,True,0.0,0.0,3.2643975105107046,0.0,0.3564679666766093,0.0,0.0,0.3564679666766093,3.6208654771873086,0.0,0.0,0.0,0.3564679666766093,0.0,0.0,0.0,0,0.0,0,3.3113622000204046,0.0,1.4903142755216923,0.0,0.0,1.4903142755216923,4.801676475542095,0.0,0.0,0.0,1.4903142755216923,0.0,0.0,0.0,0,0.0,0,0.0,0.0,0.0,3.819798814204926,0.0,0.0,0.0,0,0.0,0,0.0,0.0,0.0,4.1762667808815355,0.0,0.0,0.0,0,0.0,0,0.0,0.0,0.0,5.310113089726618,0.0,0.0,0.0,0,0.0,0
rxn007783,21,5.792338816007032,7.311804755975658,1.519465939968626,-0.07903389853254339,-0.016218625873406722,0.06281527265913667,True,2.842170943040401e-14,1.4210854715202004e-14,2.04938690734798,7.868432745838359,-0.647423100268695,0.0,-1.958591796941965,-2.60601489721066,7.311804755975686,7.868432745838359,7.868432745838359,0.0,-0.647423100268695,-1.958591796941965,1.2656677160864063,0.9832773911194752,2,0.9713822953930791,0,-0.0015405186925789849,0.0,-0.01467810718081397,0.0,0.0,-0.01467810718081397,-0.01621862587339251,0.0,0.0,0.0,-0.01467810718081397,0.0,0.0,0.0,0,0.0,0,0.0,0.0,0.0,3.8929509756521186,0.0,0.0,0.0,0,0.0,0,7.868432745838359,7.868432745838359,0.0,3.2455278753834236,-1.958591796941965,1.2656677160864063,0.9832773911194752,2,0.9713822953930791,0,0.0,0.0,0.0,3.8782728684713046,0.0,0.0,0.0,0,0.0,0
rxn003064,11,4.252433923898934,5.748797057152544,1.4963631332536096,0.37076095811789855,0.21860159321870754,-0.15215936489919102,True,-7.105427357601002e-15,1.4210854715202004e-14,0.1303658124036815,1.9462027639703863,4.214574012716811,-0.12087147080216121,-0.42147406113617564,3.793099951580636,5.748797057152537,1.9462027639703863,0.8226224845362465,1.1235802794341396,4.214574012716811,-0.42147406113617564,0.3425835880069892,0.2867699939592825,1,0.29959331566568315,0,0.28065661744871306,-0.050379114954361266,-0.20315763789202962,0.0,0.19148172861639662,-0.011675909275633,0.21860159321872175,-0.050379114954361266,-0.050379114954361266,0.0,-0.20315763789202962,0.19148172861639662,-0.08144904405365105,-0.08144904405365105,-1,-0.08048061703911902,-1,0.050379114954361266,0.050379114954361266,0.0,0.46772188074375964,-0.19148172861639662,0.08144904405365105,0.08144904405365105,1,0.08048061703911902,1,1.9965818789247476,0.8730015994906078,1.1235802794341396,4.682295893460571,-0.6129557897525723,0.42403263206064024,0.36821903801293354,2,0.38007393270480216,1,0.0,0.0,0.0,0.26456424285173,0.0,0.0,0.0,0,0.0,0
rxn001872,16,5.5998162446740025,7.065351409152271,1.4655351644782684,4.094641974095794,5.652821048020051,1.5581790739242578,True,7.105427357601002e-15,0.0,3.6255407213266864,2.6540371179323263,1.241808559765631,-0.4431901936541962,-0.012844796218169474,1.228963763547461,7.065351409152278,2.6540371179323263,0.00509378796076557,2.648943329971561,1.241808559765631,-0.012844796218169474,0.07101708927350181,0.07101708927350181,2,0.5835826399105644,1,5.4265621593579,0.0,0.22625888866215238,0.0,0.0,0.22625888866215238,5.652821048020051,0.0,0.0,0.0,0.22625888866215238,0.0,0.0,0.0,0,0.0,0,0.0,0.0,0.0,3.872218551838798,0.0,0.0,0.0,0,0.0,0,2.6540371179323263,0.00509378796076557,2.648943329971561,5.114027111604429,-0.012844796218169474,0.07101708927350181,0.07101708927350181,2,0.5835826399105644,1,0.0,0.0,0.0,4.09847744050095,0.0,0.0,0.0,0,0.0,0
rxn006753,12,4.150777556409594,2.7416680216431786,-1.409109534766415,1.9866180157296185,5.890318116518095,3.903700100788477,True,7.105427357601002e-15,0.0,-2.8561616347340646,6.695999127027552,3.060383466464269,0.0,-4.158552937114578,-1.0981694706503093,2.7416680216431857,6.695999127027552,6.695999127027552,0.0,3.060383466464269,-4.158552937114578,1.9979502918439689,0.5944428420983705,2,0.57875853898901,2,-5.1525069745929954,11.054191407751764,6.3519290547849065,0.0,-6.363295371425586,-0.011366316640679663,5.890318116518095,11.054191407751764,11.054191407751764,0.0,6.3519290547849065,-6.363295371425586,2.0791175920726417,0.8091620350554289,3,0.8008376029107525,2,0.0016764853519286751,0.0016764853519286751,0.0,3.8405706963234154,-0.022171642224894095,0.014684174105354053,0.014684174105354053,1,0.0146813472929046,0,6.697675612379481,6.697675612379481,0.0,6.900954162787684,-4.180724579339472,2.012634465949323,0.6091270162037246,3,0.5934398862819146,2,11.055867893103693,11.055867893103693,0.0,10.192499751108322,-6.38546701365048,2.0938017661779957,0.823846209160783,4,0.8155189502036571,2
rxn001064,12,3.144414537706325,1.749195845573098,-1.395218692133227,2.80937044788152,2.095432907705643,-0.713937540175877,True,0.0,1.4210854715202004e-14,4.398868836459762,-1.0350216718175458,-4.2953644894304555,0.0,2.680713170361338,-1.6146513190691176,1.749195845573098,-1.0350216718175458,-1.0350216718175458,0.0,-4.2953644894304555,2.680713170361338,-1.4656819424701384,-0.37176685510196616,-1,-0.364788175433596,-2,4.762327453591723,-1.0348564353053833,-4.305756056097833,0.0,2.6737179455171485,-1.6320381105806843,2.095432907705657,-1.0348564353053833,-1.0348564353053833,0.0,-4.305756056097833,2.6737179455171485,-1.4610726862982095,-0.3671575989300373,0,-0.36017904455598204,-2,1.0350216718175458,1.0350216718175458,0.0,4.875823253550559,-2.680713170361338,1.4656819424701384,0.37176685510196616,1,0.364788175433596,2,0.0,0.0,0.0,0.5804587641201034,0.0,0.0,0.0,0,0.0,0,0.0001652365121625659,0.0001652365121625659,0.0,0.5700671974527262,-0.006995224844189435,0.004609256171928866,0.004609256171928866,1,0.004609130877613943,0
rxn006292,14,3.9450358705125836,5.3247639967202645,1.3797281262076808,3.685770223260988,5.359414445258793,1.6736442219978045,True,1.4210854715202004e-14,7.105427357601002e-15,4.631496338672541,-2.083797597676587,3.482520622916009,0.0,-0.7054553671916877,2.777065255724321,5.324763996720279,-2.083797597676587,-2.0837975976765875,0.0,3.482520622916009,-0.7054553671916877,-0.1556957892199995,-0.21259088381247437,-2,-0.27452869062494045,-1,5.28584504623516,-1.3713715520475858,2.4711166727801674,0.0,-1.026175721708949,1.4449409510712183,5.3594144452588,-1.3713715520475858,-1.3713715520475862,0.0,2.4711166727801674,-1.026175721708949,0.01863275973176437,-0.20008465887939453,-2,-0.22977137472280873,-1,3.7879568094726412,3.7879568094726417,0.0,1.6541518982581072,-1.5829562972549878,1.3462085514131452,0.5701011328795111,5,0.5523393564859003,3,1.704159211796054,1.7041592117960542,0.0,5.136672521174116,-2.2884116644466754,1.1905127621931457,0.35751024906703677,3,0.2778106658609598,2,2.4165852574250555,2.4165852574250555,0.0,4.125268571038275,-2.609132018963937,1.3648413111449096,0.3700164740001166,3,0.32256798176309154,2
rxn004311,16,4.819815226886931,3.4462800442600496,-1.3735351826268811,0.7324273675412769,7.092489694037916,6.360062326496639,True,0.0,0.0,2.5641678447048264,0.39050016214120076,0.30017153852297795,0.3095141807662376,-0.11807368187519782,0.18209785664778,3.4462800442600496,0.39050016214120076,0.20795490986649987,0.18254525227470086,0.30017153852297795,-0.11807368187519782,0.2675573576893624,0.1662134022788122,4,0.1602089370700499,1,-2.454453536981603,8.456079060303534,6.005238868705579,0.0,-4.9143746979895955,1.0908641707159834,7.092489694037916,8.456079060303534,8.456079060303534,0.0,6.005238868705579,-4.9143746979895955,2.1482485619172302,0.5389550543499171,4,0.5229778765608355,2,0.0,0.0,0.0,3.8234836688036076,0.0,0.0,0.0,0,0.0,0,0.39050016214120076,0.20795490986649987,0.18254525227470086,4.1236552073265855,-0.11807368187519782,0.2675573576893624,0.1662134022788122,4,0.1602089370700499,1,8.456079060303534,8.456079060303534,0.0,9.828722537509186,-4.9143746979895955,2.1482485619172302,0.5389550543499171,4,0.5229778765608355,2
rxn008120,18,3.3786634813714045,4.727627711136407,1.3489642297650022,0.8066952081007912,1.9262138434516203,1.119518635350829,True,0.0,0.0,4.296132008994064,-0.011122194928856287,1.823079057124003,0.0,-1.3804611600527952,0.44261789707120774,4.727627711136407,-0.011122194928856287,-0.011122194928856287,0.0,1.823079057124003,-1.3804611600527952,1.1090429415083443,0.47773850101140436,0,-0.03176267795816612,0,1.9987901586718948,0.032592942977136344,-0.07607957248677721,0.0,-0.029089685710631086,-0.1051692581974083,1.9262138434516203,0.032592942977136344,0.032592942977136344,0.0,-0.07607957248677721,-0.029089685710631086,0.06163615349377505,0.030393096510983764,1,0.03009383055841175,1,0.011463953408019645,0.011463953408019645,0.0,0.4056293310056758,-0.06045553652601282,0.03843098703685133,0.03843098703685133,1,0.03839133698462005,0,0.0003417584791633578,0.0003417584791633578,0.0,2.2287083881296788,-1.440916696578808,1.1474739285451956,0.5161694880482557,1,0.006628659026453931,0,0.04405689638515599,0.04405689638515599,0.0,0.32954975851889856,-0.0895452222366439,0.10006714053062638,0.06882408354783509,2,0.0684851675430318,1
rxn009992,14,1.967994572914904,3.3060953769697434,1.3381008040548394,0.4545621527413459,3.042017445277068,2.587455292535722,True,0.0,-7.105427357601002e-15,2.531740311557485,0.0,0.7743550654122546,0.0,0.0,0.7743550654122546,3.3060953769697434,0.0,0.0,0.0,0.7743550654122546,0.0,0.0,0.0,0,0.0,0,6.019009221990274,0.0,-2.9769917767132137,0.0,0.0,-2.9769917767132137,3.042017445277061,0.0,0.0,0.0,-2.9769917767132137,0.0,0.0,0.0,0,0.0,0,0.0,0.0,0.0,3.431196561515978,0.0,0.0,0.0,0,0.0,0,0.0,0.0,0.0,4.205551626928233,0.0,0.0,0.0,0,0.0,0,0.0,0.0,0.0,0.4542047848027646,0.0,0.0,0.0,0,0.0,0
rxn010670,14,3.451802346004115,4.644001821592127,1.192199475588012,0.46067282599324244,5.602840335106293,5.142167509113051,True,0.0,0.0,-0.6349914160702994,3.450252885225682,3.7155898028436267,0.11171045979685838,-1.9985599102037384,1.7170298926398884,4.644001821592127,3.450252885225682,3.4377708492278973,0.012482035997785038,3.7155898028436267,-1.9985599102037384,0.20634565150457385,0.07428133215281774,1,0.0758887161561157,-1,-0.7333613220799293,1.882320764418111,5.346761681771146,0.0,-0.8928807890030335,4.453880892768113,5.602840335106293,1.882320764418111,1.882320764418111,0.0,5.346761681771146,-0.8928807890030335,-0.3104022294632489,0.07341770461335573,-2,0.07568593743238772,-1,6.883233487549255,6.883233487549255,0.0,7.721128959942971,-3.9709540132025616,1.830052165927852,0.7003444071261278,4,0.6891025908425377,3,10.333486372774937,10.321004336777152,0.012482035997785038,11.436718762786597,-5.9695139234063,2.0363978174324258,0.7746257392789455,5,0.7649913069986534,2,8.765554251967366,8.765554251967366,0.0,13.067890641714117,-4.863834802205595,1.519649936464603,0.7737621117394835,2,0.7647885282749254,2
rxn009612,12,2.983947180735413,1.8074469209451678,-1.1765002597902452,-0.294658980326858,-1.0280096452611076,-0.7333506649342496,True,7.105427357601002e-15,7.105427357601002e-15,2.4789879539661968,-0.5486798831872275,0.3582097388516585,0.0,-0.48107088868545356,-0.12286114983379504,1.807446920945175,-0.5486798831872275,-0.5486798831872275,0.0,0.3582097388516585,-0.48107088868545356,0.5819054056444937,0.33179142046083543,-1,-0.18327450181669747,-1,-0.1861565352985508,0.6170196699340695,-2.206139330772089,0.0,0.7472665508754734,-1.4588727798966157,-1.0280096452611005,0.6170196699340695,0.6170196699340695,0.0,-2.206139330772089,0.7472665508754734,-0.3960074531153779,0.020024754023073132,-1,0.13401723978052527,-1,0.5955345406737724,0.5955345406737724,0.0,5.132411447454636,-2.0436147998895966,1.1556816465789257,0.3882585393780391,3,0.2603348781854722,3,0.04685465748654493,0.04685465748654493,0.0,5.490621186306295,-2.52468568857505,1.7375870522234194,0.7200499598388745,2,0.07706037636877472,2,1.212554210607842,1.212554210607842,0.0,2.926272116682547,-1.2963482490141232,0.7596741934635478,0.40828329340111225,2,0.39435211796599745,2
rxn011795,15,5.037057639190607,6.200317825599562,1.1632601864089551,1.3934071125240735,2.9153306608790004,1.521923548354927,True,1.4210854715202004e-14,1.4210854715202004e-14,5.479227859446105,1.4170873495905525e-06,0.7210892849505544,0.0,-7.358844353756028e-07,0.721088549066119,6.200317825599576,1.4170873495905525e-06,1.4170873495905525e-06,0.0,0.7210892849505544,-7.358844353756028e-07,0.00042683935292320285,0.00042683935292320285,1,0.0004268392431221457,0,2.4951300445722495,0.0,0.4202006163067625,0.0,0.0,0.4202006163067625,2.9153306608790146,0.0,0.0,0.0,0.4202006163067625,0.0,0.0,0.0,0,0.0,0,0.0,0.0,0.0,0.30063070503049966,0.0,0.0,0.0,0,0.0,0,1.4170873495905525e-06,1.4170873495905525e-06,0.0,1.021719989981054,-7.358844353756028e-07,0.00042683935292320285,0.00042683935292320285,1,0.0004268392431221457,0,0.0,0.0,0.0,0.7208313213372621,0.0,0.0,0.0,0,0.0,0
rxn008554,13,4.919922191646037,6.037617492094391,1.1176953004483536,2.4046856967197527,2.8947280503799746,0.49004235366022186,True,-7.105427357601002e-15,-7.105427357601002e-15,-2.9054802195735547,3.7711995367784104,6.682181989120274,0.0,-1.5102838142307378,5.171898174889535,6.037617492094384,3.7711995367784104,3.7711995367784104,0.0,6.682181989120274,-1.5102838142307378,1.1913341556590233,0.4461885000135206,2,0.42636094773902045,1,1.4753861783907496,0.3156870188550343,1.3783028522796017,0.0,-0.27464799914541743,1.1036548531341843,2.8947280503799675,0.3156870188550343,0.3156870188550343,0.0,1.3783028522796017,-0.27464799914541743,0.3639934589816014,0.13074651311762597,0,0.1266703914625955,1,0.028366440667634253,0.028366440667634253,0.0,0.24946735111958634,-0.04364257965872153,0.07234604271214407,0.05917830259867207,2,0.05893802411520799,1,3.7995659774460444,3.7995659774460444,0.0,6.93164934023986,-1.5539263938894592,1.2636801983711674,0.5053668026121927,4,0.48529897185422843,2,0.3440534595226686,0.3440534595226686,0.0,1.627770203399188,-0.31829057880413897,0.43633950169374547,0.18992481571629805,2,0.1856084155778035,2
rxn011080,15,3.085969846137232,4.198597140495451,1.1126272943582194,2.0664406689484167,-0.5135430345296683,-2.579983703478085,True,-7.105427357601002e-15,-1.4210854715202004e-14,-2.4032978610784568,6.960618959284723,1.079190503060114,-2.1272420830124075,0.689327622241469,1.7685181253015831,4.198597140495444,6.960618959284723,2.223131812205814,4.737487147078909,1.079190503060114,0.689327622241469,-0.22225177509299865,0.27724415926651913,2,0.41931234245144244,1,2.447585953638324,-1.0143591310909434,-4.467829696921965,0.0,2.521059839844904,-1.9467698570770602,-0.5135430345296825,-1.0143591310909434,-1.0143591310909434,0.0,-4.467829696921965,2.521059839844904,-1.4156669371324218,-0.3681323017135383,-1,-0.36112861484252345,-2,1.0143591310909434,1.0143591310909434,0.0,4.598858797280079,-2.521059839844904,1.4156669371324218,0.3681323017135383,1,0.36112861484252345,2,7.974978090375666,3.2374909432967574,4.737487147078909,5.678049300340193,-1.831732217603435,1.193415162039423,0.6453764609800574,3,0.7804409572939659,3,0.0,0.0,0.0,0.13102910035811488,0.0,0.0,0.0,0,0.0,0
rxn008083,19,3.11783048003781,4.214285536263972,1.0964550562261621,0.7265204885243293,3.3690585445889667,2.6425380560646374,True,-1.4210854715202004e-14,-1.4210854715202004e-14,3.1795276384779356,0.14664173534301803,0.8150606427499665,0.30821308826427446,-0.23515756857123932,0.5799030741787272,4.214285536263958,0.14664173534301803,0.009520781735194793,0.13712095360782323,0.8150606427499665,-0.23515756857123932,0.27004899336472277,0.1895618163809356,2,0.13277549923536425,0,0.06954217499483661,0.0,3.2995163695941176,0.0,0.0,3.2995163695941176,3.3690585445889525,0.0,0.0,0.0,3.2995163695941176,0.0,0.0,0.0,0,0.0,0,0.0,0.0,0.0,0.05899896108339768,0.0,0.0,0.0,0,0.0,0,0.14664173534301803,0.009520781735194793,0.13712095360782323,0.8740596038333641,-0.23515756857123932,0.27004899336472277,0.1895618163809356,2,0.13277549923536425,0,0.0,0.0,0.0,3.3585153306775153,0.0,0.0,0.0,0,0.0,0
rxn003957,15,3.923860124841667,4.969085280931807,1.0452251560901402,3.2290839741972377,3.808574498230115,0.5794905240328774,True,0.0,0.0,-0.6685582088110706,8.520183698611485,0.9154434970451804,-3.5136654964213703,-0.28431820949241593,0.6311252875527644,4.969085280931807,8.520183698611485,0.7421836986114846,7.778,0.9154434970451804,-0.28431820949241593,0.31547820693012296,0.3005672999776725,2,0.9732937968620132,1,3.792051502228162,-0.005547403760187873,-0.01992541252602631,0.0,0.04199581228816959,0.022070399762143256,3.808574498230115,-0.005547403760187873,-0.005547403760187873,0.0,-0.01992541252602631,0.04199581228816959,-0.026656806115906484,-0.026656806115906484,0,-0.026642662810465456,0,0.00554743516287679,0.00554743516287679,0.0,0.3996927718849967,-0.042090891831975896,0.026720346443636078,0.026720346443636078,1,0.026706203137986773,0,8.52573113377436,0.7477311337743614,7.778,1.315136268930177,-0.3264091013243918,0.34219855337375904,0.3272876464213086,3,1.0,1,3.140268891695272e-08,3.140268891695272e-08,0.0,0.3797673593589704,-9.507954380630346e-05,6.354032772959428e-05,6.354032772959428e-05,1,6.354032752131644e-05,0
rxn007361,15,3.525592104277166,4.512082342814878,0.9864902385377121,3.159955052911755,3.257239005922429,0.09728395301067394,True,0.0,7.105427357601002e-15,6.454958764200285,-1.6936431452455984,-2.4270699651683643,0.0,2.1778366890285605,-0.24923327613980284,4.512082342814878,-1.6936431452455984,-1.6936431452455984,0.0,-2.4270699651683643,2.1778366890285605,-0.7005132987276244,0.32030176753428474,-1,0.33208652603182287,0,7.1598756889861335,-3.3647034008055083,-4.210987128165733,0.0,3.673053845907547,-0.5379332822581855,3.257239005922436,-3.3647034008055083,-3.3647034008055083,0.0,-4.210987128165733,3.673053845907547,-1.1781044623296175,0.33143891843347095,-1,0.34397106816582035,-1,11.46561180824722,11.46561180824722,0.0,16.221968976012374,-7.467110839567647,2.4722505526611736,0.6685610815665308,4,0.6560289318341797,2,9.771968663001621,9.771968663001621,0.0,13.79489901084401,-5.289274150539087,1.7717372539335492,0.9888628491008156,3,0.9881154578660025,2,8.100908407441711,8.100908407441711,0.0,12.01098184784664,-3.7940569936601003,1.294146090331556,1.0000000000000018,3,1.0,1
rxn004984,13,4.269004202313226,5.2260174608931464,0.95701325857992,3.781296374279009,5.210454528630706,1.429158154351697,True,7.105427357601002e-15,7.105427357601002e-15,1.0403295968896416,7.764853754288454,0.11844971541779009,-3.714574004200281,0.01695839849755086,0.13540811391534097,5.2260174608931536,7.764853754288454,-0.01004068085912721,7.774894435147582,0.11844971541779009,0.01695839849755086,-0.07649311303742312,0.01189488655036719,0,0.9048536654577934,-1,4.822393880838341,0.14157111334104797,0.28207428398490203,0.0,-0.03558474953357485,0.2464895344513272,5.210454528630713,0.14157111334104797,0.14157111334104797,0.0,0.28207428398490203,-0.03558474953357485,-0.03299363369868802,0.08376010825872982,-1,0.08067090846423053,-1,0.09831435580609796,0.09831435580609796,0.0,0.2668193198108461,-0.074180885069416,0.23100888889180649,0.09584868229850141,2,0.09494667685974889,2,7.863168110094552,0.08827367494697075,7.774894435147582,0.3852690352286362,-0.05722248657186514,0.15451577585438336,0.1077435688488686,2,0.9998003423175423,1,0.23988546914714592,0.23988546914714592,0.0,0.5488936037957481,-0.10976563460299085,0.19801525519311847,0.17960879055723122,1,0.17561758532397942,1
rxn004021,14,5.298427096677187,6.214881201207163,0.9164541045299757,1.570581610298177,4.660824388389628,3.0902427780914508,True,-7.105427357601002e-15,7.105427357601002e-15,4.2134903104949615,0.7082477653088444,1.0130978911568718,0.28004523424647276,0.0,1.0130978911568718,6.214881201207156,0.7082477653088444,0.0,0.7082477653088444,1.0130978911568718,0.0,0.0,0.0,1,0.30175789188706914,0,4.6565673988254375,0.0,0.004256989564193462,0.0,0.0,0.004256989564193462,4.660824388389635,0.0,0.0,0.0,0.004256989564193462,0.0,0.0,0.0,0,0.0,0,0.0,0.0,0.0,0.031141345881198625,0.0,0.0,0.0,0,0.0,0,0.7082477653088444,0.0,0.7082477653088444,1.0442392370380704,0.0,0.0,0.0,1,0.30175789188706914,0,0.0,0.0,0.0,0.03539833544539209,0.0,0.0,0.0,0,0.0,0
rxn010413,13,5.240013202952468,6.107079368958438,0.8670661660059693,2.5859899060378666,0.8340988360144905,-1.751891070023376,True,0.0,-7.105427357601002e-15,-1.032106935490873,7.434458180852263,0.5626930885398131,0.0,-0.8579649649427652,-0.2952718764029525,6.107079368958438,7.434458180852263,7.434458180852263,0.0,0.5626930885398131,-0.8579649649427652,0.8130846990631357,0.4449181534278779,0,0.642668799665179,1,0.44578275446681914,2.199951367634407,-2.2504611718342584,0.0,0.43882588574752157,-1.8116352860867373,0.8340988360144834,2.199951367634407,2.199951367634407,0.0,-2.2504611718342584,0.43882588574752157,0.12222324517938032,0.045727828025088346,-1,0.23543779512289165,0,0.9239115892323759,0.9239115892323759,0.0,8.139822140096935,-3.6351761699537595,1.4079567929653494,0.5336665219675947,3,0.3307025459716666,2,8.35836977008464,8.35836977008464,0.0,8.702515228636749,-4.493141134896525,2.221041492028485,0.9785846753954726,3,0.9733713456368456,3,3.1238629568667826,3.1238629568667826,0.0,5.889360968262677,-3.196350284206238,1.5301800381447297,0.579394349992683,2,0.5661403410945582,2
rxn006364,19,4.572313121772822,3.712645438025845,-0.8596676837469772,0.03165086949047691,-0.4515328586894327,-0.4831837281799096,True,-1.4210854715202004e-14,-1.4210854715202004e-14,1.5220166671298188,2.3856164146055256,0.264499493211416,-0.3513786219720041,-0.10810851494891843,0.1563909782624976,3.712645438025831,2.3856164146055256,0.35798298988582833,2.0276334247196974,0.264499493211416,-0.10810851494891843,0.22734669829381193,0.22734669829381193,2,0.5105764171981322,1,-0.5460505874985415,0.010291244765707083,0.08894228655681419,0.0,-0.004715802513410847,0.08422648404340333,-0.4515328586894469,0.010291244765707083,0.01029124476570708,0.0,0.08894228655681419,-0.004715802513410847,0.05969234078105812,0.02546601189957709,5,0.025438137312950637,0,0.0,0.0,0.0,0.05118305652198712,0.0,0.0,0.0,0,0.0,0,2.3856164146055256,0.35798298988582833,2.0276334247196974,0.31568254973340315,-0.10810851494891843,0.22734669829381193,0.22734669829381193,2,0.5105764171981322,1,0.010291244765707083,0.01029124476570708,0.0,0.1401253430788013,-0.004715802513410847,0.05969234078105812,0.02546601189957709,5,0.025438137312950637,0
rxn002799,12,2.418677821462552,3.272629526881097,0.8539517054185453,-0.027142272045239224,5.65316048989925,5.680302761944489,True,-2.1316282072803006e-14,-1.4210854715202004e-14,1.713073680623765,0.0,1.559555846257311,0.0,0.0,1.559555846257311,3.272629526881076,0.0,0.0,0.0,1.559555846257311,0.0,0.0,0.0,0,0.0,0,1.6884612559256453,5.572603606687849,0.32573538392863854,0.0,-1.933639756642898,-1.6079043727142595,5.653160489899236,5.572603606687849,5.572603606687849,0.0,0.32573538392863854,-1.933639756642898,1.1800189619361765,0.8407406829937893,3,0.8296849168519156,4,0.0,0.0,0.0,3.359580013923546,0.0,0.0,0.0,0,0.0,0,0.0,0.0,0.0,4.919135860180857,0.0,0.0,0.0,0,0.0,0,5.572603606687849,5.572603606687849,0.0,3.6853153978521846,-1.933639756642898,1.1800189619361765,0.8407406829937893,3,0.8296849168519156,4
rxn011443,11,2.0047653409183113,2.822635671739942,0.8178703308216306,-0.3020160466348898,-2.5312778250865904,-2.2292617784517006,True,1.0658141036401503e-14,0.0,-0.5003151530356931,6.343346949047847,1.6151570732500637,-2.9130012315689466,-1.722551965953314,-0.1073948927032502,2.8226356717399526,6.343346949047847,0.9193757860167091,5.423971163031138,1.6151570732500637,-1.722551965953314,1.2018908080896122,-0.018932840988639565,1,0.13406512357276568,2,-0.14864508018764866,0.9144558994232366,-4.581737630684543,0.0,1.2846489863623742,-3.297088644322169,-2.5312778250865904,0.9144558994232366,0.9144558994232366,0.0,-4.581737630684543,1.2846489863623742,-0.005049264815317311,0.04713866232731867,-1,0.04793735411811051,0,4.571459714035207,4.571459714035207,0.0,10.151058970214171,-4.586120135707889,1.6029995144695683,0.7227901709583473,3,0.7010084041709788,3,10.914806663083054,5.490835500051916,5.423971163031138,11.766216043464235,-6.308672101661203,2.8048903225591806,0.7038573299697077,4,0.8350735277437444,5,5.4859156134584435,5.4859156134584435,0.0,5.569321339529628,-3.3014711493455144,1.597950249654251,0.769928833285666,2,0.7489457582890893,3
rxn002059,9,3.957425124872316,3.1734823671536816,-0.7839427577186342,1.5635805750462168,-5.124528247731689,-6.688108822777906,True,-3.552713678800501e-15,-7.105427357601002e-15,-2.0577323524401763,5.2552498620575925,0.9829136098468503,-1.181887314104591,0.17493856179399936,1.1578521716408496,3.173482367153678,5.2552498620575925,1.761254376439498,3.493995485618095,0.9829136098468503,0.17493856179399936,0.038540838868094784,0.06516439531960438,2,0.5966382034917332,2,-1.7122466583872793,-0.04212961893855645,-5.860964605249584,0.0,2.490812634843724,-3.3701519704058605,-5.124528247731696,-0.04212961893855645,-0.04212961893855645,0.0,-5.860964605249584,2.490812634843724,-1.01994362982962,-0.4299261090980422,-1,-0.07359694650361703,0,0.04212961893855645,0.04212961893855645,0.0,5.924676487279742,-2.490812634843724,1.01994362982962,0.4299261090980422,1,0.07359694650361703,0,5.297379480996149,1.8033839953780544,3.493995485618095,6.907590097126592,-2.3158740730497245,1.0584844686977148,0.49509050441764657,3,0.6702351499953503,2,0.0,0.0,0.0,0.06371188203015758,0.0,0.0,0.0,0,0.0,0
rxn004948,11,3.491546817835115,2.714242355787512,-0.7773044620476028,0.022633873246377334,6.41512146822933,6.392487594982953,True,0.0,0.0,2.5773562029266515,2.1789861621028668,-1.0866715986916042,0.0,-0.9554284105503995,-2.0421000092420036,2.714242355787512,2.1789861621028668,2.1789861621028668,0.0,-1.0866715986916042,-0.9554284105503995,0.8827453108543035,0.54159401232481,3,0.5125329038986379,2,-2.2250487431198778,11.091381580110031,3.6608633434891025,0.0,-6.11207471224992,-2.4512113687608177,6.41512146822933,11.091381580110031,11.091381580110031,0.0,3.6608633434891025,-6.11207471224992,2.1422632356816895,0.8169868129279738,4,0.8090434840950644,2,0.0,0.0,0.0,3.3335240555937102,0.0,0.0,0.0,0,0.0,0,2.1789861621028668,2.1789861621028668,0.0,2.246852456902106,-0.9554284105503995,0.8827453108543035,0.54159401232481,3,0.5125329038986379,2,11.091381580110031,11.091381580110031,0.0,6.994387399082813,-6.11207471224992,2.1422632356816895,0.8169868129279738,4,0.8090434840950644,2
rxn008800,15,3.053095498296898,3.798321007596421,0.745225509299523,0.642414349498722,0.6725990691099071,0.030184719611185074,True,7.105427357601002e-15,-1.4210854715202004e-14,-0.749151909525466,6.9367020300227065,2.0338492626815756,-4.261392722022484,-0.16168565355989756,1.872163609121678,3.798321007596428,6.9367020300227065,0.0,6.9367020300227065,2.0338492626815756,-0.16168565355989756,0.1281634624169783,0.044559312417692176,1,0.9443708003426505,0,0.6531693586304215,0.0,0.01942971047947628,0.0,0.0,0.01942971047947628,0.6725990691098929,0.0,0.0,0.0,0.01942971047947628,0.0,0.0,0.0,0,0.0,0,0.0,0.0,0.0,0.07594468716063257,0.0,0.0,0.0,0,0.0,0,6.9367020300227065,0.0,6.9367020300227065,2.1097939498422082,-0.16168565355989756,0.1281634624169783,0.044559312417692176,1,0.9443708003426505,0,0.0,0.0,0.0,0.09537439764010885,0.0,0.0,0.0,0,0.0,0
rxn001311,13,3.719106005458343,4.453963681029421,0.7348576755710781,0.23694079739470908,3.560088305849604,3.3231475084548947,True,-1.4210854715202004e-14,-1.4210854715202004e-14,0.8611525024552407,7.496394490870107,-0.16268337986923065,-3.2029529192709374,-0.5379470131557702,-0.7006303930250009,4.453963681029407,7.496394490870107,1.1575740996992154,6.338820391170892,-0.16268337986923065,-0.5379470131557702,0.5354023909597387,0.1695945705572055,2,0.7113348295527369,3,7.445228258677666,-0.5663516180748795,-3.506576829782703,0.0,0.18778849502950937,-3.3187883347531937,3.5600883058495896,-0.5663516180748795,-0.5663516180748797,0.0,-3.506576829782703,0.18778849502950937,-0.40329556753678064,-0.15128695633183886,-3,-0.1475949732303361,-1,0.581290915320552,0.5812909153205521,0.0,3.768035618651856,-0.19423763285130358,0.44722899350871614,0.19522038230377436,4,0.1914209006163725,1,8.077685406190659,1.7388650150197675,6.338820391170892,3.6053522387826256,-0.7321846460070738,0.9826313844684549,0.36481495286097987,6,0.9027557301691094,4,0.014939297245672448,0.014939297245672448,0.0,0.26145878886915336,-0.006449137821794206,0.0439334259719355,0.0439334259719355,1,0.04382592738603641,0
rxn007558,16,2.4152770294858783,3.1149856916150114,0.6997086621291331,1.212278762232927,1.3017991696530657,0.08952040742013878,True,2.1316282072803006e-14,0.0,2.893691934120241,0.0,0.2212937574947853,0.0,0.0,0.2212937574947853,3.1149856916150327,0.0,0.0,0.0,0.2212937574947853,0.0,0.0,0.0,0,0.0,0,4.290867632688858,0.0,-2.9890684630357947,0.0,0.0,-2.9890684630357947,1.3017991696530657,0.0,0.0,0.0,-2.9890684630357947,0.0,0.0,0.0,0,0.0,0,0.0,0.0,0.0,3.432765429863499,0.0,0.0,0.0,0,0.0,0,0.0,0.0,0.0,3.654059187358284,0.0,0.0,0.0,0,0.0,0,0.0,0.0,0.0,0.44369696682770415,0.0,0.0,0.0,0,0.0,0
rxn002226,18,4.46369616875927,5.050984989696005,0.5872888209367346,1.2366551247605457,5.030097708587647,3.793442583827101,True,-1.4210854715202004e-14,-2.842170943040401e-14,0.6745770060892795,7.6758278542490945,0.4265760450505417,-3.771918153745185,0.04592223805226786,0.4724982831028095,5.050984989695991,7.6758278542490945,-0.1021721457509049,7.778,0.4265760450505417,0.04592223805226786,-0.1302405039642145,-0.04224994397679849,0,0.9127762760611073,-1,5.164717897452093,-0.11834970604440144,-0.06810381824858189,0.0,0.0518333354285172,-0.016270482820064686,5.030097708587618,-0.11834970604440144,-0.11834970604440144,0.0,-0.06810381824858189,0.0518333354285172,-0.17603428162865553,-0.08804372164123953,-2,-0.08722372393889266,-1,0.11834970604440144,0.11834970604440144,0.0,0.11040970242713266,-0.0518333354285172,0.17603428162865553,0.08804372164123953,2,0.08722372393889266,1,7.794177560293496,0.016177560293496537,7.778,0.5369857474776744,-0.005911097376249341,0.04579377766444104,0.04579377766444104,2,1.0,0,0.0,0.0,0.0,0.04230588417855077,0.0,0.0,0.0,0,0.0,0
rxn011083,15,3.863027824609162,4.382518671318913,0.5194908467097505,2.259330142285762,0.8557083968819299,-1.4036217454038322,True,-7.105427357601002e-15,-1.4210854715202004e-14,-3.0020864633310254,8.608333868403589,1.9786379765076516,-3.1107488344499945,-0.09161787581131131,1.8870201006963403,4.3825186713189055,8.608333868403589,2.2601886195243814,6.348145248879207,1.9786379765076516,-0.09161787581131131,0.07988879019742923,0.228493374682186,3,0.5422908803956215,1,-0.2601296596227485,-0.5585444757394263,0.16734204829086696,0.0,1.5070404839532268,1.6743825322440937,0.8557083968819157,-0.5585444757394263,-0.5585444757394263,0.0,0.16734204829086696,1.5070404839532268,-0.7277697335567463,-0.05937589444267388,1,-0.12817521672274967,0,1.0143591310909434,1.0143591310909434,0.0,4.598858797280079,-2.521059839844904,1.4156669371324218,0.3681323017135383,1,0.36112861484252345,2,9.622692999494532,3.2745477506153247,6.348145248879207,6.577496773787731,-2.6126777156562153,1.495555727329851,0.5966256763957243,4,0.9034194952381449,3,0.4558146553515171,0.4558146553515171,0.0,4.766200845570946,-1.0140193558916772,0.6878972035756754,0.3087564072708644,2,0.23295339811977378,2
rxn001274,12,4.289691315843811,3.8063021197168467,-0.4833891961269643,0.9574859403346636,-0.8774709845129038,-1.8349569248475674,True,7.105427357601002e-15,7.105427357601002e-15,-0.001826129097700857,1.5746542973416406,1.1660795152988648,0.42288236272719437,0.6445120734468492,1.810591588745714,3.806302119716854,1.5746542973416406,1.1586029062935184,0.41605139104812233,1.1660795152988648,0.6445120734468492,0.15919393883398003,0.03197157720500554,2,0.10681050997821728,1,0.9189297993530587,-0.5815625014220414,-3.957168694432785,0.0,2.7423304119888683,-1.214838282443917,-0.8774709845128967,-0.5815625014220414,-0.5815625014220414,0.0,-3.957168694432785,2.7423304119888683,-0.8384952461908308,-0.1925887657477552,0,-0.12634544300365302,-1,1.0515843567565863,1.0515843567565863,0.0,7.831364451233046,-3.738742179711043,1.4952778633978165,0.5129263435005051,2,0.36496036761131734,2,2.626238654098227,2.2101872630501047,0.41605139104812233,8.997443966531911,-3.094230106264194,1.6544718022317966,0.5448979207055107,4,0.4717708775895346,3,0.47002185533454494,0.47002185533454494,0.0,3.8741957568002614,-0.9964117677221749,0.6567826172069857,0.32033757775274996,2,0.2386149246076643,1
rxn005283,10,4.5727037602700875,4.111470767099881,-0.4612329931702064,2.276716879297055,6.194292565655132,3.9175756863580773,True,-1.4210854715202004e-14,-7.105427357601002e-15,-2.941256940368625,7.818230859219982,3.128449123985331,-3.9034243326924623,0.009472056955642058,3.1379211809409733,4.111470767099867,7.818230859219982,0.04023085921998235,7.778,3.128449123985331,0.009472056955642058,-0.006677021653487714,0.02192757177284932,2,1.0,1,4.874643966328357,0.0,1.2851912292548695,0.0,0.03445737007190011,1.3196485993267695,6.194292565655125,0.0,0.0,0.0,1.2851912292548695,0.03445737007190011,-0.1007744022120769,-0.05041933015636069,0,0.0,0,0.0,0.0,0.0,0.3096714318992856,-0.03445737007190011,0.1007744022120769,0.05041933015636069,0,0.0,0,7.818230859219982,0.04023085921998235,7.778,3.4381205558846166,-0.024985313116258054,0.09409738055858918,0.07234690192921,2,1.0,1,0.0,0.0,0.0,1.594862661154155,0.0,0.0,0.0,0,0.0,0
rxn005141,11,2.1880397117438406,1.7487157369674762,-0.4393239747763644,-0.021682457057977444,-1.2069193975502088,-1.1852369404922314,True,0.0,-1.4210854715202004e-14,3.608144566646118,-1.9619026994460225,-1.1638009317285105,0.0,1.2662748014958911,0.1024738697673806,1.7487157369674762,-1.9619026994460225,-1.9619026994460222,0.0,-1.1638009317285105,1.2662748014958911,-0.6382429878491396,0.13744353046213753,0,-0.07190322354236045,-1,7.194432541140017,-3.682174190530922,-8.023024330326988,0.0,3.3038465821676724,-4.719177748159316,-1.206919397550223,-3.682174190530922,-3.682174190530922,0.0,-8.023024330326988,3.3038465821676724,-1.5349750579909778,-0.5484685783714025,-3,-0.5341912100988679,-2,3.682174190530922,3.682174190530922,0.0,8.252923733164145,-3.3038465821676724,1.5349750579909778,0.5484685783714025,3,0.5341912100988679,2,1.7202714910848995,1.7202714910848997,0.0,7.089122801435635,-2.0375717806717812,0.8967320701418382,0.68591210883354,3,0.4622879865565075,1,0.0,0.0,0.0,0.2298994028371572,0.0,0.0,0.0,0,0.0,0
rxn000995,12,4.062922730554419,4.417440981193543,0.35451825063912423,3.3527070815362094,5.697172254650617,2.3444651731144077,True,-7.105427357601002e-15,0.0,0.5870133047565744,4.828619585826921,1.0970472838062797,-3.4889115812275744,1.393672388031339,2.4907196718376188,4.417440981193536,4.828619585826921,-2.949380414173076,7.778,1.0970472838062797,1.393672388031339,-0.5323535812075222,0.023069364396700376,0,0.24814309866050088,0,4.285011322497219,-1.3454721856870542,2.120864180086606,0.0,0.6367689377538479,2.757633117840454,5.697172254650617,-1.3454721856870542,-1.3454721856870524,0.0,2.120864180086606,0.6367689377538479,-0.2970771041486746,-0.03251490638222876,-1,-0.033786942545156684,0,10.426743481861614,10.426743481861612,0.0,10.544945412311165,-5.960206477528505,2.207660257927648,0.7611905019346965,4,0.7518569013394991,2,15.255363067688535,7.477363067688536,7.778,11.641992696117445,-4.566534089497166,1.6753066767201257,0.7842598663313969,4,1.0,2,9.08127129617456,9.08127129617456,0.0,12.665809592397771,-5.323437539774657,1.9105831537789733,0.7286755955524677,3,0.7180699587943424,2
rxn006920,14,3.0375683547699737,2.7108570122055013,-0.3267113425644723,0.09173848660066142,-0.8827691061790048,-0.9745075927796663,True,-1.4210854715202004e-14,-7.105427357601002e-15,-0.8909772081966878,3.4679825846677503,0.9814901239761653,-1.7025502127934522,0.8549117245517115,1.8364018485278768,2.710857012205487,3.4679825846677503,-0.41495072942378064,3.882933314091531,0.9814901239761653,0.8549117245517115,-0.16353423563764347,0.11977554758649278,3,0.35707187103157056,2,0.87431987357445,-0.5967131598715085,-3.2702669488011322,0.0,2.109891128919182,-1.1603758198819503,-0.8827691061790119,-0.5967131598715085,-0.5967131598715085,0.0,-3.2702669488011322,2.109891128919182,-0.9299120019167648,-0.14203305260240473,1,-0.13971182140590033,-1,0.9499931211517098,0.9499931211517098,0.0,4.729847213263158,-2.561743949920996,1.4221852161987005,0.3559110988203886,1,0.34948316561540027,2,4.41797570581946,0.5350423917279291,3.882933314091531,5.711337337239323,-1.7068322253692845,1.258650980561057,0.4756866464068814,4,0.7065550366469708,4,0.3532799612802012,0.3532799612802012,0.0,1.4595802644620253,-0.4518528210018138,0.4922732142819357,0.2138780462179839,2,0.20977134420949994,1
rxn001855,14,4.475716703394937,4.1526544459675705,-0.3230622574273667,0.909090658607056,7.375464172026966,6.46637351341991,True,7.105427357601002e-15,7.105427357601002e-15,0.2700423419611937,4.683222208555337,2.706886044392425,0.06973152135200775,-3.5772276702933783,-0.8703416259009531,4.152654445967578,4.683222208555337,4.678452092949,0.004770115606337584,2.706886044392425,-3.5772276702933783,2.144894179537415,0.6658909275710307,1,0.6192933613540932,3,-2.4085841611635885,8.236096741466168,6.377284335643612,0.0,-4.829332743919215,1.547951591724397,7.375464172026973,8.236096741466168,8.236096741466168,0.0,6.377284335643612,-4.829332743919215,2.0530735153587867,0.5065694278860242,-1,0.4904447590037222,2,0.01098802114871701,0.01098802114871701,0.0,3.4484119758468377,-0.0032314347397633114,0.07047992715558227,0.02763245500549516,5,0.027622927187072932,0,4.694210229704054,4.689440114097716,0.004770115606337584,6.155298020239263,-3.5804591050331416,2.2153741066929973,0.6935233825765259,6,0.6469162885411661,3,8.247084762614886,8.247084762614886,0.0,9.82569631149045,-4.832564178658979,2.123553442514369,0.5342018828915194,4,0.5180676861907951,2
rxn004068,10,4.504384366840895,4.19919031611019,-0.30519405073070516,0.3658622881721385,1.659443594473423,1.2935813063012844,True,-1.0658141036401503e-14,-7.105427357601002e-15,0.22761395951769714,2.6195320372785513,1.5850933361101216,0.36588969633212365,-0.5989387131283141,0.9861546229818074,4.19919031611018,2.6195320372785513,2.619532037278551,0.0,1.5850933361101216,-0.5989387131283141,0.6037452976827222,0.1285809280122634,1,0.28437108224240504,0,0.8593726315171324,4.2344240366733255,-5.868864987450786,0.0,2.434511913733745,-3.434353073717042,1.6594435944734158,4.2344240366733255,4.2344240366733255,0.0,-5.868864987450786,2.434511913733745,-0.32987281225350173,0.18412047681929877,-1,0.5501253903379304,-1,0.7885626782802913,0.7885626782802914,0.0,9.163324346090146,-3.7658837972220054,1.2224682624523606,0.6303005741315153,3,0.25305218373868854,3,3.4080947155588426,3.408094715558842,0.0,10.748417682200268,-4.3648225103503195,1.8262135601350828,0.7588815021437787,4,0.5374232659810936,3,5.022986714953617,5.022986714953617,0.0,3.2944593586393593,-1.3313718834882604,0.8925954501988589,0.8144210509508141,2,0.8031775740766189,2
rxn005065,14,4.5530656701703265,4.2681267386085935,-0.284938931561733,3.68282782613187,10.64878832346158,6.965960497329711,True,-1.4210854715202004e-14,7.105427357601002e-15,0.12606759598524775,6.544998411557914,0.7647321883790124,-2.8166488037348536,-0.35102265357873697,0.41370953480027534,4.268126738608579,6.544998411557914,0.3394927638053586,6.205505647752555,0.7647321883790124,-0.35102265357873697,0.3748606322771315,0.2049176024711783,3,0.8932121422461015,2,0.03150224713491667,7.778,3.696127298002854,0.0,-0.856841221676182,2.839286076326672,10.648788323461588,7.778,7.778,0.0,3.696127298002854,-0.856841221676182,1.0000000000000009,1.0000000000000009,1,1.0,0,0.0,0.0,0.0,0.051613520518535336,0.0,0.0,0.0,0,0.0,0,6.544998411557914,0.3394927638053586,6.205505647752555,0.8163457088975477,-0.35102265357873697,0.3748606322771315,0.2049176024711783,3,0.8932121422461015,2,7.778,7.778,0.0,3.7477408185213896,-0.856841221676182,1.0000000000000009,1.0000000000000009,1,1.0,0
rxn002769,16,4.782687208758034,5.061430307508246,0.27874309875021197,1.1946288829540208,3.9972770863270597,2.802648203373039,True,0.0,0.0,0.766681740815983,2.516002037565424,2.76578118515715,0.32410682106531385,-1.311141477095624,1.4546397080615265,5.061430307508246,2.516002037565424,2.039698087656919,0.4763039499085045,2.76578118515715,-1.311141477095624,1.4694143197711087,0.5424364506769006,3,0.5095916174884967,1,-0.7466199640943074,0.4957633708909525,4.583868969935246,0.0,-0.33573529040482897,4.248133679530417,3.9972770863270597,0.4957633708909525,0.4957633708909525,0.0,4.583868969935246,-0.33573529040482897,0.36597109098558,0.18310973154574572,2,0.17852056423463125,1,0.0,0.0,0.0,3.859238830095945,0.0,0.0,0.0,0,0.0,0,2.516002037565424,2.039698087656919,0.4763039499085045,6.625020015253095,-1.311141477095624,1.4694143197711087,0.5424364506769006,3,0.5095916174884967,1,0.4957633708909525,0.4957633708909525,0.0,8.443107800031191,-0.33573529040482897,0.36597109098558,0.18310973154574572,2,0.17852056423463125,1
rxn001727,14,3.8133630147021904,4.091028166943865,0.2776651522416742,2.681795545204295,3.534497514543837,0.8527019693395417,True,0.0,-7.105427357601002e-15,-0.3021407820398778,7.786083635994011,0.8090187853196233,-3.769112195488919,-0.4328212768409698,0.3761975084786535,4.091028166943865,7.786083635994011,0.023644136390991832,7.762439499603018,0.8090187853196233,-0.4328212768409698,0.24483885143623363,-0.0016284536876720601,-1,0.7230400512301784,0,4.248079336210317,-0.9544230569785921,-0.09599151656818583,0.0,0.336832751880291,0.24084123531210516,3.5344975145438298,-0.9544230569785921,-0.9544230569785921,0.0,-0.09599151656818583,0.336832751880291,-0.483659034020655,-0.191517804259278,-3,-0.18475960334561137,-1,1.0191154744447855,1.0191154744447855,0.0,0.4927147206124707,-0.36582513646626835,0.5758037701860581,0.2836625404246811,4,0.2759591586764474,2,8.805199110438796,1.0427596108357773,7.762439499603018,1.301733505932094,-0.7986464133072382,0.8206426216222917,0.282034086737009,3,0.9989992099066258,2,0.06469241746619338,0.06469241746619338,0.0,0.39672320404428485,-0.028992384585977336,0.09214473616540308,0.09214473616540308,1,0.09119955533083601,1
rxn006264,14,2.4667905836940918,2.1966541587248045,-0.27013642496928725,-0.10432074860182183,0.3525389591971262,0.456859707798948,True,-7.105427357601002e-15,0.0,3.8247928725166958,0.0,-1.628138713791898,0.0,0.0,-1.628138713791898,2.1966541587247974,0.0,0.0,0.0,-1.628138713791898,0.0,0.0,0.0,0,0.0,0,2.260260149038295,1.3780607191254848,-2.5735094884539844,0.0,-0.7122724205126667,-3.2857819089666513,0.3525389591971262,1.3780607191254848,1.3780607191254848,0.0,-2.5735094884539844,-0.7122724205126667,0.7709478367210152,0.4079722150148908,3,0.3948475109477876,3,0.0,0.0,0.0,3.860654220258462,0.0,0.0,0.0,0,0.0,0,0.0,0.0,0.0,2.232515506466564,0.0,0.0,0.0,0,0.0,0,1.3780607191254848,1.3780607191254848,0.0,1.2871447318044775,-0.7122724205126667,0.7709478367210152,0.4079722150148908,3,0.3948475109477876,3
rxn009289,15,3.136433868061431,2.9173902518142185,-0.21904361624721247,0.4023883278532594,0.05548259727115834,-0.34690573058210106,True,-7.105427357601002e-15,-1.4210854715202004e-14,-1.9035333900867002,8.24640507226893,2.0572618269478262,-5.377252934099743,-0.1054903232160988,1.9517715037317276,2.9173902518142114,8.24640507226893,0.0,8.24640507226893,2.0572618269478262,-0.1054903232160988,0.058371923342782406,0.02921964804795918,1,1.0296707185645255,0,-0.040997865623815244,0.0,0.09648046289495954,0.0,0.0,0.09648046289495954,0.05548259727114413,0.0,0.0,0.0,0.09648046289495954,0.0,0.0,0.0,0,0.0,0,0.0,0.0,0.0,0.2245549388685973,0.0,0.0,0.0,0,0.0,0,8.24640507226893,0.0,8.24640507226893,2.2818167658164237,-0.1054903232160988,0.058371923342782406,0.02921964804795918,1,1.0296707185645255,0,0.0,0.0,0.0,0.3210354017635568,0.0,0.0,0.0,0,0.0,0
rxn000105,13,3.9327022416682667,3.7282029072896137,-0.20449933437865297,2.168378407610362,3.0205534842082074,0.8521750765978453,True,0.0,0.0,7.573982546772797,-3.6071886395358304,-4.114860078229762,-1.7786365388956256,5.65490561717803,1.5400455389482666,3.7282029072896137,-3.6071886395358304,-9.206560030488848,5.599371390953018,-4.114860078229762,5.65490561717803,-2.179602927479478,-0.5345852990878917,0,0.08006349383946065,-2,9.92610642337226,-9.20962021084247,-3.3651784136714387,0.0,5.669245685349853,2.3040672716784147,3.0205534842082074,-9.20962021084247,-9.20962021084247,0.0,-3.3651784136714387,5.669245685349853,-2.2363649802322776,-0.5597693220092013,-4,-0.5444528700384659,-2,9.20962021084247,9.20962021084247,0.0,14.278526591293867,-5.669245685349853,2.2363649802322776,0.5597693220092013,4,0.5444528700384659,2,5.6024315713066395,0.0030601803536218462,5.599371390953018,10.163666513064104,-0.014340068171823761,0.05676205275279944,0.025184022921309612,4,0.6245163638779265,0,0.0,0.0,0.0,10.913348177622428,0.0,0.0,0.0,0,0.0,0
rxn002199,13,4.26342033061519,4.462070182785553,0.19864985217036235,0.490099959230065,0.20273464598118807,-0.28736531324887693,True,1.4210854715202004e-14,7.105427357601002e-15,3.890525093769476,0.00016757822609844117,0.5714484902296477,0.0,-7.097943965761466e-05,0.5713775107899903,4.462070182785567,0.00016757822609844117,0.00016757822609844117,0.0,0.5714484902296477,-7.097943965761466e-05,0.004641889490542006,0.004641889490542006,1,0.0046416760282301794,0,0.16779676448439318,0.0,0.034937881496802436,0.0,0.0,0.034937881496802436,0.20273464598119517,0.0,0.0,0.0,0.034937881496802436,0.0,0.0,0.0,0,0.0,0,0.0,0.0,0.0,3.4155085023745415,0.0,0.0,0.0,0,0.0,0,0.00016757822609844117,0.00016757822609844117,0.0,3.9869569926041892,-7.097943965761466e-05,0.004641889490542006,0.004641889490542006,1,0.0046416760282301794,0,0.0,0.0,0.0,3.450446383871344,0.0,0.0,0.0,0,0.0,0
rxn001213,16,3.4053087456095454,3.2338470611261982,-0.1714616844833472,0.7517899423546623,2.293154248500194,1.5413643061455318,True,-7.105427357601002e-15,-2.1316282072803006e-14,3.05272144306997,0.0,0.18112561805622912,0.0,0.0,0.18112561805622912,3.233847061126191,0.0,0.0,0.0,0.18112561805622912,0.0,0.0,0.0,0,0.0,0,-1.0053042995085093,0.0,3.2984585480086905,0.0,0.0,3.2984585480086905,2.293154248500173,0.0,0.0,0.0,3.2984585480086905,0.0,0.0,0.0,0,0.0,0,0.0,0.0,0.0,0.07685626404426021,0.0,0.0,0.0,0,0.0,0,0.0,0.0,0.0,0.25798188210048933,0.0,0.0,0.0,0,0.0,0,0.0,0.0,0.0,3.3753148120529506,0.0,0.0,0.0,0,0.0,0
rxn001853,14,2.899780553520941,2.744945091581954,-0.1548354619389869,-0.2246941932835398,-0.10352467498984197,0.12116951829369782,True,7.105427357601002e-15,0.0,1.6572918381534194,1.4834759877093877,0.4402342983100511,0.11103594907807612,-0.9470929816689734,-0.5068586833589221,2.744945091581961,1.4834759877093877,0.40819598712033694,1.0752800005890506,0.4402342983100511,-0.9470929816689734,0.8455646702409063,0.4204020167470155,1,0.34419199437298165,2,3.049120793652868,0.0719281139674296,-3.1737832499314034,0.0,-0.05079033267873268,-3.224573582610136,-0.10352467498984197,0.0719281139674296,0.0719281139674296,0.0,-3.1737832499314034,-0.05079033267873268,0.1760850664928877,0.042490601278826645,-2,0.042079043591193965,2,0.01098802114871701,0.01098802114871701,0.0,3.4484119758468377,-0.0032314347397648657,0.07047992715558449,0.02763245500549516,5,0.027622927187072932,0,1.4944640088581047,0.41918400826905394,1.0752800005890506,3.888646274156889,-0.9503244164087382,0.9160445973964908,0.44803447175251065,6,0.3718149215600546,2,0.08291613511614661,0.08291613511614661,0.0,0.2746287259154342,-0.05402176741849755,0.24656499364847217,0.0701230562843218,3,0.0697019707782669,2
rxn001212,16,3.4880818722940603,3.625269686704783,0.1371878144107228,-0.3123060132957107,-0.18738034330321796,0.12492566999249277,True,-1.4210854715202004e-14,-1.4210854715202004e-14,3.289606913810161,0.01942776309641759,0.3239600071412107,0.0,-0.007724997343009014,0.3162350097982017,3.625269686704769,0.01942776309641759,0.01942776309641759,0.0,0.3239600071412107,-0.007724997343009014,0.05018061993840206,0.05018061993840206,1,0.049977833986675435,0,-0.1696357946569833,0.0,-0.017744548646235495,0.0,0.0,-0.017744548646235495,-0.18738034330323217,0.0,0.0,0.0,-0.017744548646235495,0.0,0.0,0.0,0,0.0,0,0.0,0.0,0.0,0.07685626404426021,0.0,0.0,0.0,0,0.0,0,0.01942776309641759,0.01942776309641759,0.0,0.4008162711854709,-0.007724997343009014,0.05018061993840206,0.05018061993840206,1,0.049977833986675435,0,0.0,0.0,0.0,0.05911171539802472,0.0,0.0,0.0,0,0.0,0
rxn003733,13,2.3348060622693083,2.2207444286977562,-0.11406163357155208,1.3008694819327502,1.306855301262864,0.005985819330113884,True,0.0,-7.105427357601002e-15,2.1709040457914384,-0.6688268922351011,1.3385278640550506,0.0,-0.6198605889136335,0.7186672751414172,2.2207444286977562,-0.6688268922351011,-0.6688268922351011,0.0,1.3385278640550506,-0.6198605889136335,0.1570151905377406,-0.03044327315273465,0,-0.03129144660303229,0,4.188441200627452,-0.820543472705884,-2.6281455713620083,0.0,0.5671031447033066,-2.0610424266587017,1.306855301262857,-0.820543472705884,-0.820543472705884,0.0,-2.6281455713620083,0.5671031447033066,-0.24995030831265908,-0.0320757050621534,-1,-0.03284550775132722,0,10.515020655102445,10.515020655102445,0.0,10.649498004301215,-5.967888516840782,2.19060597111734,0.7723441890583529,4,0.7633010293972564,2,9.846193762867344,9.846193762867344,0.0,11.988025868356265,-6.5877491057544155,2.3476211616550806,0.7419009159056182,4,0.7320095827942241,2,9.694477182396561,9.694477182396561,0.0,8.021352432939207,-5.4007853721374754,1.940655662804681,0.7402684839961995,3,0.7304555216459292,2
rxn003917,8,2.6873013066187923,2.7799832502630366,0.09268194364424431,-0.08636497252518893,-4.125414512851272,-4.039049540326083,True,3.552713678800501e-15,7.105427357601002e-15,1.6958544210684963,0.6378348916778218,-1.7405976193483772,0.026309944138352748,2.1605816127267436,0.41998399337836645,2.77998325026304,0.6378348916778218,-0.5783074109514696,1.2161423026292915,-1.7405976193483772,2.1605816127267436,-1.0370686275281322,-0.2909392918618483,0,0.12274457757166068,-2,-0.6544070979141523,-0.5783074109514696,-5.053281616712391,0.0,2.1605816127267436,-2.8927000039856465,-4.125414512851265,-0.5783074109514696,-0.5783074109514696,0.0,-5.053281616712391,2.1605816127267436,-1.0370686275281322,-0.2909392918618483,-1,-0.27267505504831036,-2,0.5783074109514696,0.5783074109514696,0.0,5.107357979547568,-2.1605816127267436,1.0370686275281322,0.2909392918618483,1,0.27267505504831036,2,1.2161423026292915,0.0,1.2161423026292915,3.3667603601991907,0.0,0.0,0.0,1,0.39541963261997104,0,0.0,0.0,0.0,0.05407636283517768,0.0,0.0,0.0,0,0.0,0
