reaction_id,atom_count,reference_barrier_eV,reference_reaction_eV,production_barrier_eV,production_barrier_error_eV,production_reaction_eV,production_reaction_error_eV,production_barrier_sign_agrees,v0_barrier_eV,v0_barrier_error_eV,v0_reaction_eV,v0_reaction_error_eV,v0_barrier_sign_agrees,free_energy_barrier_eV,free_energy_barrier_error_eV,free_energy_reaction_eV,free_energy_reaction_error_eV,free_energy_barrier_sign_agrees,joint_edge_barrier_eV,joint_edge_barrier_error_eV,joint_edge_reaction_eV,joint_edge_reaction_error_eV,joint_edge_barrier_sign_agrees,continuous_edge_barrier_eV,continuous_edge_barrier_error_eV,continuous_edge_reaction_eV,continuous_edge_reaction_error_eV,continuous_edge_barrier_sign_agrees,bond_channels_barrier_eV,bond_channels_barrier_error_eV,bond_channels_reaction_eV,bond_channels_reaction_error_eV,bond_channels_barrier_sign_agrees,bond_free_energy_barrier_eV,bond_free_energy_barrier_error_eV,bond_free_energy_reaction_eV,bond_free_energy_reaction_error_eV,bond_free_energy_barrier_sign_agrees,unified_radial_barrier_eV,unified_radial_barrier_error_eV,unified_radial_reaction_eV,unified_radial_reaction_error_eV,unified_radial_barrier_sign_agrees
rxn000025,16.0,4.219135949198062,1.8771555015418926,8.644561927841437,4.425425978643375,6.430223612398144,4.553068110856252,1.0,8.609379289796308,4.390243340598246,6.3882529342468715,4.511097432704979,1.0,8.599046303011505,4.379910353813443,6.355948604788345,4.478793103246453,1.0,8.602512038914313,4.383376089716251,6.357407633736528,4.480252132194636,1.0,8.650217974491198,4.431082025293136,6.435871179050814,4.558715677508921,1.0,8.650217974491198,4.431082025293136,6.435871179050814,4.558715677508921,1.0,8.64391727080875,4.424781321610688,6.429718218529985,4.552562716988092,1.0,4.765070809730624,0.5459348605325616,6.388412653174186,4.511257151632293,1
rxn000036,16.0,5.674238123448049,1.0307609081582996,8.895323229727872,3.2210851062798227,3.8218093714992563,2.7910484633409567,1.0,4.771193097083156,-0.903045026364893,3.7798386933479833,2.7490777851896837,1.0,4.795773331107583,-0.8784647923404663,3.747534363889457,2.7167734557311576,1.0,5.148668238323253,-0.5255698851247956,3.748993392837619,2.7182324846793193,1.0,4.7229592837735055,-0.9512788396745435,3.8274569381519186,2.796696029993619,1.0,4.7229592837735055,-0.9512788396745435,3.8274569381519257,2.796696029993626,1.0,6.071594007470864,0.3973558840228151,3.8213039776310893,2.7905430694727897,1.0,5.580936934401535,-0.09330118904651385,3.779998412275255,2.749237504116955,1
rxn000096,13.0,3.4260332122103136,0.1468433016043491,-18.541572479266094,-21.967605691476408,-28.103491869454594,-28.250335171058943,0.0,3.399190747466662,-0.026842464743651817,4.865622662950514,4.718779361346165,1.0,3.5107754324883302,0.08474222027801659,5.042964935660173,4.896121634055824,1.0,3.5925125657037995,0.16647935349348586,5.052086262877438,4.905242961273089,1.0,2.8897161218762193,-0.5363170903340944,6.5678443569349625,6.421001055330613,1.0,2.8897161218762193,-0.5363170903340944,6.5678443569349625,6.421001055330613,1.0,3.7497827434579705,0.3237495312476568,5.063018829117787,4.916175527513438,1.0,3.7900615218766305,0.36402830966631683,5.258526948206651,5.111683646602302,1
rxn000105,13.0,3.9327022416682667,2.168378407610362,3.7282029072896137,-0.20449933437865297,3.0205534842082074,0.8521750765978453,1.0,10.236902766429601,6.304200524761335,9.49398298663563,7.325604579025267,1.0,10.385967338700048,6.453265097031782,9.622076795668313,7.453698388057951,1.0,10.386272129460508,6.453569887792241,9.617221717510482,7.44884330990012,1.0,12.141834412119323,8.209132170451056,11.487852188615477,9.319473781005115,1.0,12.141834412119316,8.20913217045105,11.48785218861547,9.319473781005108,1.0,10.108309654587508,6.175607412919241,9.40025397440644,7.231875566796077,1.0,7.104416569759799,3.1717143280915323,9.79923836876548,7.630859961155117,1
rxn000183,11.0,3.7506356373378367,2.9561442733765944,5.724651452397929,1.974015815060092,5.878545783347057,2.922401509970463,1.0,5.6831496656868055,1.9325140283489688,5.727965828502548,2.7718215551259533,1.0,5.653374929596026,1.9027392922581896,5.743409231199692,2.7872649578230977,1.0,5.678170773195674,1.9275351358578376,5.594758329142898,2.638614055766304,1.0,5.7197076073395365,1.9690719700016999,5.727957339877392,2.7718130665007976,1.0,5.7197076073395365,1.9690719700016999,5.727957339877392,2.7718130665007976,1.0,5.620654919750713,1.8700192824128763,5.702358552110255,2.7462142787336603,1.0,5.473816194662604,1.723180557324767,5.369302990644982,2.413158717268388,1
rxn000206,9.0,3.3346998977067415,3.0731845817490466,9.979613216407223,6.644913318700482,7.282261866877867,4.209077285128821,1.0,4.232320841014374,0.8976209433076328,1.5461429659377615,-1.5270416158112852,1.0,3.921130025447951,0.5864301277412096,1.3711540904732473,-1.7020304912757993,1.0,2.4334365794664095,-0.901263318240332,1.5906671154615637,-1.482517466287483,1.0,1.8261502304165234,-1.508549667290218,0.45500546980129286,-2.6181791119477538,1.0,1.8261502304165234,-1.508549667290218,0.45500546980129286,-2.6181791119477538,1.0,6.303241448822291,2.9685415511155497,3.529539360792498,0.45635477904345123,1.0,4.587535860849123,1.252835963142381,3.4523374795554105,0.37915289780636385,1
rxn000315,9.0,3.1584538796450943,2.2540860020235414,1.4601708421312374,-1.698283037513857,-2.4380449186691493,-4.692130920692691,1.0,0.7250352862291898,-2.4334185934159045,-2.8532964806850103,-5.107382482708552,1.0,0.17667288503745837,-2.981780994607636,-3.426187917460986,-5.680273919484527,1.0,0.21621566286234284,-2.9422382167827514,-3.2864410033758418,-5.540527005399383,1.0,-0.20576891838733857,-3.364222798032433,-3.5469696519251173,-5.801055653948659,0.0,-0.20576891838733857,-3.364222798032433,-3.5485091394748807,-5.802595141498422,0.0,1.602963161669198,-1.5554907179758963,-2.036039871400561,-4.290125873424103,1.0,1.3009313320711868,-1.8575225475739074,-0.9765243729958755,-3.230610375019417,1
rxn000322,10.0,3.8335299989103078,2.384126642696174,6.787997361908232,2.9544673629979243,7.599382575841332,5.2152559331451585,1.0,6.785233153202306,2.951703154291998,7.596618367135406,5.212491724439232,1.0,6.778306101119149,2.9447761022088415,7.589691315052249,5.205564672356076,1.0,6.8018563020928084,2.9683263031825007,7.613241516025909,5.229114873329735,1.0,6.800946823037762,2.9674168241274543,7.612332036970862,5.2282053942746884,1.0,6.800946823037762,2.9674168241274543,7.612332036970862,5.2282053942746884,1.0,6.787976674023902,2.9544466751135943,7.599361887957002,5.215235245260828,1.0,6.1514552520970085,2.3179252531867007,7.641245418445386,5.257118775749213,1
rxn000354,8.0,3.7413549518769287,3.483341822962757,-0.3831098468445866,-4.124464798721515,-3.9471932102843965,-7.430535033247153,0.0,1.056176448173499,-2.6851785037034297,-1.771527580818443,-5.2548694037812,1.0,0.7690330354460144,-2.9723219164309143,-1.8146691722666972,-5.298010995229454,1.0,0.7809723081005231,-2.9603826437764056,-1.9210267554724858,-5.404368578435243,1.0,0.44081778839217023,-3.3005371634847585,-2.0601359443154443,-5.543477767278201,1.0,0.44081778839217023,-3.3005371634847585,-2.0601359443154443,-5.543477767278201,1.0,3.7070697381042734,-0.034285213772655254,1.2070718231248847,-2.276269999837872,1.0,3.021709158171049,-0.7196457937058796,1.3917203336961599,-2.091621489266597,1
rxn000389,14.0,4.938821193285548,1.2220864587743563,8.145636625066686,3.2068154317811377,5.745495988773456,4.5234095299991,1.0,3.3162048835556277,-1.6226163097299207,5.745495988773456,4.5234095299991,1.0,3.244837764400131,-1.6939834288854172,5.745495988773456,4.5234095299991,1.0,4.288556497133605,-0.6502646961519432,5.74549598877347,4.523409529999114,1.0,3.3988263956875144,-1.539994797598034,5.745495988773456,4.5234095299991,1.0,3.398858255275755,-1.5399629380097934,5.745495988773456,4.5234095299991,1.0,4.761762167712689,-0.17705902557285924,5.745495988773463,4.523409529999107,1.0,4.559487390170581,-0.37933380311496734,3.3485331385724635,2.126446679798107,1
rxn000408,10.0,5.465216752571905,0.9962678774063534,2.7344552768186823,-2.730761475753223,-6.124795794056432,-7.121063671462785,1.0,1.7623875320548272,-3.702829220517078,-4.550284201459647,-5.546552078866,1.0,1.6135290171126506,-3.8516877354592545,-4.679841186593379,-5.676109063999732,1.0,1.530504789690184,-3.934711962881721,-4.696060347736495,-5.692328225142848,1.0,0.08153492430825082,-5.383681828263654,-5.83706378030805,-6.833331657714403,1.0,0.08153492430825082,-5.383681828263654,-5.83706378030805,-6.833331657714403,1.0,2.1317520423403025,-3.3334647102316026,-2.0204868394325644,-3.0167547168389177,1.0,2.440053022785264,-3.025163729786641,-0.4065277178224562,-1.4027955952288096,1
rxn000409,10.0,1.5867235053010518,0.825012359550783,-1.1659976864642587,-2.7527211917653105,-1.6868927192546401,-2.511905078805423,0.0,0.4223370479310802,-1.1643864573699716,-0.030770412292362437,-0.8557827718431454,1.0,0.3118599897275445,-1.2748635155735073,-0.1320568919479541,-0.9570692514987371,1.0,0.3979682827474278,-1.188755222553624,-0.05601302377960593,-0.8810253833303889,1.0,-0.8123095393013138,-2.3990330446023655,-1.3079919606503552,-2.133004320201138,0.0,-0.8141112593412814,-2.400834764642333,-1.3079919606503552,-2.133004320201138,0.0,2.94694416894777,1.360220663646718,2.3082231396735367,1.4832107801227536,1.0,1.5550423039611587,-0.03168120133989305,1.6865951163362354,0.8615827567854524,1
rxn000445,10.0,3.298823040069692,1.0736912074571592,-0.09592855746041096,-3.394751597530103,-1.6076160838280202,-2.6813072912851794,0.0,0.9381004022114112,-2.360722637858281,-1.6964147830700895,-2.7701059905272487,1.0,0.7854100765944168,-2.5134129634752753,-2.210645896072286,-3.2843371035294453,1.0,0.7286447399663274,-2.5701783001033647,-1.9899274612811553,-3.0636186687383145,1.0,0.6216122967141331,-2.677210743355559,-2.417101532052378,-3.490792739509537,1.0,0.6216122967141331,-2.677210743355559,-2.417101532052378,-3.490792739509537,1.0,2.541556774915165,-0.7572662651545272,0.4610821195313193,-0.6126090879258399,1.0,2.3884913530200578,-0.9103316870496343,0.4199412633096813,-0.6537499441474779,1
rxn000501,11.0,3.397666558397759,3.108814463404997,-3.0236396680451705,-6.42130622644293,-0.6086314927187431,-3.71744595612374,0.0,0.609746324259504,-2.787920234138255,3.0353583425686708,-0.07345612083632602,1.0,0.7423489995505008,-2.6553175588472584,3.1547846158608053,0.04597015245580849,1.0,2.2497560791759312,-1.147910479221828,4.624190233160796,1.5153757697557992,1.0,2.0438472642802523,-1.353819294117507,4.509796363667519,1.4009819002625221,1.0,2.0438472642802523,-1.353819294117507,4.509796363667519,1.4009819002625221,1.0,1.98650230711106,-1.4111642512866993,4.4385865039373655,1.3297720405323687,1.0,1.8369953195994313,-1.560671238798328,5.4229202576178395,2.3141057942128427,1
rxn000746,11.0,4.247400424255829,2.460235099516467,8.59612489666241,4.34872447240658,9.077897637757161,6.617662538240694,1.0,8.876768375679767,4.629367951423937,9.077897637757161,6.617662538240694,1.0,8.762522671331013,4.515122247075183,9.077897637757161,6.617662538240694,1.0,8.32020350942608,4.07280308517025,9.077897637757161,6.617662538240694,1.0,8.775956643081102,4.528556218825273,9.077897637757154,6.617662538240687,1.0,8.775956643081102,4.528556218825273,9.077897637757154,6.617662538240687,1.0,8.596124896662424,4.3487244724065945,9.077897637757161,6.617662538240694,1.0,7.1154110531970645,2.868010628941235,8.164426534796846,5.704191435280379,1
rxn000902,7.0,3.5003947415725634,2.077726183222694,8.11950955130401,4.619114809731446,0.8160068669326179,-1.2617193162900762,1.0,2.276577974815172,-1.2238167667573912,0.8236971977477268,-1.2540289854749673,1.0,2.3075607692730564,-1.192833972299507,0.8271594034371219,-1.2505667797855722,1.0,2.0091287360776917,-1.4912660054948716,0.8133157599994831,-1.264410423223211,1.0,1.4409277707541115,-2.059466970818452,0.8123482443040828,-1.2653779389186113,1.0,1.4409277707541186,-2.0594669708184448,0.8123482443040828,-1.2653779389186113,1.0,4.338209285487206,0.8378145439146429,0.8160276378276201,-1.261698545395074,1.0,4.092576015846486,0.5921812742739228,0.8310034971544304,-1.2467226860682636,1
rxn000908,11.0,6.302777525879719,4.4828371694193265,8.988850836326591,2.686073310446872,-4.367746070668147,-8.850583240087474,1.0,5.396456204706112,-0.906321321173607,-2.1095962160163566,-6.592433385435683,1.0,4.9790934809474905,-1.3236840449322287,-2.48435793502815,-6.967195104447477,1.0,4.204199040949504,-2.098578484930215,-2.2775198568414936,-6.76035702626082,1.0,3.116142258198849,-3.1866352676808702,-2.632869481252939,-7.115706650672266,1.0,3.116142258198849,-3.1866352676808702,-2.632869481252939,-7.115706650672266,1.0,6.31272589488804,0.009948369008320412,0.14564526500271313,-4.337191904416613,1.0,7.483194440184292,1.1804169143045726,0.9220538197128292,-3.5607833497064973,1
rxn000920,11.0,3.751965773435586,3.2789532831120596,13.237263836598597,9.485298063163011,11.551823921513602,8.272870638401542,1.0,9.028710451771218,5.276744678335632,5.494473837673354,2.2155205545612944,1.0,13.862757020979434,10.110791247543848,6.063691552329146,2.784738269217087,1.0,16.34329027985048,12.591324506414892,9.117972229748894,5.839018946636834,1.0,10.005840580819271,6.253874807383685,9.310685442896606,6.031732159784546,1.0,10.002399533938348,6.250433760502762,9.310685442896602,6.031732159784543,1.0,6.592581371950821,2.8406155985152353,5.043004089009294,1.7640508058972344,1.0,6.570293245632627,2.8183274721970406,6.196416530348301,2.917463247236242,1
rxn000941,12.0,3.7264980139079853,1.4594214702428872,11.261082091215748,7.534584077307763,10.247870695102598,8.788449224859711,1.0,3.993134248715613,0.26663623480762766,9.834893356263265,8.375471886020378,1.0,4.30021488259213,0.5737168686841443,9.95420985452403,8.494788384281144,1.0,5.351430064578537,1.6249320506705516,4.717980532207676,3.258559061964789,1.0,6.245351250311032,2.5188532364030465,6.459244207556331,4.999822737313444,1.0,6.245351250311032,2.5188532364030465,6.459244207556331,4.999822737313444,1.0,4.471193065322254,0.7446950514142685,9.334084249689042,7.874662779446155,1.0,4.4718668913439075,0.7453688774359222,9.419654873818232,7.960233403575344,1
rxn000995,12.0,4.062922730554419,3.3527070815362094,4.417440981193543,0.35451825063912423,5.697172254650617,2.3444651731144077,1.0,6.730938362745555,2.6680156321911355,6.779364596523898,3.4266575149876886,1.0,6.703893468192241,2.640970737637822,6.668338065538592,3.3156309840023823,1.0,5.330259437103251,1.2673367065488321,5.068921448121031,1.716214366584822,1.0,5.709234497642967,1.646311767088548,5.700509502229018,2.3478024206928083,1.0,5.709234497642967,1.646311767088548,5.700509502229018,2.3478024206928083,1.0,7.836357413816202,3.773434683261783,7.684938516840873,4.332231435304664,1.0,7.72344623295146,3.660523502397041,7.609477896948931,4.256770815412722,1
rxn001064,12.0,3.144414537706325,2.80937044788152,1.749195845573098,-1.395218692133227,2.095432907705643,-0.713937540175877,1.0,1.3316985456783001,-1.812715992028025,1.6805157748100257,-1.1288546730714941,1.0,0.8979595482445575,-2.2464549894617676,1.2502423901928381,-1.5591280576886817,1.0,0.8404734267715526,-2.3039411109347725,1.1988897581199325,-1.6104806897615873,1.0,0.4028549187475363,-2.7415596189587887,0.7557538118224372,-2.0536166360590826,1.0,0.4028549187475434,-2.7415596189587816,0.7557538118224443,-2.0536166360590755,1.0,2.480140681268857,-0.6642738564374682,2.826365692091507,0.016995244209986993,1.0,3.9137585633580727,0.7693440256517476,4.3633885027315245,1.5540180548500047,1
rxn001081,12.0,3.9827109436300816,3.4317843087610527,15.723070051511979,11.740359107881897,10.847472590850245,7.415688282089192,1.0,4.362561478419224,0.3798505347891421,1.2347355367980626,-2.19704877196299,1.0,3.9737129855864595,-0.008997958043622134,1.015456605835638,-2.4163277029254147,1.0,4.938656665652175,0.9559457220220935,3.4993179729418173,0.06753366418076467,1.0,2.4122478119281467,-1.5704631317019349,0.6795855039777408,-2.752198804783312,1.0,2.4113344480592147,-1.571376495570867,0.6795855039777479,-2.752198804783305,1.0,6.317757481240946,2.3350465376108644,3.1177125949820876,-0.31407171377896503,1.0,4.203631031070664,0.22092008744058234,4.832510325148121,1.4007260163870683,1
rxn001097,11.0,3.045792324140166,0.7957873116738483,-1.9091259909940206,-4.9549183151341865,-2.664099860903697,-3.4598871725775453,0.0,-2.30359639054511,-5.349388714685276,-3.058570260454786,-3.8543575721286345,0.0,-2.8897703839700952,-5.935562708110261,-3.6447442538797716,-4.44053156555362,0.0,-2.81025763596719,-5.856049960107356,-3.5652315058768878,-4.361018817550736,0.0,-3.1288223946511593,-6.174614718791325,-3.8837962645608357,-4.679583576234684,0.0,-3.1288223946511664,-6.174614718791332,-3.883796264560843,-4.679583576234691,0.0,-1.309469270802218,-4.355261594942384,-2.0644431407118873,-2.8602304523857356,0.0,0.0826497835884723,-2.9631425405516936,0.4806096208337962,-0.3151776908400521,1
rxn001167,16.0,3.9455993502942874,3.844186660771811,5.594699779549359,1.6491004292550713,5.694846778438176,1.850660117666365,1.0,5.575375506302308,1.6297761560080204,5.685131476797096,1.840944816025285,1.0,5.56934916272774,1.6237498124334522,5.679968326704646,1.835781665932835,1.0,5.569834981469967,1.6242356311756794,5.6804541454468875,1.8362674846750764,1.0,5.6569230323679065,1.711323682073619,5.7711530575938,1.9269663968219888,1.0,5.6569230323679065,1.711323682073619,5.7711530575938,1.9269663968219888,1.0,5.587311523105818,1.6417121728115305,5.687682894200101,1.84349623342829,1.0,5.538898812673722,1.5932994623794343,5.664910216140903,1.8207235553690921,1
rxn001178,14.0,2.317946937710076,0.7253765082423342,5.529518264508695,3.2115713267986195,3.545496507883172,2.8201199996408377,1.0,5.667608317795342,3.3496613800852657,3.51239494733251,2.7870184390901755,1.0,5.6245783764262,3.306631438716124,3.5072344083865943,2.78185790014426,1.0,5.9373022278396945,3.6193552901296187,3.462315967632989,2.736939459390655,1.0,6.123288696409261,3.8053417586991856,3.3817043700938854,2.656327861851551,1.0,6.123288696409261,3.8053417586991856,3.3817043700938854,2.656327861851551,1.0,5.514392144872346,3.19644520716227,3.539386471033339,2.8140099627910047,1.0,1.2578966737091335,-1.0600502640009424,3.4340514938672797,2.7086749856249455,1
rxn001212,16.0,3.4880818722940603,-0.3123060132957107,3.625269686704783,0.1371878144107228,-0.18738034330321796,0.12492566999249277,1.0,3.644258680532019,0.15617680823795865,-0.18738034330321796,0.12492566999249277,1.0,3.647501387475508,0.15941951518144748,-0.18738034330321796,0.12492566999249277,1.0,3.6483168005582343,0.16023492826417396,-0.18738034330320374,0.12492566999250698,1.0,3.605650163046235,0.11756829075217468,-0.18738034330323217,0.12492566999247856,1.0,3.6056501630462208,0.11756829075216046,-0.18738034330324638,0.12492566999246435,1.0,3.6263464849841256,0.1382646126900653,-0.18738034330321796,0.12492566999249277,1.0,3.677161386586988,0.1890795142929278,-0.1873803432938388,0.12492567000187194,1
rxn001213,16.0,3.4053087456095454,0.7517899423546623,3.2338470611261982,-0.1714616844833472,2.293154248500194,1.5413643061455318,1.0,3.2338470611261982,-0.1714616844833472,2.293154248500194,1.5413643061455318,1.0,3.2338470611261982,-0.1714616844833472,2.293154248500194,1.5413643061455318,1.0,3.2338470611261982,-0.1714616844833472,2.293154248500201,1.5413643061455389,1.0,3.2338470611261982,-0.1714616844833472,2.293154248500201,1.5413643061455389,1.0,3.233847061126184,-0.1714616844833614,2.293154248500187,1.5413643061455247,1.0,3.2338470611262053,-0.1714616844833401,2.293154248500187,1.5413643061455247,1.0,3.233847061135563,-0.17146168447398225,2.2931542485095378,1.5413643061548754,1
rxn001274,12.0,4.289691315843811,0.9574859403346636,3.8063021197168467,-0.4833891961269643,-0.8774709845129038,-1.8349569248475674,1.0,2.7587012609480013,-1.5309900548958097,-1.1998198408706457,-2.1573057812053094,1.0,2.5484809613123858,-1.7412103545314253,-1.8141949154871355,-2.771680855821799,1.0,3.0025986548971417,-1.2870926609466693,-1.3558576162709386,-2.313343556605602,1.0,1.6026952704889226,-2.6869960453548885,-2.4808425379687193,-3.438328478303383,1.0,1.6026952704889297,-2.6869960453548813,-2.4808425379687122,-3.438328478303376,1.0,2.650259534307402,-1.639431781536409,-0.27801770998798503,-1.2355036503226486,1.0,2.7830252494828045,-1.5066660663610065,-0.6010062196394017,-1.5584921599740653,1
rxn001291,13.0,2.993925851858876,0.573929440091888,10.095987879816455,7.1020620279575795,5.061653568318761,4.487724128226873,1.0,4.194581370865215,1.2006555190063395,5.063979902178339,4.490050462086451,1.0,4.225125219516421,1.2311993676575455,5.063986879928322,4.490057439836434,1.0,5.971499924672756,2.97757407281388,5.081567355855128,4.50763791576324,1.0,5.946080622338144,2.952154770479268,5.0724091768841575,4.4984797367922695,1.0,5.94608062233813,2.952154770479254,5.0724091768841575,4.4984797367922695,1.0,5.151228682210139,2.157302830351263,5.05082425641789,4.476894816326002,1.0,3.16414257528767,0.17021672342879413,2.8148472668255664,2.2409178267336785,1
rxn001311,13.0,3.719106005458343,0.23694079739470908,4.453963681029421,0.7348576755710781,3.560088305849604,3.3231475084548947,1.0,3.8115016775699644,0.09239567211162125,3.7728244352014997,3.5358836378067906,1.0,3.8260404153326206,0.10693440987427749,3.763316029242965,3.526375231848256,1.0,3.7524509952075817,0.03334498974923861,3.786769428984016,3.549828631589307,1.0,3.339630539960879,-0.3794754654974639,3.940248022632389,3.7033072252376797,1.0,3.339630539960879,-0.3794754654974639,3.940248022632389,3.7033072252376797,1.0,4.152590705218728,0.43348469976038473,3.5769522981954793,3.3400115008007702,1.0,2.6537501085906783,-1.0653558968676649,3.6902456258793066,3.4533048284845975,1
rxn001352,15.0,3.310783875645029,1.695396617172264,7.134226097738825,3.823442222093796,2.683308433222251,0.9879118160499871,1.0,7.14219900505055,3.8314151294055208,2.2272663923260225,0.5318697751537584,1.0,7.145643340252008,3.8348594646069785,2.2059610296298615,0.5105644124575974,1.0,7.2086861601506484,3.8979022845056193,2.269003849528481,0.5736072323562169,1.0,7.099657512039229,3.7888736363942,2.3446150955336336,0.6492184783613695,1.0,7.099657512039229,3.7888736363942,2.3446150955336336,0.6492184783613695,1.0,7.134498583104907,3.823714707459878,2.6014986385035144,0.9061020213312503,1.0,4.195957993073016,0.8851741174279866,2.298274223626464,0.6028776064542001,1
rxn001662,12.0,5.36974642298992,-0.26102266197267454,16.84022701603037,11.470480593040449,-7.121240579261006,-6.860217917288331,1.0,5.558599781731566,0.1888533587416461,7.756902883317537,8.017925545290211,1.0,14.414531858591879,9.044785435601959,7.8255022442377395,8.086524906210414,1.0,15.250635880566861,9.880889457576941,3.6629670043572133,3.923989666329888,1.0,4.954514815924938,-0.41523160706498174,5.619568908969036,5.880591570941711,1.0,4.954514815924945,-0.41523160706497464,5.619568908969043,5.880591570941718,1.0,7.3989014765754675,2.029155053585548,6.625234740235307,6.886257402207981,1.0,6.37832030271975,1.0085738797298305,6.6383827811758565,6.899405443148531,1
rxn001671,8.0,2.62122820768127,0.73363619527845,4.164716853089843,1.5434886454085728,2.412546535708934,1.678910340430484,1.0,4.164716960165151,1.5434887524838814,2.412546535708934,1.678910340430484,1.0,4.172488311484223,1.551260103802953,2.412546535708934,1.678910340430484,1.0,4.180259612317155,1.5590314046358849,2.412546535708927,1.6789103404304768,1.0,4.164717010497508,1.5434888028162383,2.4125465357089375,1.6789103404304875,1.0,4.164717010497501,1.5434888028162312,2.4125465357089304,1.6789103404304804,1.0,4.164716853089843,1.5434886454085728,2.4125465357089375,1.6789103404304875,1.0,4.0547719791781205,1.4335437714968506,2.4125465357089304,1.6789103404304804,1
rxn001727,14.0,3.8133630147021904,2.681795545204295,4.091028166943865,0.2776651522416742,3.534497514543837,0.8527019693395417,1.0,4.317541706135231,0.5041786914330402,4.037144433210528,1.3553488880062332,1.0,4.3480595188285776,0.5346965041263871,4.046710035141729,1.3649144899374335,1.0,4.264546276224358,0.4511832615221678,3.9678048103857435,1.2860092651814483,1.0,4.342910682915445,0.5295476682132545,4.190659276033124,1.5088637308288284,1.0,4.342910682915445,0.5295476682132545,4.190659276033124,1.5088637308288284,1.0,4.2201305536001,0.40676753889790973,3.666031317612159,0.9842357724078639,1.0,3.9520986044949,0.1387355897927094,4.145347496856033,1.4635519516517377,1
rxn001853,14.0,2.899780553520941,-0.2246941932835398,2.744945091581947,-0.154835461938994,-0.10352467498984197,0.12116951829369782,1.0,2.986386999119489,0.08660644559854802,-0.06476518348824811,0.15992900979529168,1.0,3.6957569880963916,0.7959764345754508,-0.07261861641761413,0.15207557686592565,1.0,4.350375517522998,1.4505949640020575,-0.034782154168652824,0.18991203911488697,1.0,2.870663126569326,-0.02911742695161479,-0.07051999830488143,0.15417419497865836,1.0,2.8706631265692977,-0.02911742695164321,-0.07051999830489564,0.15417419497864415,1.0,2.7457567417409834,-0.1540238117799575,-0.10471646028963733,0.11997773299390246,1.0,2.3126943426284825,-0.5870862108924584,-0.2716919934564075,-0.0469978001728677,1
rxn001855,14.0,4.475716703394937,0.909090658607056,4.1526544459675705,-0.3230622574273667,7.375464172026966,6.46637351341991,1.0,2.035389346278201,-2.440327357116736,1.628329770723937,0.7192391121168811,1.0,2.279309428653562,-2.196407274741375,1.4208967378775839,0.5118060792705279,1.0,2.7337834244068233,-1.741933278988114,1.4239837710398078,0.5148931124327518,1.0,2.5149430092671423,-1.960773694127795,0.4476347610054958,-0.46145589760156014,1.0,2.514943009267128,-1.960773694127809,0.4476347610054816,-0.46145589760157435,1.0,2.163845730195412,-2.3118709731995253,1.8304982642376189,0.9214076056305629,1.0,1.5635687122775792,-2.912147991117358,1.3499694479090465,0.44087878930199054,1
rxn001872,16.0,5.5998162446740025,4.094641974095794,7.065351409152271,1.4655351644782684,5.652821048020051,1.5581790739242578,1.0,7.1170220956990065,1.517205851025004,5.652821048020051,1.5581790739242578,1.0,7.123395284578628,1.5235790399046252,5.652821048020051,1.5581790739242578,1.0,7.110230707542009,1.510414462868006,5.652821048020044,1.5581790739242507,1.0,7.003998474257166,1.4041822295831636,5.6528210480200585,1.558179073924265,1.0,7.003998474257166,1.4041822295831636,5.6528210480200585,1.558179073924265,1.0,7.065632359557945,1.4658161148839426,5.652821048020037,1.5581790739242436,1.0,7.036905141319821,1.4370888966458182,5.652819027593694,1.5581770534979,1
rxn001996,15.0,4.085132840885308,3.524925724640525,6.529864154364191,2.444731313478883,7.357843858346257,3.832918133705732,1.0,6.529864154364191,2.444731313478883,7.357843858346257,3.832918133705732,1.0,6.529864154364191,2.444731313478883,7.357843858346257,3.832918133705732,1.0,6.529864154364205,2.444731313478897,7.357843858346264,3.832918133705739,1.0,6.529864154364198,2.44473131347889,7.357843858346264,3.832918133705739,1.0,6.529864154364198,2.44473131347889,7.357843858346264,3.832918133705739,1.0,6.529864154364198,2.44473131347889,7.357843858346257,3.832918133705732,1.0,6.5298641543641835,2.4447313134788757,7.357843858338391,3.8329181336978664,1
rxn002059,9.0,3.957425124872316,1.5635805750462168,3.1734823671536816,-0.7839427577186342,-5.124528247731689,-6.688108822777906,1.0,1.4888174737018218,-2.468607651170494,-6.147560173217421,-7.711140748263638,1.0,1.0760758416601206,-2.881349283212195,-6.752257324726401,-8.315837899772617,1.0,1.313767801903282,-2.643657322969034,-6.494841831140988,-8.058422406187205,1.0,-0.10737882377644681,-4.064803948648763,-7.540676579569439,-9.104257154615656,0.0,-0.10737882377644681,-4.064803948648763,-7.540676579569432,-9.104257154615649,0.0,1.9843420869983461,-1.9730830378739697,-5.101447637524906,-6.665028212571123,1.0,1.684574223779535,-2.272850901092781,-3.5173021494388195,-5.080882724485036,1
rxn002133,10.0,3.6965829233722616,1.7329449505386947,9.139723903875158,5.443140980502896,5.402913167263343,3.669968216724648,1.0,3.4223611654411172,-0.27422175793114434,5.402913167263343,3.669968216724648,1.0,3.537484508193103,-0.1590984151791588,5.402913167263343,3.669968216724648,1.0,5.697703851241954,2.0011209278696924,5.402913167263364,3.669968216724669,1.0,5.693060299840326,1.9964773764680643,5.4029131672633355,3.669968216724641,1.0,5.693060299840326,1.9964773764680643,5.4029131672633355,3.669968216724641,1.0,3.133515400922029,-0.5630675224502326,5.4029131672633355,3.669968216724641,1.0,2.9177379708374005,-0.7788449525348611,5.402913167263321,3.6699682167246266,1
rxn002199,13.0,4.26342033061519,0.490099959230065,4.462070182785553,0.19864985217036235,0.20273464598118807,-0.28736531324887693,1.0,4.4651159460576935,0.20169561544250314,0.20273464598118807,-0.28736531324887693,1.0,4.472046988190584,0.2086266575753939,0.20273464598118807,-0.28736531324887693,1.0,4.4784442090019425,0.2150238783867522,0.20273464598120938,-0.2873653132488556,1.0,4.451734259890891,0.1883139292757008,0.20273464598118807,-0.28736531324887693,1.0,4.451734259890891,0.1883139292757008,0.20273464598118807,-0.28736531324887693,1.0,4.462077486702178,0.19865715608698764,0.20273464598118807,-0.28736531324887693,1.0,4.454165892573599,0.19074556195840842,0.20273464598117386,-0.28736531324889114,1
rxn002209,9.0,3.521428642450701,2.5667866130734183,-1.4964115997991527,-5.017840242249854,-2.031315101539697,-4.598101714613115,0.0,-1.1720918905757287,-4.69352053302643,-1.7096041411120666,-4.276390754185485,0.0,-1.6085141648317638,-5.129942807282465,-2.1480542999098766,-4.714840912983295,0.0,-1.184612715811845,-4.706041358262546,-1.7247229768570698,-4.291509589930488,0.0,-1.7507345692034377,-5.272163211654139,-2.2916795595976396,-4.858466172671058,0.0,-1.7507345692034448,-5.272163211654146,-2.2916795595976396,-4.858466172671058,0.0,0.2706163036135045,-3.2508123388371963,-0.2642871981270467,-2.831073811200465,1.0,1.0182357979494299,-2.503192844501271,2.472254586440009,-0.09453202663340932,1
rxn002226,18.0,4.46369616875927,1.2366551247605457,5.050984989696005,0.5872888209367346,5.030097708587647,3.793442583827101,1.0,5.047329534441786,0.5836333656825161,5.00624175620149,3.7695866314409443,1.0,5.0409425461604656,0.5772463774011953,4.999812963987921,3.7631578392273752,1.0,5.073354668256982,0.6096584994977121,4.997785638447382,3.7611305136868367,1.0,5.15599394871731,0.6922977799580394,5.080459498159371,3.843804373398825,1.0,5.15599394871731,0.6922977799580394,5.080459498159371,3.843804373398825,1.0,5.047169790995397,0.5834736222361272,5.025509667128816,3.78885454236827,1.0,4.465803463083503,0.0021072943242330666,5.008777210245057,3.7721220854845114,1
rxn002323,13.0,3.3048409932425784,1.9591058484247696,0.9691019450934917,-2.3357390481490867,-0.635753264669475,-2.5948591130942447,1.0,1.0516083921466048,-2.2532326010959736,-0.610018544945305,-2.5691243933700747,1.0,0.9508745848249731,-2.3539664084176053,-0.590066864143246,-2.5491727125680157,1.0,1.0159076034221428,-2.2889333898204356,-0.557133839350918,-2.5162396877756876,1.0,1.1200657780353396,-2.184775215207239,-0.6602645790167401,-2.6193704274415097,1.0,1.1200657780353325,-2.184775215207246,-0.6602645790167401,-2.6193704274415097,1.0,0.9506910571236915,-2.354149936118887,-0.6289192798163796,-2.5880251282411493,1.0,0.2257184867624744,-3.079122506480104,-0.4657398400902366,-2.4248456885150063,1
rxn002361,10.0,2.4742278093017376,2.4195813564929267,0.39230861202358724,-2.0819191972781503,0.6238440491936501,-1.7957373072992766,1.0,-0.32563138639512346,-2.799859195696861,-0.11291570545444785,-2.5324970619473746,0.0,-0.2310950313836031,-2.7053228406853407,-0.04082551961877812,-2.460406876111705,0.0,0.867804605637005,-1.6064232036647326,0.49856979305940285,-1.9210115634335239,1.0,0.10147659007905929,-2.3727512192226783,0.08501674337399123,-2.3345646131189355,1.0,0.10147659007905929,-2.3727512192226783,0.08501674337399123,-2.3345646131189355,1.0,3.2293771081883307,0.7551492988865931,3.5198318816286616,1.1002505251357348,1.0,3.4736795682755854,0.9994517589738479,3.7609278318081607,1.341346475315234,1
rxn002365,13.0,2.756777924114431,1.7114178133515452,8.394134732379364,5.637356808264933,-7.238842520854561,-8.950260334206106,1.0,2.3539348890034546,-0.4028430351109762,-1.4046619362050308,-3.116079749556576,1.0,2.4882861475268214,-0.26849177658760937,-1.2458939147617158,-2.957311728113261,1.0,1.2512863616687468,-1.505491562445684,-1.246381816403428,-2.957799629754973,1.0,1.8383289136181418,-0.918449010496289,-0.3004030542787035,-2.0118208676302487,1.0,1.8383289136181418,-0.918449010496289,-0.3004030542787035,-2.0118208676302487,1.0,4.171752537596248,1.4149746134818173,-1.5189063188271916,-3.230324132178737,1.0,3.2613825674701005,0.5046046433556697,-1.1623785837879836,-2.873796397139529,1
rxn002372,14.0,3.9405329575292853,3.7844547917175078,9.36393207932214,5.423399121792855,7.890638721890973,4.106183930173465,1.0,3.5387937192372334,-0.40173923829205194,2.4950389859349897,-1.289415805782518,1.0,3.4038908494811437,-0.5366421080481416,2.4300029036694326,-1.3544518880480751,1.0,4.305233686225783,0.36470072869649783,4.609583424683677,0.8251286329661696,1.0,3.6379861342010287,-0.30254682332825666,2.906948119496228,-0.8775066722212799,1.0,3.6379861342010287,-0.30254682332825666,2.906948119496228,-0.8775066722212799,1.0,5.525712473929758,1.5851795164004727,4.9026949411751914,1.1182401494576837,1.0,5.076572639250571,1.1360396817212859,4.801037459128658,1.01658266741115,1
rxn002383,14.0,3.0731538791433195,1.9964871746287827,6.1984532400249535,3.125299360881634,4.480117488195219,2.4836303135664366,1.0,6.2487373031873545,3.175583424044035,4.473018406780177,2.4765312321513946,1.0,6.264801468402375,3.1916475892590555,4.4769619422008375,2.480474767572055,1.0,6.264801468402354,3.191647589259034,4.457443303239785,2.460956128611002,1.0,6.273858417589501,3.200704538446182,4.507255545351228,2.5107683707224453,1.0,6.273858417589501,3.200704538446182,4.507255545351228,2.5107683707224453,1.0,6.195021113262946,3.1218672341196267,4.482272927627271,2.4857857529984884,1.0,6.051399334750961,2.9782454556076416,4.715485566715884,2.7189983920871015,1
rxn002413,11.0,3.3419907859242812,2.5328578866055977,-0.08866700736950861,-3.43065779329379,-7.935451194590939,-10.468309081196537,0.0,3.9813944511357917,0.6394036652115105,1.531992908082806,-1.0008649785227917,1.0,4.021760861086186,0.6797700751619047,1.6637033034646578,-0.86915458314094,1.0,3.295422376859527,-0.046568409064754235,1.662161796666382,-0.8706960899392158,1.0,4.145093130982737,0.8031023450584556,2.594593483278892,0.061735596673294424,1.0,4.145093130982737,0.8031023450584556,2.594593483278892,0.061735596673294424,1.0,5.334177957280019,1.992187171355738,1.6086075156940112,-0.9242503709115866,1.0,3.0730279059237446,-0.2689628800005366,1.739924179491993,-0.7929337071136047,1
rxn002617,14.0,3.06668963746597,2.7207153079471027,8.5335962843183,5.46690664685233,7.150295906972971,4.4295805990258685,1.0,3.4827987333325154,0.41610909586654543,1.5682880836172757,-1.152427224329827,1.0,3.3035514400544557,0.23686180258848566,1.3786720481399328,-1.3420432598071699,1.0,4.645681047059,1.57899140959303,1.8484307349725242,-0.8722845729745785,1.0,2.093955714712294,-0.972733922753676,0.47435012952956157,-2.246365178417541,1.0,2.093955714712294,-0.972733922753676,0.47435012952956157,-2.246365178417541,1.0,5.581316708841669,2.514627071375699,3.736877286520645,1.0161619785735425,1.0,5.034656543418407,1.9679669059524372,3.6410067055757054,0.9202913976286027,1
rxn002769,16.0,4.782687208758034,1.1946288829540208,5.061430307508246,0.27874309875021197,3.9972770863270597,2.802648203373039,1.0,4.537201001753537,-0.24548620700449675,3.838418845000298,2.6437899620462773,1.0,5.646027107269987,0.8633398985119527,3.836230650684108,2.641601767730087,1.0,6.104514015899873,1.3218268071418393,3.843265218925737,2.648636335971716,1.0,5.211999364630422,0.42931215587238825,2.996448937731415,1.8018200547773944,1.0,5.211999364630422,0.42931215587238825,2.996448937731415,1.8018200547773944,1.0,4.614953668296053,-0.16773354046198108,3.986317588439938,2.7916887054859174,1.0,3.958360610257621,-0.8243265985004129,3.812971387454837,2.6183425045008164,1
rxn002775,7.0,5.348574021597415,4.970569381576752,2.160697417064327,-3.1878766045330877,-2.1566838215153226,-7.127253203092074,1.0,1.587390954587086,-3.761183067010329,-2.7299902839925636,-7.700559665569315,1.0,0.6822313662071231,-4.666342655390292,-3.6351498723725264,-8.605719253949278,1.0,1.6143958780701695,-3.734178143527245,-2.702985360509473,-7.673554742086225,1.0,0.025340780594643064,-5.323233241002772,-4.292040457984999,-9.262609839561751,1.0,0.025340780594643064,-5.323233241002772,-4.292040457984999,-9.262609839561751,1.0,2.8213326896606965,-2.527241331936718,-1.496048548918946,-6.466617930495698,1.0,0.8889824906242083,-4.459591530973206,0.26516441071217045,-4.705404970864581,1
rxn002799,12.0,2.418677821462552,-0.027142272045239224,3.272629526881097,0.8539517054185453,5.65316048989925,5.680302761944489,1.0,3.272629526881097,0.8539517054185453,1.0661593427808924,1.0933016148261316,1.0,3.272629526881097,0.8539517054185453,1.1083185505918465,1.1354608226370857,1.0,3.27262952688109,0.8539517054185382,0.3544848156450442,0.3816270876902834,1.0,3.272629526881097,0.8539517054185453,0.6045283795302225,0.6316706515754618,1.0,3.27262952688109,0.8539517054185382,0.6045283795302225,0.6316706515754618,1.0,3.27262952688109,0.8539517054185382,0.7539597500500079,0.7811020220952472,1.0,3.20919586780893,0.7905180463463779,0.26804972951719463,0.29519200156243386,1
rxn002837,11.0,6.589711631752834,4.290874371676182,4.969019350852577,-1.6206922809002577,-0.7927403571730025,-5.083614728849184,1.0,3.195199450102564,-3.3945121816502706,-1.3437962378225805,-5.634670609498762,1.0,2.503658427833386,-4.086053203919448,-1.885106649795965,-6.175981021472147,1.0,1.805043819423176,-4.784667812329658,-1.8102004507854872,-6.101074822461669,1.0,2.151028837473355,-4.4386827942794795,-2.0984587803816126,-6.3893331520577945,1.0,2.151028837473355,-4.4386827942794795,-2.0984587803816126,-6.3893331520577945,1.0,2.5067017156794122,-4.083009916073422,-0.43494298268988274,-4.725817354366065,1.0,3.577747819370039,-3.0119638123827954,1.6416550660262885,-2.6492193056498934,1
rxn003064,11.0,4.252433923898934,0.37076095811789855,5.748797057152544,1.4963631332536096,0.21860159321870754,-0.15215936489919102,1.0,5.2667983798912275,1.0143644559922933,0.21094524069101794,-0.1598157174268806,1.0,5.21087178635463,0.9584378624556962,0.20926203970273605,-0.1614989184151625,1.0,5.133151571347646,0.8807176474487122,0.17646210788980454,-0.194298850228094,1.0,5.151130927256247,0.898697003357313,0.10759136779000045,-0.2631695903278981,1.0,5.151130927256247,0.898697003357313,0.10759136779000045,-0.2631695903278981,1.0,5.243378823208211,0.9909448993092767,0.2551836039618749,-0.11557735415602366,1.0,5.093211812046505,0.8407778881475707,-0.4258362596523071,-0.7965972177702056,1
rxn003071,10.0,2.712759501346227,0.9331488193474797,12.669116970431642,9.956357469085415,4.7521271020011255,3.818978282653646,1.0,6.4749950627277855,3.7622355613815586,4.752954443649969,3.8198056243024894,1.0,6.351004295771347,3.6382447944251197,4.752966585992617,3.819817766645137,1.0,6.861527161577513,4.148767660231286,4.7627106443058125,3.8295618249583327,1.0,5.55387302818977,2.841113526843543,4.755311521716067,3.822162702368587,1.0,5.55387302818977,2.841113526843543,4.755311521716067,3.822162702368587,1.0,4.718531355464634,2.0057718541184073,4.752226615993536,3.819077796646056,1.0,4.755598919214236,2.0428394178680094,4.7688585856649155,3.8357097663174358,1
rxn003095,7.0,1.9395464781446208,-0.22609783277948736,-5.093139753735613,-7.032686231880234,-5.578460636242774,-5.352362803463286,0.0,1.0882370623307906,-0.8513094158138301,0.4740574117037326,0.70015524448322,1.0,0.8298194213499706,-1.1097270567946502,0.2950730671980111,0.5211708999774984,1.0,1.5349255320440847,-0.4046209461005361,1.341161845584299,1.5672596783637864,1.0,1.2435677418693487,-0.6959787362752721,0.27098626692820815,0.4970840997076955,1.0,1.2435677418693487,-0.6959787362752721,0.2709862669282046,0.49708409970769196,1.0,4.076447811366943,2.1369013332223226,3.591126928859776,3.817224761639263,1.0,2.762207544889069,0.8226610667444483,3.2433977773929676,3.469495610172455,1
rxn003264,14.0,3.715399635056201,1.0488043838131489,6.819210891844861,3.10381125678866,4.948081423367114,3.899277039553965,1.0,7.123393995773249,3.4079943607170478,5.090827822994541,4.042023439181392,1.0,7.177812186594693,3.462412551538492,5.074475819222293,4.025671435409144,1.0,7.1807748447561295,3.4653752096999284,5.072583399225934,4.023779015412785,1.0,6.991993083858162,3.276593448801961,5.255233430721617,4.206429046908468,1.0,6.991993083858162,3.276593448801961,5.255233430721617,4.206429046908468,1.0,6.8275469233319015,3.1121472882757004,4.95310523375921,3.904300849946061,1.0,6.986873743522565,3.2714741084663643,3.9996371732175504,2.9508327894044015,1
rxn003319,8.0,3.6676365282537517,2.2008349463803825,6.976363636437448,3.308727108183696,2.3752222202731303,0.17438727389274788,1.0,6.976363636437448,3.308727108183696,2.3880009308627876,0.18716598448240518,1.0,6.976363636437448,3.308727108183696,2.396953104964531,0.19611815858414872,1.0,6.976363636437455,3.308727108183703,2.398980430505098,0.19814548412471567,1.0,6.976363636437455,3.308727108183703,2.398866318543476,0.19803137216309352,1.0,6.976363636437455,3.308727108183703,2.398866318543476,0.19803137216309352,1.0,6.976363636437455,3.308727108183703,2.3752689820786372,0.17443403569825477,1.0,3.9436535722511863,0.27601704399743454,2.387994273646477,0.18715932726609452,1
rxn003394,11.0,3.3546174596294804,2.314316745585529,6.122955594419189,2.7683381347897082,4.563793392848247,2.2494766472627177,1.0,6.195476386209201,2.8408589265797204,4.569209026271487,2.254892280685958,1.0,6.218446652028902,2.8638291923994217,4.572660633561092,2.2583438879755633,1.0,6.226598421076027,2.871980961446546,4.560205067320489,2.2458883217349594,1.0,6.19629509845749,2.84167763882801,4.577670481975417,2.263353736389888,1.0,6.19629509845749,2.84167763882801,4.577670481975417,2.263353736389888,1.0,6.1260377322275374,2.771420272598057,4.566904108351693,2.252587362766164,1.0,5.848096447320806,2.4934789876913257,4.441900136313279,2.12758339072775,1
rxn003494,12.0,5.435476032596853,4.0652246233530605,1.671351674742155,-3.7641243578546977,-1.6010495724724692,-5.66627419582553,1.0,2.7149144130539895,-2.7205616195428632,2.8079724300303397,-1.2572521933227208,1.0,3.057033942798313,-2.37844208979854,2.9468158291852617,-1.1184087941677987,1.0,5.604308909861317,0.16883287726446383,4.515360166845312,0.4501355434922516,1.0,2.0442691443015306,-3.391206888295322,4.1744260138341005,0.10920139048104005,1.0,2.0442691443015235,-3.3912068882953292,4.174426013834093,0.10920139048103294,1.0,5.864439206766171,0.4289631741693185,4.595792990686718,0.5305683673336574,1.0,6.2350955242631585,0.7996194916663057,5.4130789620167405,1.34785433866368,1
rxn003547,13.0,2.708016428829069,0.9329492428760204,12.832929782515421,10.124913353686352,4.7859537353607635,3.853004492484743,1.0,6.655139815470335,3.947123386641266,4.7859537353607635,3.853004492484743,1.0,6.526285661469757,3.818269232640688,4.7859537353607635,3.853004492484743,1.0,7.0950627350244915,4.387046306195423,4.785953735360785,3.8530044924847644,1.0,5.577175287885659,2.86915885905659,4.785953735360806,3.8530044924847857,1.0,5.577175287885659,2.86915885905659,4.785953735360806,3.8530044924847857,1.0,5.028375406087555,2.3203589772584863,4.785953735360799,3.8530044924847786,1.0,4.926949059989219,2.2189326311601505,4.78595373534985,3.853004492473829,1
rxn003577,14.0,2.975343389392947,0.41262633165024454,-1.990790342535071,-4.966133731928018,-3.884568150410999,-4.2971944820612435,0.0,3.984840370556036,1.009496981163089,3.580080247600371,3.1674539159501265,1.0,4.142719339451411,1.1673759500584637,3.77774086278815,3.3651145311379054,1.0,4.203831743623283,1.2284883542303362,3.7761993559898883,3.363573024339644,1.0,3.969745839210667,0.99440244981772,3.9067602114044604,3.494133879754216,1.0,3.969745839210667,0.99440244981772,3.9067602114044604,3.494133879754216,1.0,3.7653519649266514,0.7900085755337045,3.5945267871045417,3.181900455454297,1.0,2.4406124577969166,-0.5347309315960302,3.800521975212355,3.3878956435621106,1
rxn003598,16.0,4.713391274866808,3.366377317347542,9.701373541222864,4.987982266356056,8.505654610840779,5.139277293493237,1.0,9.701373541222864,4.987982266356056,8.505654610840779,5.139277293493237,1.0,9.701373541222864,4.987982266356056,8.505654610840779,5.139277293493237,1.0,9.701373541222836,4.987982266356028,8.505654610840757,5.139277293493215,1.0,9.701373541222857,4.987982266356049,8.505654610840764,5.1392772934932225,1.0,9.701373541222857,4.987982266356049,8.505654610840764,5.1392772934932225,1.0,9.701373541222871,4.987982266356063,8.505654610840772,5.13927729349323,1.0,5.825091634150013,1.1117003592832049,8.505654610839684,5.1392772934921425,1
rxn003733,13.0,2.3348060622693083,1.3008694819327502,2.2207444286977562,-0.11406163357155208,1.306855301262864,0.005985819330113884,1.0,3.119251008011034,0.7844449457417255,1.8318775830281737,0.5310081010954235,1.0,3.382942830098102,1.0481367678287938,1.7938931405886365,0.49302365865588627,1.0,3.382942830098095,1.0481367678287867,1.1375718641762944,-0.1632976177564558,1.0,3.613680506032928,1.2788744437636197,1.681049314961335,0.3801798330285848,1.0,3.613680506032928,1.2788744437636197,1.681049314961335,0.3801798330285848,1.0,2.8988165933815964,0.564010531112288,2.3225653701564397,1.0216958882236895,1.0,2.8616440942018926,0.5268380319325843,2.289260215529964,0.988390733597214,1
rxn003773,8.0,3.6994607233891657,2.3663810582502265,-3.2573201029546333,-6.956780826343799,-4.004968977297452,-6.371350035547678,0.0,-0.02932174083196415,-3.72878246422113,-2.51139869298175,-4.8777797512319765,0.0,-0.3125867308755943,-4.01204745426476,-3.1277395121118943,-5.494120570362121,0.0,-0.09159199698716591,-3.7910527203763316,-2.926479411908719,-5.292860470158946,0.0,0.10341638242057982,-3.596044340968586,-2.138708158023377,-4.505089216273603,1.0,0.10341638242057982,-3.596044340968586,-2.138708158023377,-4.505089216273603,1.0,2.776769829818271,-0.9226908935708948,0.4133163142953187,-1.9530647439549078,1.0,1.1386568597338709,-2.5608038636552948,0.1587118520665598,-2.2076692061836667,1
rxn003901,12.0,4.681187222386143,1.5411318997748822,13.131157022124341,8.449969799738199,2.815810933505169,1.274679033730287,1.0,6.329853158246664,1.648665935860521,2.8123136413025875,1.2711817415277054,1.0,6.468552823602998,1.7873656012168553,2.8068541008268113,1.2657222010519291,1.0,6.2793441695419645,1.5981569471558217,2.8689065143644896,1.3277746145896074,1.0,5.304989030866402,0.623801808480259,2.7974522875623222,1.25632038778744,1.0,5.304989030866402,0.623801808480259,2.7974522875623293,1.2563203877874471,1.0,4.125720523222334,-0.5554666991638086,2.8158524183050275,1.2747205185301453,1.0,3.9921967017291067,-0.6889905206570361,2.907420010988389,1.3662881112135068,1
rxn003917,8.0,2.6873013066187923,-0.08636497252518893,2.7799832502630366,0.09268194364424431,-4.125414512851272,-4.039049540326083,1.0,2.3150282843338914,-0.3722730222849009,-4.590369478780417,-4.504004506255228,1.0,1.644918861248886,-1.0423824453699062,-5.260478901865422,-5.174113929340233,1.0,1.7687657054349515,-0.9185356011838408,-5.13663205767935,-5.050267085154161,1.0,1.4022703838300998,-1.2850309227886925,-5.503127379284205,-5.416762406759016,1.0,1.4022703838300927,-1.2850309227886996,-5.503127379284219,-5.41676240675903,1.0,3.350842368651655,0.6635410620328628,-3.55455539446265,-3.468190421937461,1.0,2.605601509738843,-0.0816997968799491,-3.2695921580106173,-3.1832271854854284,1
rxn003957,15.0,3.923860124841667,3.2290839741972377,4.969085280931807,1.0452251560901402,3.808574498230115,0.5794905240328774,1.0,4.534633472210679,0.6107733473690118,3.805114238468569,0.5760302642713313,1.0,4.535539795024633,0.6116796701829657,3.8051489840436403,0.5760650098464026,1.0,4.426534476549207,0.5026743517075403,3.873383887243726,0.6442999130464884,1.0,4.305866414728293,0.38200628988662544,3.7903234269420594,0.5612394527448217,1.0,4.307397436749625,0.3835373119079577,3.788168258359093,0.5590842841618553,1.0,4.9431718936740054,1.0193117688323383,3.8085795309992463,0.5794955568020086,1.0,4.16976423334421,0.2459041085025433,3.8480292266980882,0.6189452525008505,1
rxn004021,14.0,5.298427096677187,1.570581610298177,6.214881201207163,0.9164541045299757,4.660824388389628,3.0902427780914508,1.0,6.214881201207163,0.9164541045299757,4.660824388389628,3.0902427780914508,1.0,6.214881201207163,0.9164541045299757,4.660824388389628,3.0902427780914508,1.0,6.214881201207163,0.9164541045299757,4.660824388389614,3.0902427780914365,1.0,6.214881201207156,0.9164541045299686,4.660824388389628,3.0902427780914508,1.0,6.214881201207156,0.9164541045299686,4.660824388389628,3.0902427780914508,1.0,6.214881201207163,0.9164541045299757,4.660824388389635,3.090242778091458,1.0,6.137008090107649,0.8385809934304618,4.660824388395582,3.090242778097405,1
rxn004031,14.0,3.3044556664071933,1.7396461271964654,10.664869111806858,7.360413445399665,4.0113154606322965,2.271669333435831,1.0,6.366133816837518,3.0616781504303248,4.0113154606322965,2.271669333435831,1.0,6.355139226550939,3.050683560143746,4.0113154606322965,2.271669333435831,1.0,6.470247056949901,3.165791390542708,4.011315460632254,2.2716693334357885,1.0,5.32882517822803,2.0243695118208365,4.011315460632282,2.271669333435817,1.0,5.32882517822803,2.0243695118208365,4.011315460632282,2.271669333435817,1.0,7.135002755690806,3.8305470892836126,4.011315460632282,2.271669333435817,1.0,6.767071433861673,3.46261576745448,4.162255828945007,2.4226097017485415,1
rxn004068,10.0,4.504384366840895,0.3658622881721385,4.19919031611019,-0.30519405073070516,1.659443594473423,1.2935813063012844,1.0,1.8714761961909971,-2.6329081706498982,-2.979275303590356,-3.3451375917624944,1.0,1.6982020388164258,-2.8061823280244695,-3.898387598918177,-4.264249887090315,1.0,1.3558662665438277,-3.1485181002970677,-4.025344469648886,-4.391206757821024,1.0,0.3421815156840964,-4.162202851156799,-4.557569456914983,-4.923431745087122,1.0,0.3421815156840964,-4.162202851156799,-4.557569456914983,-4.923431745087122,1.0,2.395585542679477,-2.1087988241614184,-3.817186249177361,-4.183048537349499,1.0,3.4783023031829288,-1.0260820636579666,-2.258140649966883,-2.6240029381390215,1
rxn004311,16.0,4.819815226886931,0.7324273675412769,3.4462800442600496,-1.3735351826268811,7.092489694037916,6.360062326496639,1.0,3.458366499706429,-1.3614487271805018,1.1825397995043119,0.45011243196303496,1.0,3.4793593177958115,-1.3404559090911192,1.0446959442339931,0.31226857669271624,1.0,3.5859825500634983,-1.2338326768234325,1.0462374510322547,0.31381008349097783,1.0,3.4548266618081414,-1.3649885650787894,-0.06883365427039934,-0.8012610218116762,1.0,3.4548266618081414,-1.3649885650787894,-0.06883365427039934,-0.8012610218116762,1.0,3.4631334207661766,-1.3566818061207542,1.34770888816643,0.6152815206251532,1.0,3.563776381759027,-1.2560388451279039,0.9326424390644448,0.20021507152316786,1
rxn004353,12.0,4.153613752938327,0.053144343470194144,26.918660597879242,22.765046844940915,0.22229900568036953,0.1691546622101754,1.0,7.048009195862761,2.8943954429244343,-0.027792675554081825,-0.08093701902427597,1.0,6.331879531405896,2.178265778467569,0.018836692988223547,-0.0343076504819706,1.0,6.333317942581964,2.179704189643637,0.01883669298821644,-0.0343076504819777,1.0,4.3519096471582515,0.19829589421992466,-0.0725638400282449,-0.12570818349843904,1.0,4.3519096471582515,0.19829589421992466,-0.0725638400282449,-0.12570818349843904,1.0,6.721199949539901,2.5675861966015745,0.007343542761049093,-0.04580080070914505,1.0,4.26072684901974,0.10711309608141306,0.016870639113811592,-0.03627370435638255,1
rxn004360,12.0,4.648023386214845,2.5670942241886223,6.909699951565337,2.2616765653504913,5.244098483458316,2.677004259269694,1.0,7.768777055262376,3.120753669047531,3.293602354262333,0.7265081300737108,1.0,8.028916259050519,3.3808928728356733,3.2713584544278618,0.7042642302392395,1.0,5.292993878511183,0.6449704922963377,3.1946268127947377,0.6275325886061154,1.0,5.613503249345101,0.9654798631302555,3.207693211194055,0.6405989870054327,1.0,5.613503249345101,0.9654798631302555,3.207693211194055,0.6405989870054327,1.0,7.940751080403615,3.2927276941887698,3.278710650718935,0.7116164265303127,1.0,7.9749235844626725,3.3269001982478272,3.318696650495042,0.7516024263064196,1
rxn004419,14.0,2.5821135923670226,1.5420663959230296,9.593333796357207,7.0112202039901845,0.07088133864635893,-1.4711850572766707,1.0,3.6473621786914308,1.065248586324408,0.07102103648071534,-1.4710453594423143,1.0,3.6990722680099566,1.116958675642934,0.08253396193393314,-1.4595324339890965,1.0,2.2730816172132293,-0.3090319751537933,0.08711541559332403,-1.4549509803297056,1.0,1.4585851041005071,-1.1235284882665155,0.07114428703746256,-1.470922108885567,1.0,1.4585851041005071,-1.1235284882665155,0.07114428703746256,-1.470922108885567,1.0,5.710135938836125,3.128022346469102,0.07088134374951949,-1.4711850521735101,1.0,2.8386173372236954,0.2565037448566727,0.061471425748536035,-1.4805949701744936,1
rxn004483,16.0,4.322018739307168,0.7015896096472716,7.8983315371238945,3.576312797816726,3.7391370627085507,3.037547453061279,1.0,7.938054764753801,3.6160360254466326,3.7290798836778407,3.027490274030569,1.0,7.920312646488242,3.5982939071810733,3.706259005678774,3.0046693960315025,1.0,7.954535913392334,3.632517174085166,3.700177029057137,2.9985874194098656,1.0,7.9066297909404,3.5846110516332317,3.7545000930651113,3.0529104834178398,1.0,7.9066297909404,3.5846110516332317,3.7545000930651113,3.0529104834178398,1.0,7.89829227320859,3.5762735339014213,3.739097798793246,3.0375081891459743,1.0,6.6595825697283715,2.337563830421203,3.7296237232324714,3.0280341135852,1
rxn004738,16.0,3.2239665845718264,0.6425009415706882,9.629512697068627,6.4055461124968005,3.3252602103977296,2.6827592688270414,1.0,4.025023480590498,0.8010568960186717,3.3252602103977296,2.6827592688270414,1.0,4.089721933110965,0.8657553485391389,3.3252602103977296,2.6827592688270414,1.0,5.406559522939922,2.1825929383680958,3.3252602103977225,2.6827592688270343,1.0,5.2554936895611775,2.031527104989351,3.3252602103977296,2.6827592688270414,1.0,5.2554936895611775,2.031527104989351,3.3252602103977296,2.6827592688270414,1.0,5.497761702138604,2.2737951175667774,3.3252602103977296,2.6827592688270414,1.0,2.7260184408001464,-0.49794814377167995,3.3252602103977296,2.6827592688270414,1
rxn004864,14.0,4.218727381119606,1.0458497497256758,8.692313310005275,4.473585928885669,5.779152646114568,4.733302896388892,1.0,5.419181677392054,1.2004542962724472,5.779152646114568,4.733302896388892,1.0,5.334384863022237,1.1156574819026304,5.779152646114568,4.733302896388892,1.0,6.059824544566197,1.841097163446591,5.779152646114554,4.733302896388878,1.0,5.372591301170068,1.153863920050462,5.779152646114575,4.733302896388899,1.0,5.372591301170068,1.153863920050462,5.779152646114575,4.733302896388899,1.0,6.228600440531082,2.0098730594114755,5.779152646114568,4.733302896388892,1.0,5.679060968739371,1.4603335876197647,3.3547258549352037,2.308876105209528,1
rxn004948,11.0,3.491546817835115,0.022633873246377334,2.714242355787512,-0.7773044620476028,6.41512146822933,6.392487594982953,1.0,1.509771513267161,-1.9817753045679538,-1.8555953939191738,-1.8782292671655512,1.0,1.4528518863912865,-2.0386949314438283,-2.024302390583756,-2.0469362638301334,1.0,1.2514003594041299,-2.240146458430985,-2.024687195789461,-2.0473210690358385,1.0,1.0962676913728444,-2.3952791264622704,-2.1976442509436893,-2.2202781241900666,1.0,1.0962676913728444,-2.3952791264622704,-2.1976442509436893,-2.2202781241900666,1.0,2.3603838046927876,-1.1311630131423271,-1.8982626866972794,-1.9208965599436567,1.0,1.9856375416534036,-1.5059092761817112,-2.044466588909451,-2.067100462155828,1
rxn004984,13.0,4.269004202313226,3.781296374279009,5.2260174608931464,0.95701325857992,5.210454528630706,1.429158154351697,1.0,5.184914455869809,0.9159102535565822,5.061635364699512,1.2803389904205034,1.0,5.175680900685485,0.9066766983722587,5.043112162220432,1.2618157879414227,1.0,5.160509337617668,0.8915051353044419,5.006542296904328,1.2252459226253194,1.0,5.212321081452714,0.9433168791394877,5.059528557321585,1.2782321830425758,1.0,5.212321081452714,0.9433168791394877,5.059528557321585,1.2782321830425758,1.0,5.22514329277805,0.9561390904648235,5.17501830443684,1.393721930157831,1.0,5.167379341532332,0.8983751392191053,4.91734782905948,1.1360514547804712,1
rxn005065,14.0,4.5530656701703265,3.68282782613187,4.2681267386085935,-0.284938931561733,10.64878832346158,6.965960497329711,1.0,4.260199445692329,-0.29286622447799715,5.859332285317102,2.1765044591852316,1.0,4.270218305310017,-0.28284736486030937,5.88065661847056,2.19782879233869,1.0,4.238333977103899,-0.31473169306642745,7.648648072033453,3.9658202459015826,1.0,4.226856815246414,-0.3262088549239124,4.59858115131108,0.9157533251792103,1.0,4.226856815246414,-0.3262088549239124,4.59858115131108,0.9157533251792103,1.0,4.2916961267582465,-0.26136954341207996,7.958045733779208,4.275217907647338,1.0,4.272478083430322,-0.2805875867400047,7.86936301754254,4.18653519141067,1
rxn005094,11.0,5.211192257767834,3.8842564773767663,14.033637344196478,8.822445086428644,7.838553883005687,3.954297405628921,1.0,3.9324291675986984,-1.2787630901691358,2.45264004760827,-1.4316164297684963,1.0,4.0787252536899175,-1.1324670040779168,2.0439877081740505,-1.8402687692027158,1.0,5.177986902534798,-0.03320535523303647,2.474266558872813,-1.4099899185039533,1.0,1.1947058581700318,-4.016486399597802,0.8715150618863277,-3.0127414154904386,1.0,1.1947058581700318,-4.016486399597802,0.8715150618863277,-3.0127414154904386,1.0,4.5839550394964235,-0.6272372182714108,4.414751059554362,0.5304945821775959,1.0,4.471770815868624,-0.7394214418992107,4.314486284598786,0.43022980722201964,1
rxn005120,13.0,2.4815667065668094,1.0351612451013352,14.862321132204094,12.380754425637285,-1.1971558017861668,-2.232317046887502,1.0,3.833220345677134,1.3516536391103244,-0.8886927187784437,-1.923853963879779,1.0,3.7736721952998096,1.2921054887330001,-0.9264800086465215,-1.9616412537478567,1.0,5.358193118485431,2.876626411918622,-0.7523090055288435,-1.7874702506301787,1.0,3.8106956436959223,1.3291289371291128,-1.055068014821586,-2.0902292599229213,1.0,3.8106956436959223,1.3291289371291128,-1.055068014821579,-2.090229259922914,1.0,5.093827874985124,2.612261168418314,-1.0978052289698823,-2.1329664740712175,1.0,2.974056389821186,0.4924896832543766,-0.5125924061073874,-1.5477536512087227,1
rxn005141,11.0,2.1880397117438406,-0.021682457057977444,1.7487157369674762,-0.4393239747763644,-1.2069193975502088,-1.1852369404922314,1.0,2.9540892774830425,0.7660495657392019,0.6939646525622791,0.7156471096202566,1.0,2.937937169151006,0.7498974574071653,0.3365070786389097,0.35818953569688716,1.0,2.962003056091831,0.7739633443479903,1.1786387124601063,1.2003211695180838,1.0,2.717641106814739,0.5296013950708982,1.7458937951207716,1.767576252178749,1.0,2.717641106814739,0.5296013950708982,1.7458937951207716,1.767576252178749,1.0,3.7345278852850683,1.5464881735412277,2.2927730520095864,2.314455509067564,1.0,3.2145150729153684,1.0264753611715278,0.8506837982902482,0.8723662553482256,1
rxn005187,18.0,4.326483360428938,3.9413730709829906,8.12236528048367,3.7958819200547325,7.6715677705709595,3.730194699587969,1.0,6.550009496437866,2.2235261360089282,6.374076093242522,2.432703022259531,1.0,7.08313174960378,2.756648389174842,6.37108570599618,2.429712635013189,1.0,4.884786669521276,0.5583033090923379,5.233468502665957,1.2920954316829665,1.0,5.824759467421046,1.4982761069921082,5.478427463917569,1.5370543929345786,1.0,5.824759467421046,1.4982761069921082,5.478427463917569,1.5370543929345786,1.0,7.521250271442099,3.1947669110131613,8.110740304472088,4.169367233489098,1.0,6.9802012875226325,2.6537179270936946,8.318060023533945,4.376686952550955,1
rxn005228,14.0,3.1572147438646425,2.344929095239422,6.190830991920578,3.033616248055935,6.438237433190842,4.09330833795142,1.0,6.27618077985958,3.118966035994937,6.438859729377192,4.09393063413777,1.0,6.30437871184116,3.1471639679765175,6.444352787115982,4.099423691876559,1.0,6.290339603009635,3.133124859144992,6.450469777755842,4.10554068251642,1.0,6.28695832357846,3.129743579713818,6.4398189007494295,4.094889805510007,1.0,6.286958422443604,3.1297436785789614,6.4398189007494295,4.094889805510007,1.0,6.190830991920421,3.033616248055779,6.438236836825865,4.093307741586443,1.0,5.814185593459541,2.6569708495948987,6.15548297844353,3.8105538832041077,1
rxn005283,10.0,4.5727037602700875,2.276716879297055,4.111470767099881,-0.4612329931702064,6.194292565655132,3.9175756863580773,1.0,4.0658980940674425,-0.506805666202645,6.126504379191331,3.8497874998942763,1.0,4.061487410570564,-0.5112163496995237,6.109920122002038,3.8332032427049825,1.0,4.156211773310474,-0.4164919869596133,6.181960379522238,3.9052435002251826,1.0,3.8812491406124323,-0.6914546196576552,6.159816943734768,3.8831000644377127,1.0,3.8812491406124323,-0.6914546196576552,6.159816943734775,3.88310006443772,1.0,4.098884437828424,-0.47381932244166336,6.194292565655125,3.91757568635807,1.0,2.596574417078962,-1.9761293431911255,3.953969409659507,1.677252530362452,1
rxn005403,16.0,5.135418076500173,3.5725524262034014,14.367987666157774,9.2325695896576,6.52730401123781,2.9547515850344084,1.0,3.9594140447723944,-1.1760040317277785,1.9528410914169783,-1.6197113347864232,1.0,4.2113757354508365,-0.9240423410493364,1.680836344331091,-1.8917160818723104,1.0,5.153626483655465,0.01820840715529215,1.4189936698818144,-2.153558756321587,1.0,1.311477907565262,-3.823940168934911,0.9218691539041686,-2.650683272299233,1.0,1.311477907565262,-3.823940168934911,0.9218691539041686,-2.650683272299233,1.0,4.5599092351612285,-0.5755088413389444,3.288646512325343,-0.2839059138780584,1.0,4.449816561597899,-0.6856015149022738,3.070923745957927,-0.5016286802454744,1
rxn005576,14.0,6.851453928769843,0.8837382753554266,-1.0537406731160956,-7.905194601885938,-9.907158961971106,-10.790897237326533,0.0,6.793573403540421,-0.057880525229421664,7.32950565169844,6.445767376343014,1.0,6.960863491241234,0.10940956247139155,7.931860247497717,7.04812197214229,1.0,5.331707203766754,-1.5197467250030883,7.910611644310691,7.026873368955265,1.0,6.010972970238683,-0.8404809585311597,8.165728015739298,7.281989740383871,1.0,6.010972970238683,-0.8404809585311597,8.165728015739298,7.281989740383871,1.0,7.928960052476853,1.0775061237070105,7.0185456108877915,6.134807335532365,1.0,7.919829131988649,1.0683752032188067,4.465369731157004,3.5816314558015776,1
rxn005587,17.0,5.000510078026309,0.8700960808791933,8.346513799087646,3.3460037210613365,3.6857010763038147,2.8156049954246214,1.0,7.227083879031106,2.226573801004797,3.6857010763038147,2.8156049954246214,1.0,7.389598226802839,2.38908814877653,3.6857010763038147,2.8156049954246214,1.0,7.382666754997253,2.3821566769709435,3.6857010763038147,2.8156049954246214,1.0,6.538813020558898,1.5383029425325887,3.6857010763038005,2.815604995424607,1.0,6.538813020558898,1.5383029425325887,3.6857010763038005,2.815604995424607,1.0,7.807281695198611,2.806771617172302,3.6857010763037863,2.815604995424593,1.0,5.825794746930185,0.8252846689038762,3.6857010763146008,2.8156049954354074,1
rxn005619,9.0,4.060269642166531,1.8572729361858364,12.215474347629353,8.155204705462822,2.996143998349339,1.1388710621635028,1.0,6.313025956600441,2.25275631443391,2.992572473086618,1.1352995369007814,1.0,8.415509709883622,4.355240067717091,2.98709734406539,1.1298244078795534,1.0,6.397706188073027,2.3374365459064954,3.036830604661418,1.1795576684755815,1.0,5.514452100822265,1.4541824586557333,2.9791963079687562,1.1219233717829198,1.0,5.514452100822265,1.4541824586557333,2.9791963079687562,1.1219233717829198,1.0,4.586488998042572,0.5262193558760409,2.9961730253573293,1.1389000891714929,1.0,2.895531562254355,-1.1647380799121763,3.069877952282212,1.2126050160963757,1
rxn005625,12.0,2.690078731995527,1.8875866463176862,5.0098945331289695,2.3198158011334424,-14.554356773278055,-16.44194341959574,1.0,2.4605255094431726,-0.22955322255235444,-1.235287667890816,-3.1228743142085023,1.0,2.588260612214114,-0.10181811978141297,-1.4119821031820976,-3.299568749499784,1.0,1.1939893131300607,-1.4960894188654663,-1.8036884657644165,-3.691275112082103,1.0,1.6533170967839013,-1.0367616352116258,-0.4258121849040606,-2.313398831221747,1.0,1.6533170967839013,-1.0367616352116258,-0.4258121849040606,-2.313398831221747,1.0,4.617622365991622,1.9275436339960947,-0.8988000216570526,-2.786386667974739,1.0,1.8354205468644196,-0.8546581851311075,-0.8775161953089139,-2.7651028416266,1
rxn005670,12.0,3.290532332051953,2.809180934183132,12.151996717397402,8.86146438534545,10.369403612032173,7.5602226778490405,1.0,8.655886678744913,5.3653543466929605,4.1926692050625505,1.3834882708794183,1.0,13.263244671607708,9.972712339555756,4.112544778727425,1.3033638445442932,1.0,16.001563606551485,12.711031274499533,7.575744835567825,4.766563901384693,1.0,9.129663740031994,5.839131407980041,7.5658486163005065,4.756667682117374,1.0,9.129663740032008,5.839131407980055,7.5658486163005065,4.756667682117374,1.0,5.0173645660818735,1.7268322340299207,3.7144573755353463,0.9052764413522141,1.0,4.1446531308703385,0.8541207988183857,5.401683606500619,2.5925026723174867,1
rxn005682,14.0,2.8706395425670053,1.6568907504997696,5.873179624382097,3.0025400818150914,5.7619317675149375,4.105041017015168,1.0,6.656523384402831,3.785883841835826,5.820636166346738,4.163745415846968,1.0,6.741018095332464,3.870378552765459,5.96409288195094,4.30720213145117,1.0,6.455790698675322,3.585151156108317,5.92830075132543,4.271410000825661,1.0,6.999274653600885,4.12863511103388,5.94780368387039,4.29091293337062,1.0,6.999274653600885,4.12863511103388,5.94780368387039,4.29091293337062,1.0,5.766004622720821,2.895365080153816,5.421404503741876,3.764513753242106,1.0,4.1227892392840815,1.2521496967170762,3.2797427133481634,1.6228519628483937,1
rxn005710,10.0,3.419033861342541,2.3867550122613466,6.066706728289738,2.6476728669471967,4.602120088893102,2.2153650766317554,1.0,6.180230848069996,2.7611969867274553,4.658336357568125,2.271581345306778,1.0,6.205888205754128,2.786854344411587,4.664349813383538,2.2775948011221914,1.0,6.288662821097844,2.8696289597553033,4.751434042953825,2.3646790306924785,1.0,6.16021209241427,2.7411782310717285,4.663460400559195,2.2767053882978487,1.0,6.160212092414284,2.7411782310717427,4.663460400559195,2.2767053882978487,1.0,6.0792602488930925,2.6602263875505514,4.61564750739867,2.2288924951373232,1.0,5.794204412320724,2.375170550978183,4.364628971956591,1.9778739596952448,1
rxn005856,16.0,4.863495719612729,0.8197701567387412,10.004219772431775,5.140724052819046,3.872804017635339,3.0530338608965977,1.0,6.62905500913736,1.7655592895246315,3.910525434663036,3.090755277924295,1.0,6.943564596843117,2.0800688772303886,3.890640244886306,3.070870088147565,1.0,6.944131589820103,2.0806358702073737,3.9105863256934725,3.0908161689547313,1.0,6.04877812747079,1.185282407858061,4.061983436791195,3.2422132800524537,1.0,6.04877812747079,1.185282407858061,4.061983436791195,3.2422132800524537,1.0,7.352326942623343,2.4888312230106138,3.86504766648261,3.045277509743869,1.0,5.500757685132903,0.6372619655201746,3.8218049073635356,3.0020347506247944,1
rxn005911,11.0,4.622570492267187,2.9208264518983924,7.724136793524323,3.1015663012571366,5.499368897400075,2.5785424455016823,1.0,5.720794334446843,1.0982238421796566,6.154617652737642,3.2337912008392493,1.0,5.165987796998714,0.5434173047315269,6.125135882887307,3.204309430988914,1.0,4.274629324647968,-0.34794116761921856,6.304792487760579,3.383966035862187,1.0,4.680575654656117,0.05800516238893039,5.970748598426212,3.0499221465278197,1.0,4.680575654656117,0.05800516238893039,5.970748598426212,3.0499221465278197,1.0,5.682063636082447,1.05949314381526,6.366470788251306,3.4456443363529132,1.0,5.881072191799632,1.2585016995324452,7.7166858760927255,4.795859424194333,1
rxn005999,13.0,3.06251940000584,2.254865170136327,9.849836480051692,6.787317080045852,7.202421888765151,4.9475567186288245,1.0,4.382496552749174,1.3199771527433342,2.7130651215372623,0.4581999514009354,1.0,4.140162887242518,1.0776434872366778,2.507691372047063,0.2528262019107359,1.0,2.9914714053118914,-0.07104799469394862,4.447674252844088,2.192809082707761,1.0,2.121348127218411,-0.9411712727874288,0.6016930192737817,-1.6531721508625452,1.0,2.121348127218411,-0.9411712727874288,0.6016930192737817,-1.6531721508625452,1.0,6.701374720034792,3.638855320028952,4.65364496479107,2.398779794654743,1.0,4.413642150337793,1.3511227503319532,4.551734772850864,2.296869602714537,1
rxn006048,14.0,3.3540698304796024,-0.09947343470776104,15.877446100334879,12.523376269855277,1.5189156632963687,1.6183890980041298,1.0,10.30752837366255,6.953458543182947,1.4841638308218705,1.5836372655296316,1.0,9.750510592047235,6.396440761567632,1.4792759432248133,1.5787493779325743,1.0,8.82861018727489,5.474540356795288,1.5085666276077063,1.6080400623154674,1.0,7.721719437963628,4.367649607484026,1.519316829029485,1.618790263737246,1.0,7.721719437963628,4.367649607484026,1.519316829029485,1.618790263737246,1.0,9.37952487230531,6.025455041825708,1.513074561277989,1.61254799598575,1.0,6.575457898127695,3.2213880676480926,1.2757090186691045,1.3751824533768655,1
rxn006144,10.0,3.545775121434417,0.4810987755226961,1.967919980809178,-1.577855140625239,-2.7241572725958605,-3.2052560481185566,1.0,2.358505178205725,-1.1872699432286922,-2.8796645943782053,-3.3607633699009014,1.0,2.015200883295556,-1.5305742381388612,-3.3148551638345296,-3.7959539393572257,1.0,1.5552960658640416,-1.9904790555703755,-3.270475942537111,-3.751574718059807,1.0,2.0378903720775554,-1.5078847493568617,-3.4551609035828292,-3.9362596791055253,1.0,2.0378903720775554,-1.5078847493568617,-3.4551609035828292,-3.9362596791055253,1.0,2.4778299518333853,-1.0679451696010318,-2.266056171981525,-2.747154947504221,1.0,1.8979309522670675,-1.6478441691673495,-1.4986769778909164,-1.9797757534136124,1
rxn006264,14.0,2.4667905836940918,-0.10432074860182183,2.1966541587248045,-0.27013642496928725,0.3525389591971262,0.456859707798948,1.0,2.1966541587248045,-0.27013642496928725,-0.3438009445714272,-0.23948019596960535,1.0,2.1966541587248045,-0.27013642496928725,-0.24443785244395855,-0.14011710384213671,1.0,2.1966541587247974,-0.27013642496929435,-0.419459280216671,-0.31513853161484917,1.0,2.1966541587248045,-0.27013642496928725,-0.5652663478172784,-0.4609455992154565,1.0,2.1966541587248045,-0.27013642496928725,-0.5652663478172784,-0.4609455992154565,1.0,2.1966541587247974,-0.27013642496929435,-0.3297643758388702,-0.22544362723704836,1.0,1.8262156003690961,-0.6405749833249956,-1.5475028529520927,-1.4431821043502708,1
rxn006268,12.0,3.485052099404129,1.9456198255356867,6.816116511122722,3.331064411718593,3.3587945082533253,1.4131746827176386,1.0,6.722277366012726,3.237225266608597,1.7931841624570097,-0.15243566307867695,1.0,6.721856053874994,3.236803954470865,1.7326364166956836,-0.2129834088400031,1.0,6.928470002417008,3.443417903012879,1.9434593436992316,-0.0021604818364551193,1.0,6.708426606682536,3.2233745072784075,2.042966233210649,0.09734640767496217,1.0,6.708426606682536,3.2233745072784075,2.042966233210649,0.09734640767496217,1.0,6.830434052854891,3.3453819534507616,2.629156235927873,0.6835364103921862,1.0,3.8681052805996856,0.38305318119555665,2.088558956969692,0.14293913143400516,1
rxn006292,14.0,3.9450358705125836,3.685770223260988,5.3247639967202645,1.3797281262076808,5.359414445258793,1.6736442219978045,1.0,7.069265732256731,3.1242298617441477,6.524879620418496,2.8391093971575074,1.0,7.414182007654944,3.46914613714236,6.662417265579364,2.976647042318376,1.0,7.414067720696714,3.4690318501841304,6.668471618428619,2.9827013951676307,1.0,7.504835594783422,3.559799724270839,6.904965218673269,3.2191949954122805,1.0,7.504835594783422,3.559799724270839,6.904965218673269,3.2191949954122805,1.0,6.764009311611815,2.8189734410992315,6.350324135185161,2.6645539119241732,1.0,6.798972810876435,2.8539369403638517,6.293124708137057,2.607354484876069,1
rxn006364,19.0,4.572313121772822,0.03165086949047691,3.712645438025845,-0.8596676837469772,-0.4515328586894327,-0.4831837281799096,1.0,3.553358896587227,-1.0189542251855954,-0.4184168539288464,-0.45006772341932333,1.0,3.554942960232239,-1.0173701615405832,-0.38504352326879143,-0.41669439275926834,1.0,3.704457657236233,-0.8678554645365892,-0.38485573620724267,-0.4165066056977196,1.0,3.7041861144201675,-0.8681270073526548,-0.4566034586784582,-0.4882543281689351,1.0,3.7041861144201675,-0.8681270073526548,-0.4566034586784582,-0.4882543281689351,1.0,3.728743920273047,-0.8435692014997755,-0.4509759698782716,-0.4826268393687485,1.0,3.607319719911956,-0.9649934018608661,-0.42279494299934584,-0.45444581248982274,1
rxn006559,14.0,2.283749060701666,-1.743471174617298,-33.21838541121478,-35.50213447191645,-51.11807030105638,-49.37459912643908,0.0,2.3033131377562484,0.019564077054582185,5.771106892579709,7.514578067197007,1.0,2.5958250526463402,0.31207599194467406,6.046045228744781,7.789516403362079,1.0,-0.17787438309406411,-2.4616234437957303,2.1029237711008193,3.8463949457181172,0.0,1.0988276421064995,-1.1849214185951666,4.439786930125905,6.183258104743203,1.0,1.0988276421064995,-1.1849214185951666,4.439786930125905,6.183258104743203,1.0,4.839555570633209,2.555806509931543,4.75770716728772,6.5011783419050175,1.0,4.863135175547939,2.5793861148462724,4.7895152008482995,6.5329863754655975,1
rxn006753,12.0,4.150777556409594,1.9866180157296185,2.7416680216431786,-1.409109534766415,5.890318116518095,3.903700100788477,1.0,-1.5936888777386855,-5.744466434148279,-2.3585467926873562,-4.345164808416975,0.0,-1.7359537993383611,-5.886731355747955,-2.5060777871049424,-4.492695802834561,0.0,-2.0636206404827675,-6.214398196892361,-2.4757373249299093,-4.462355340659528,0.0,-2.1364687732593737,-6.287246329668967,-3.0778589892483197,-5.064477004977938,0.0,-2.136468773259381,-6.2872463296689745,-3.0778589892483197,-5.064477004977938,0.0,-1.3381554224086614,-5.488932978818255,-2.3704658004385024,-4.357083816168121,0.0,1.3986718462888064,-2.7521057101207873,0.704664038456194,-1.2819539772734245,1
rxn006766,16.0,4.370859819733596,1.2455196420014545,6.492917793253589,2.1220579735199934,2.5664057733015184,1.320886131300064,1.0,6.537148386914723,2.1662885671811267,2.6047472835715837,1.3592276415701292,1.0,6.5488792699622635,2.1780194502286676,2.6214825785486084,1.375962936547154,1.0,6.52809528868152,2.157235468947924,2.6010793060857083,1.3555596640842538,1.0,6.537486641817836,2.1666268220842397,2.591270581429562,1.3457509394281075,1.0,6.537486641817836,2.1666268220842397,2.591270581429562,1.3457509394281075,1.0,6.474208900142926,2.1033490804093304,2.5458021615032322,1.3002825195017778,1.0,6.109162535669483,1.7383027159358875,2.3586030622764653,1.1130834202750108,1
rxn006920,14.0,3.0375683547699737,0.09173848660066142,2.7108570122054942,-0.3267113425644794,-0.8827691061790048,-0.9745075927796663,1.0,2.832698022464257,-0.20487033230571683,-1.285891234347531,-1.3776297209481925,1.0,2.831876756589395,-0.2056915981805787,-1.5975311907196215,-1.6892696773202829,1.0,2.836994708724191,-0.20057364604578254,-1.620477136716417,-1.7122156233170784,1.0,2.135775401176126,-0.9017929535938478,-2.1490097084433657,-2.240748195044027,1.0,2.135775401176133,-0.9017929535938407,-2.1490097084433586,-2.24074819504402,1.0,3.2518902809694055,0.2143219261994318,-0.4802740156616849,-0.5720125022623463,1.0,3.129644366379196,0.09207601160922252,-0.6517362254021961,-0.7434747120028575,1
rxn007038,17.0,5.71662409433884,3.138259983374155,12.041323313622655,6.324699219283815,9.778561627408095,6.64030164403394,1.0,8.801342420599624,3.0847183262607842,8.974914960437253,5.836654977063098,1.0,8.966576226751073,3.2499521324122327,9.39625144938941,6.257991466015255,1.0,7.9861949770021425,2.2695708826633023,6.380202117807485,3.24194213443333,1.0,7.57431039468517,1.8576863003463302,7.942805525528584,4.804545542154429,1.0,7.57431039468517,1.8576863003463302,7.942805525528584,4.804545542154429,1.0,9.601447988820581,3.884823894481741,7.27348827670086,4.135228293326705,1.0,9.489864471141395,3.773240376802555,7.259757376580325,4.12149739320617,1
rxn007050,17.0,3.73251813038587,2.6099256454726856,6.28155826349451,2.5490401331086403,3.521639084834433,0.9117134393617476,1.0,4.937309157067119,1.2047910266812494,3.9308567410603814,1.3209310955876958,1.0,4.967687983569391,1.2351698531835211,3.9525703066209985,1.342644661148313,1.0,4.588811316477631,0.8562931860917615,3.952570306621027,1.3426446611483414,1.0,4.597281466737243,0.8647633363513734,3.9340237707491923,1.3240981252765067,1.0,4.597281466737243,0.8647633363513734,3.9340237707491923,1.3240981252765067,1.0,5.595139667713823,1.8626215373279535,3.9531388379827774,1.3432131925100919,1.0,4.24540896530047,0.5128908349146002,3.950118390554721,1.3401927450820352,1
rxn007125,14.0,2.937052084502284,2.631108716450399,9.710430364249284,6.773378279747,1.6701793281047586,-0.9609293883456402,1.0,3.321435626852441,0.38438354235015737,0.5396108279887812,-2.0914978884616175,1.0,3.3217708252327185,0.38471874073043466,0.48162274698613317,-2.1494859694642656,1.0,2.19686921634343,-0.740182868158854,0.3972409817434226,-2.233867734706976,1.0,1.4328516784992331,-1.5042004060030507,0.3879996820451197,-2.243109034405279,1.0,1.432851680470442,-1.5042004040318417,0.3879996820451197,-2.243109034405279,1.0,4.953099305187095,2.0160472206848112,0.9328095169869215,-1.6982991994634773,1.0,3.9738016140712062,1.0367495295689224,0.3613076491949698,-2.269801067255429,1
rxn007149,15.0,3.4078333581601328,2.4717113139067806,8.153718916903571,4.7458855587434385,8.313802169237768,5.842090855330987,1.0,8.153718916903571,4.7458855587434385,8.313802169237768,5.842090855330987,1.0,8.153718916903571,4.7458855587434385,8.313802169237768,5.842090855330987,1.0,8.153718916903607,4.745885558743474,8.313802169237775,5.842090855330994,1.0,8.153718916903564,4.745885558743431,8.313802169237754,5.842090855330973,1.0,8.153718916903564,4.745885558743431,8.313802169237754,5.842090855330973,1.0,8.153718916903571,4.7458855587434385,8.313802169237768,5.842090855330987,1.0,5.309620383426264,1.901787025266131,8.313802169237242,5.842090855330461,1
rxn007206,10.0,6.577949363107109,5.365855249177912,4.067440453841186,-2.5105089092659227,1.1488426758859163,-4.217012573291996,1.0,3.378055588426129,-3.19989377468098,1.040299975387839,-4.325555273790073,1.0,3.2924837005495107,-3.2854656625575984,1.0275659266806088,-4.338289322497303,1.0,3.181890309026471,-3.396059054080638,1.074219709244474,-4.291635539933438,1.0,2.9733249733440843,-3.604624389763025,0.7254496342233949,-4.640405614954517,1.0,2.9733249733440843,-3.604624389763025,0.7254496342233949,-4.640405614954517,1.0,3.3524261297230353,-3.2255232333840738,1.2558733591309164,-4.1099818900469955,1.0,5.410044234675816,-1.1679051284312933,4.73929439383334,-0.6265608553445716,1
rxn007261,16.0,3.700353640539106,2.715593896480641,1.881843742065115,-1.818509898473991,-0.15496358310242897,-2.87055747958307,1.0,1.8715676562261194,-1.8287859843129866,0.5053701227198673,-2.2102237737607737,1.0,2.4435246913905786,-1.2568289491485274,0.5119401123117768,-2.203653784168864,1.0,3.120799483778441,-0.5795541567606648,1.0664867390184014,-1.6491071574622396,1.0,2.6180315179267453,-1.0823221226123607,0.7202173232729479,-1.9953765732076931,1.0,2.6180315179267524,-1.0823221226123536,0.7202173232729479,-1.9953765732076931,1.0,2.9111877826043724,-0.7891658579347336,1.6996769395312157,-1.0159169569494253,1.0,3.7515739394991954,0.051220298960089394,2.965611051202842,0.250017154722201,1
rxn007313,12.0,4.87414825894848,1.061327803912718,-3.9201801797015037,-8.794328438649984,-11.495249429799728,-12.556577233712446,0.0,-0.8546934456539006,-5.728841704602381,-8.429762695752125,-9.491090499664843,0.0,-1.7244650510845716,-6.598613310033052,-9.299534301182796,-10.360862105095514,0.0,-1.2857686734992484,-6.159916932447729,-8.860837923597472,-9.92216572751019,0.0,-1.4560034525315402,-6.3301517114800205,-9.031072702629757,-10.092400506542475,0.0,-1.4560034525315402,-6.3301517114800205,-9.031072702629757,-10.092400506542475,0.0,2.351644269218596,-2.522503989729884,-5.223424980879614,-6.284752784792332,1.0,2.448784118338267,-2.4253641406102133,-4.152001934901371,-5.213329738814089,1
rxn007361,15.0,3.525592104277166,3.159955052911755,4.512082342814878,0.9864902385377121,3.257239005922429,0.09728395301067394,1.0,5.680679340723955,2.1550872364467892,6.198113134838302,3.0381580819265466,1.0,5.760142738234343,2.234550633957177,6.576847038199205,3.4168919852874495,1.0,3.9051720540530965,0.37957994977593046,5.977157014109295,2.81720196119754,1.0,4.291765165800186,0.7661730615230198,4.469070753967934,1.3091157010561787,1.0,4.291765165800186,0.7661730615230198,4.469070753967934,1.3091157010561787,1.0,6.489507235183694,2.9639151309065284,6.303483458401381,3.1435284054896258,1.0,6.622941919487786,3.0973498152106202,6.4693676395057125,3.3094125865939574,1
rxn007409,17.0,4.406685394793385,3.1598881890913617,6.802470077732153,2.3957846829387677,4.727088798096489,1.567200609005127,1.0,5.902579488968399,1.4958940941750143,5.348602362540234,2.188714173448872,1.0,5.933221350178442,1.5265359553850573,5.5127868769582165,2.3528986878668547,1.0,5.3113478016301485,0.9046624068367635,5.507221022570718,2.3473328334793564,1.0,5.5105998393723326,1.1039144445789475,5.594001236538745,2.434113047447383,1.0,5.5105998393723326,1.1039144445789475,5.594001236538745,2.434113047447383,1.0,6.502909584100294,2.096224189306909,4.807433184481482,1.6475449953901204,1.0,5.2591202301859425,0.8524348353925575,5.172853243615592,2.01296505452423,1
rxn007485,13.0,4.0423691677879106,3.460153019754216,7.1718628921282175,3.129493724340307,8.93853052325764,5.478377503503424,1.0,6.59344119027336,2.5510720224854495,7.586122830159212,4.125969810404996,1.0,6.6171856953342925,2.574816527546382,7.527621113243541,4.067468093489325,1.0,5.60467508005447,1.5623059122665595,6.3962607736969375,2.9361077539427214,1.0,4.635845585207669,0.5934764174197582,4.738022214093029,1.2778691943388125,1.0,4.635845585207669,0.5934764174197582,4.7380222140930215,1.2778691943388054,1.0,6.942609974007269,2.900240806219358,8.04068868871498,4.5805356689607635,1.0,7.28363176587294,3.2412625980850294,8.548289437253487,5.088136417499271,1
rxn007508,15.0,3.4332297449436737,0.8400162662164803,5.839635074829097,2.4064053298854233,3.099993849409664,2.2599775831931836,1.0,5.839635074829097,2.4064053298854233,3.0617307547840085,2.221714488567528,1.0,5.839635074829097,2.4064053298854233,3.074362674042,2.2343464078255195,1.0,5.839635074829097,2.4064053298854233,3.093856993818541,2.2538407276020607,1.0,5.839635074829083,2.406405329885409,3.139575542591814,2.2995592763753336,1.0,5.839635074829083,2.406405329885409,3.139575542591814,2.2995592763753336,1.0,5.83963507482909,2.4064053298854162,3.0991097482864802,2.25909348207,1.0,5.641975165597209,2.2087454206535355,2.9747033016145394,2.134687035398059,1
rxn007558,16.0,2.4152770294858783,1.212278762232927,3.1149856916150114,0.6997086621291331,1.3017991696530657,0.08952040742013878,1.0,3.1149856916150114,0.6997086621291331,1.3017991696530657,0.08952040742013878,1.0,3.1149856916150114,0.6997086621291331,1.3017991696530657,0.08952040742013878,1.0,3.1149856916150256,0.6997086621291473,1.3017991696530657,0.08952040742013878,1.0,3.1149856916150114,0.6997086621291331,1.3017991696530657,0.08952040742013878,1.0,3.1149856916150114,0.6997086621291331,1.3017991696530657,0.08952040742013878,1.0,3.1149856916150114,0.6997086621291331,1.3017991696530515,0.08952040742012457,1.0,3.0999220349337477,0.6846450054478694,1.2882811270488759,0.07600236481594891,1
rxn007636,16.0,2.6303358423310783,2.264527266712321,16.76749533549802,14.13715949316694,6.3250963663718025,4.060569099659482,1.0,3.539859508311693,0.9095236659806147,0.6941809315808101,-1.5703463351315108,1.0,3.5585507057561756,0.9282148634250973,0.6811623761312404,-1.5833648905810804,1.0,2.330408887822969,-0.29992695450810913,0.5330439584461715,-1.7314833082661494,1.0,2.9260622696933325,0.2957264273622542,1.0950238015124398,-1.169503465199881,1.0,2.9260622696933325,0.2957264273622542,1.0950238015124398,-1.169503465199881,1.0,5.476647604167162,2.846311761836084,1.5064354328341523,-0.7580918338781686,1.0,3.181878136740025,0.5515422944089465,1.7565507515309946,-0.5079765151813262,1
rxn007684,15.0,5.11758660475607,3.219689047173233,1.5128969068241744,-3.604689697931896,0.2546180787367973,-2.965070968436436,1.0,5.9313383190474696,0.8137517142913993,7.139146872382646,3.919457825209413,1.0,6.042423958257807,0.9248373535017365,7.330571897162656,4.110882849989423,1.0,5.195379194651515,0.07779258989544502,7.325716819004796,4.106027771831563,1.0,5.981818544533326,0.8642319397772553,8.29536808038636,5.075679033213127,1.0,5.981818544533326,0.8642319397772553,8.29536808038636,5.075679033213127,1.0,7.075023619162245,1.9574370144061746,7.09619851039831,3.8765094632250765,1.0,6.8483970867302375,1.7308104819741672,7.448132736823567,4.228443689650334,1
rxn007783,21.0,5.792338816007032,-0.07903389853254339,7.311804755975658,1.519465939968626,-0.016218625873406722,0.06281527265913667,1.0,1.2699019020105737,-4.522436913996458,-0.016218625873406722,0.06281527265913667,1.0,1.4890196028725597,-4.303319213134472,-0.016218625873406722,0.06281527265913667,1.0,2.797187569176259,-2.9951512468307726,-0.016218625873463566,0.06281527265907982,1.0,0.7451200231876669,-5.047218792819365,-0.01621862587339251,0.06281527265915088,1.0,0.7451200231876669,-5.047218792819365,-0.01621862587339251,0.06281527265915088,1.0,2.541137716022206,-3.2512010999848258,-0.01621862587339251,0.06281527265915088,1.0,2.5840468482801384,-3.2082919677268933,-0.016218625922363117,0.06281527261018027,1
rxn007795,14.0,3.9096224853674357,0.1948353214720555,0.5548694549746713,-3.3547530303927644,-1.4878751249708415,-1.682710446442897,1.0,0.6316500134803107,-3.277972471887125,-1.4945446414735883,-1.6893799629456439,1.0,0.6867476674836581,-3.2228748178837776,-1.4922629728390433,-1.6870982943110988,1.0,0.6453835143987305,-3.264238970968705,-1.540043388527387,-1.7348787099994425,1.0,0.6459344086002332,-3.2636880767672025,-1.5086862022428207,-1.7035215237148762,1.0,0.6459344086002332,-3.2636880767672025,-1.5086862022428207,-1.7035215237148762,1.0,0.8034050340656336,-3.106217451301802,-1.2213196235545638,-1.4161549450266193,1.0,2.065978453319353,-1.8436440320480827,0.4850616613575198,0.2902263398854643,1
rxn007809,15.0,3.7404219931722764,0.9765562458123895,7.948056114028056,4.207634120855779,-12.808969350421087,-13.785525596233477,1.0,3.153483217820046,-0.5869387753522304,-7.907076155841175,-8.883632401653564,1.0,4.368443118256451,0.6280211250841745,-7.700867128430701,-8.67742337424309,1.0,7.1089443348488786,3.368522341676602,-4.720905108529777,-5.697461354342167,1.0,4.4065789276519425,0.6661569344796661,-6.1997576917159165,-7.176313937528306,1.0,4.406578927651928,0.6661569344796519,-6.199757691715931,-7.17631393752832,1.0,3.373471866079754,-0.3669501270925224,-4.915255181256811,-5.8918114270692,1.0,1.3163225871932767,-2.4240994059789998,-4.423198261943185,-5.399754507755574,1
rxn008083,19.0,3.11783048003781,0.7265204885243293,4.214285536263972,1.0964550562261621,3.3690585445889667,2.6425380560646374,1.0,4.416473389554028,1.298642909516218,3.3690585445889667,2.6425380560646374,1.0,4.651797325076018,1.5339668450382078,3.3690585445889667,2.6425380560646374,1.0,4.835934047167896,1.7181035671300862,3.369058544588924,2.642538056064595,1.0,4.467307981671809,1.3494775016339986,3.3690585445889525,2.642538056064623,1.0,4.467307981671809,1.3494775016339986,3.3690585445889525,2.642538056064623,1.0,4.214554713918503,1.0967242338806926,3.3690585445889667,2.6425380560646374,1.0,4.188119006071119,1.070288526033309,3.3690585445889667,2.6425380560646374,1
rxn008098,18.0,4.9757428157718095,2.4958947477061884,3.119822046799001,-1.8559207689728083,3.1007045575431675,0.6048098098369792,1.0,3.11950785032235,-1.8562349654494597,3.100390361066516,0.6044956133603279,1.0,3.107449454659502,-1.8682933611123076,3.0883319654036683,0.5924372176974799,1.0,3.2214186355203793,-1.7543241802514302,3.2023011462645314,0.7064063985583431,1.0,3.0884133693759424,-1.8873294463958672,3.069295880120123,0.5734011324139345,1.0,3.0884133693759424,-1.8873294463958672,3.069295880120123,0.5734011324139345,1.0,3.1203388525859594,-1.85540396318585,3.10122136333014,0.6053266156239516,1.0,3.2340859078211395,-1.74165690795067,3.2777562165208707,0.7818614688146823,1
rxn008120,18.0,3.3786634813714045,0.8066952081007912,4.727627711136407,1.3489642297650022,1.9262138434516203,1.119518635350829,1.0,5.741482091700462,2.3628186103290574,1.9364471709419746,1.1297519628411834,1.0,5.432966636465892,2.0543031550944875,1.9395192102264787,1.1328240021256875,1.0,5.702095735084342,2.3234322537129373,2.015123668366016,1.2084284602652247,1.0,6.136346834906888,2.7576833535354837,1.9588135625791239,1.1521183544783327,1.0,6.136346834906888,2.7576833535354837,1.9588135625791239,1.1521183544783327,1.0,4.727538929965164,1.348875448593759,1.9258800511815508,1.1191848430807596,1.0,3.2955637364491963,-0.08309974492220817,1.9251443560167871,1.118449147915996,1
rxn008195,12.0,4.083330040286455,3.97522163542817,14.77006462512383,10.686734584837374,13.987773834900885,10.012552199472715,1.0,14.781525324643873,10.698195284357418,14.036823893878847,10.061602258450677,1.0,14.796617601224611,10.713287560938156,14.05139152331465,10.07616988788648,1.0,14.805780508543357,10.722450468256902,14.060554430633431,10.085332795205261,1.0,14.126324741636637,10.042994701350182,13.829059569311717,9.853837933883547,1.0,14.126324741636637,10.042994701350182,13.822227236273946,9.847005600845776,1.0,14.597519028068838,10.514188987782383,13.96743782448032,9.99221618905215,1.0,11.740342485458406,7.657012445171951,10.7159198714874,6.740698236059231,1
rxn008209,15.0,4.360911203584692,3.8438036523439223,-0.2526893802607262,-4.613600583845418,-1.3476029090230384,-5.191406561366961,0.0,3.3249181182039536,-1.0359930853807384,2.0903907990679613,-1.753412853275961,1.0,3.6308200515080102,-0.7300911520766817,2.5484435042404456,-1.2953601481034767,1.0,1.7020883890256258,-2.658822814559066,0.8500076986268184,-2.993795953717104,1.0,1.7855600042330906,-2.5753511993516014,1.115188684473381,-2.7286149678705414,1.0,1.7855600042330906,-2.5753511993516014,1.115188684473381,-2.7286149678705414,1.0,4.893998007179306,0.5330868035946139,2.7656531878491535,-1.0781504644947688,1.0,4.8697084723587665,0.5087972687740745,2.6626894430839556,-1.1811142092599667,1
rxn008312,13.0,3.187755402401308,1.2203650936935446,1.3410474752496242,-1.8467079271516837,3.841396174860975,2.6210310811674304,1.0,0.2774717789733927,-2.9102836234279152,-1.8173088821162935,-3.037673975809838,1.0,-0.4368179291695995,-3.6245733315709074,-2.578670875925546,-3.7990359696190907,0.0,-0.06317004151669892,-3.250925443918007,-2.3810055585052368,-3.6013706521987814,0.0,-0.9080660276852086,-4.095821430086517,-3.070971699313688,-4.291336793007233,0.0,-0.9080660276852157,-4.095821430086524,-3.070971699313702,-4.291336793007247,0.0,1.732151392364301,-1.455604010037007,-1.0055578976159012,-2.225922991309446,1.0,1.5161809517330411,-1.6715744506682668,1.0595217753300261,-0.1608433183635185,1
rxn008341,13.0,2.532474195173563,0.4472195193538937,13.934167209830704,11.401693014657141,8.459245745764377,8.012026226410484,1.0,7.923918288405204,5.391444093231641,8.49818223649359,8.050962717139697,1.0,7.791521213360554,5.25904701818699,8.529093912653131,8.081874393299238,1.0,6.4157604712515734,3.8832862760780102,8.569409058416056,8.122189539062163,1.0,5.945674249346261,3.413200054172698,8.429022390108805,7.981802870754912,1.0,5.945674249346261,3.413200054172698,8.429022390108805,7.981802870754912,1.0,7.501191370879283,4.96871717570572,8.418712271374218,7.971492752020325,1.0,7.374785309109683,4.84231111393612,6.506305523444681,6.059086004090787,1
rxn008398,19.0,3.1616258020931127,1.660454418952213,-1.0814828332180042,-4.243108635311117,-5.3764161240140425,-7.0368705429662555,0.0,3.5343766807543773,0.37275087866126455,2.4823764310294365,0.8219220120772235,1.0,3.869196272054893,0.7075704699617802,2.685284033618302,1.0248296146660891,1.0,3.3494286864765286,0.18780288438341586,2.577317883498864,0.9168634645466511,1.0,3.307588428794034,0.1459626267009213,3.059889557647722,1.3994351386955088,1.0,3.307588428794034,0.1459626267009213,3.0598895576476934,1.3994351386954804,1.0,4.4600040780985495,1.2983782760054368,2.4762953061174215,0.8158408871652085,1.0,2.777237671368866,-0.38438813072424693,2.8267078971051234,1.1662534781529104,1
rxn008404,19.0,4.023372439178274,0.020816217951505678,-0.3184924938161231,-4.3418649329943975,-4.6656476395230015,-4.686463857474507,0.0,4.902705977835922,0.8793335386576473,3.194621567272918,3.1738053493214125,1.0,4.926156663135288,0.9027842239570134,3.3955919031201347,3.374775685168629,1.0,5.175656662027592,1.1522842228493175,3.3944761853635725,3.373659967412067,1.0,4.816624772503772,0.7932523333254977,3.8624177719505326,3.841601553999027,1.0,4.816624772503772,0.7932523333254977,3.8624177719505326,3.841601553999027,1.0,5.280352956556101,1.2569805173778263,3.180720517171821,3.1599042992203152,1.0,3.9454494118034376,-0.0779230273748368,3.4512930127676213,3.4304767948161157,1
rxn008438,15.0,4.050504643009845,2.6884923734833137,1.4441817568653903,-2.6063228861444543,-1.33179625219843,-4.020288625681744,1.0,3.9834416211330606,-0.06706302187678403,3.6688594763016837,0.98036710281837,1.0,4.092093438446689,0.04158879543684435,3.703775419850423,1.0152830463671094,1.0,4.044353193357168,-0.006151449652676888,3.587190002356465,0.8986976288731512,1.0,4.127056764484955,0.07655212147511037,4.013315539515567,1.3248231660322531,1.0,4.127056764484934,0.07655212147508905,4.013315539515553,1.324823166032239,1.0,4.1416038796955235,0.09109923668567887,4.1143433188606835,1.4258509453773698,1.0,3.822248210740362,-0.22825643226948245,3.8588517160302587,1.170359342546945,1
rxn008452,15.0,5.783114754720373,1.58069340768634,15.45536422704648,9.672249472326108,5.753989750918237,4.173296343231897,1.0,5.756013654359478,-0.027101100360894748,9.311976822238272,7.731283414551932,1.0,7.445482219043043,1.6623674643226707,9.447065947594602,7.866372539908262,1.0,6.675168747444566,0.8920539927241933,4.841865500684577,3.261172092998237,1.0,5.8343842112440285,0.051269456523655776,6.56335399448669,4.98266058680035,1.0,5.834384211244014,0.051269456523641566,6.5633539944866754,4.9826605868003355,1.0,6.428339910383542,0.6452251556631694,9.035068731288533,7.454375323602193,1.0,5.697394566960021,-0.08572018776035151,8.919698418486782,7.339005010800442,1
rxn008525,13.0,3.1539967579810764,-0.16929602865275228,11.633528449770864,8.479531691789788,1.5767929796666778,1.74608900831943,1.0,3.172350021920174,0.01835326393909753,1.700746244809828,1.8700422734625803,1.0,3.1380876660564923,-0.015909091924584118,1.6967195570863964,1.8660155857391487,1.0,2.492112786998895,-0.6618839709821813,1.6970750819269966,1.866371110579749,1.0,2.5513160482229225,-0.6026807097581539,2.0798417829038627,2.249137811556615,1.0,2.5513160482229296,-0.6026807097581468,2.0798417829038627,2.249137811556615,1.0,4.3390849519173,1.1850881939362239,1.330853629711548,1.5001496583643004,1.0,4.230518410383908,1.0765216524028318,-0.6300117442239213,-0.46071571557116897,1
rxn008538,13.0,5.337553611530893,3.2410413131074165,7.264859234856402,1.927305623325509,5.106300113415642,1.8652588003082258,1.0,6.5424847381409705,1.2049311266100773,6.157765731532791,2.9167244184253747,1.0,6.512215243801364,1.174661632270471,6.129354427883371,2.888313114775954,1.0,6.111939079063205,0.7743854675323121,5.686327758737818,2.4452864456304013,1.0,6.48011972241774,1.1425661108868468,6.081343846809091,2.8403025337016743,1.0,6.48011972241774,1.1425661108868468,6.081343846809091,2.8403025337016743,1.0,6.313649284854307,0.9760956733234138,5.487034753584439,2.2459934404770223,1.0,6.332855478537937,0.9953018670070435,5.39949332959695,2.1584520164895338,1
rxn008551,13.0,4.040214621927589,3.4764440930193814,11.464441014706871,7.424226392779282,10.629651750554778,7.153207657535397,1.0,9.408801963527509,5.36858734159992,6.445495843240593,2.9690517502212117,1.0,13.750691912628078,9.710477290700489,6.449705531830695,2.9732614388113134,1.0,16.659727723896605,12.619513101969016,9.63628065821797,6.159836565198589,1.0,10.41730732257723,6.377092700649641,9.410027460482453,5.933583367463072,1.0,10.41730732257723,6.377092700649641,9.410027460482453,5.933583367463072,1.0,6.122928942668899,2.08271432074131,5.1826375854536195,1.7061934924342381,1.0,6.684709694753124,2.644495072825535,7.541189474822019,4.064745381802638,1
rxn008554,13.0,4.919922191646037,2.4046856967197527,6.037617492094391,1.1176953004483536,2.8947280503799746,0.49004235366022186,1.0,3.62143479226183,-1.2984873993842072,2.9020060756728014,0.4973203789530487,1.0,3.51493619317273,-1.4049859984733075,2.948037315044921,0.5433516183251683,1.0,3.3351985630648358,-1.5847236285812016,2.9172101195817035,0.5125244228619508,1.0,2.5686523473930407,-2.3512698442529967,2.7922285191591314,0.38754282243937865,1.0,2.5686523473930407,-2.3512698442529967,2.7922285191591385,0.38754282243938576,1.0,4.65580859112152,-0.26411360052451727,2.8565120999907734,0.45182640327102064,1.0,4.127495486682683,-0.7924267049633542,2.544904292639984,0.14021859592023134,1
rxn008577,16.0,2.678169173558672,2.1950602058577715,5.298947573084575,2.6207783995259035,0.40965464190716716,-1.7854055639506043,1.0,2.4315281069931913,-0.24664106656548057,-1.0009660917736767,-3.196026297631448,1.0,2.148496421723351,-0.5296727518353208,-1.377406445318087,-3.5724666511758585,1.0,1.8180719322514491,-0.8600972413072228,-1.506268825982886,-3.7013290318406575,1.0,1.0655353996480912,-1.6126337739105807,-1.9409197239658482,-4.13597992982362,1.0,1.0655353996480912,-1.6126337739105807,-1.9409197239658482,-4.13597992982362,1.0,3.5586943359771723,0.8805251624185004,0.36809711981204885,-1.8269630860457227,1.0,2.979241033313393,0.30107185975472106,1.1696490125148387,-1.0254111933429328,1
rxn008582,16.0,2.0938666931651824,0.5970454174666884,5.077743063778449,2.9838763706132667,0.002953115588141486,-0.5940923018785469,1.0,2.399089396652485,0.30522270348730274,-0.1397910373257929,-0.7368364547924813,1.0,2.20338379666822,0.10951710350303756,-0.122895859375582,-0.7199412768422704,1.0,1.9665351691156658,-0.12733152404951653,-0.2166178276351971,-0.8136632451018855,1.0,0.9859809659862719,-1.1078857271789104,-0.7239139359884987,-1.3209593534551871,1.0,0.9859809659862719,-1.1078857271789104,-0.7239139359884987,-1.3209593534551871,1.0,3.818453000707052,1.7245863075418697,0.21178959857000734,-0.38525581889668103,1.0,2.789491826107067,0.6956251329418848,-0.8272951519701337,-1.424340569436822,1
rxn008626,16.0,3.944706882131868,0.44292066183516,10.096644634549818,6.15193775241795,0.35086865144873514,-0.09205201038642485,1.0,6.7578421904116155,2.8131353082797474,0.341443735577343,-0.10147692625781701,1.0,6.817041122140822,2.8723342400089535,0.32459151361557304,-0.11832914821958695,1.0,10.672544949299322,6.727838067167454,0.08592117672928623,-0.35699948510587376,1.0,8.670497902754242,4.725791020622374,0.1876704949807504,-0.2552501668544096,1.0,8.670497902754242,4.725791020622374,0.1876704949807504,-0.2552501668544096,1.0,4.093469771128639,0.14876288899677093,0.2682253852340324,-0.1746952766011276,1.0,3.085320993073182,-0.8593858890586858,-0.0007603452281585987,-0.4436810070633186,1
rxn008659,21.0,3.8967720116179407,3.8853436511708423,5.539272927703976,1.6425009160860355,5.614967283813996,1.729623632643154,1.0,5.516338445576608,1.619566433958667,5.592032801686628,1.7066891505157855,1.0,5.510006145495694,1.6132341338777536,5.585700501605714,1.700356850434872,1.0,5.50797881995517,1.6112068083372293,5.583673176065162,1.6983295248943193,1.0,5.590958512678597,1.6941865010606563,5.666652868788603,1.7813092176177605,1.0,5.590958512678597,1.6941865010606563,5.666652868788603,1.7813092176177605,1.0,5.533791329954809,1.6370193183368684,5.609485686064787,1.7241420348939442,1.0,5.48627391757779,1.5895019059598496,5.570208517865055,1.6848648666942125,1
rxn008800,15.0,3.053095498296898,0.642414349498722,3.798321007596421,0.745225509299523,0.6725990691099071,0.030184719611185074,1.0,3.893904484751893,0.840808986454995,0.6725990691099071,0.030184719611185074,1.0,3.9145281856497363,0.8614326873528384,0.6725990691099071,0.030184719611185074,1.0,3.9219845477324213,0.8688890494355235,0.6725990691099284,0.03018471961120639,1.0,3.953189912915903,0.9000944146190051,0.6725990691099142,0.03018471961119218,1.0,3.953189912915903,0.9000944146190051,0.6725990691099071,0.030184719611185074,1.0,3.798321007596442,0.7452255092995443,0.6725990691099071,0.030184719611185074,1.0,3.5490701884066453,0.4959746901097475,1.365053490429709,0.7226391409309869,1
rxn008955,13.0,3.2914187021433463,2.992090239771642,9.773739191400566,6.482320489257219,6.557493565881394,3.5654033261097524,1.0,4.009960222287312,0.7185415201439653,0.9092624403092131,-2.0828277994624287,1.0,3.6665721141598837,0.3751534120165374,0.7070811131398855,-2.2850091266317563,1.0,2.1735164735197827,-1.1179022286235636,0.9645964948658801,-2.0274937449057617,1.0,3.1197471577878915,-0.17167154435545484,1.56721382623725,-1.4248764135343919,1.0,3.1197471577878915,-0.17167154435545484,1.56721382623725,-1.4248764135343919,1.0,5.308490859965218,2.0170721578218718,2.131972605149798,-0.8601176346218438,1.0,4.283044823060429,0.9916261209170827,2.847631867578812,-0.14445837219282964,1
rxn009023,15.0,3.6959991602234368,1.2508191655979317,18.389156066591735,14.693156906368298,-15.8616370764057,-17.11245624200363,1.0,1.6220674725572053,-2.0739316876662315,0.24259960857924767,-1.008219557018684,1.0,1.8570544780726763,-1.8389446821507605,0.06700407786259888,-1.1838150877353328,1.0,3.530769187701452,-0.1652299725219848,-1.6798661272902393,-2.930685292888171,1.0,1.4499539794693703,-2.2460451807540665,0.11213598396307844,-1.1386831816348533,1.0,1.4499539794693632,-2.2460451807540736,0.11213598396307844,-1.1386831816348533,1.0,1.5072469490496516,-2.188752211173785,1.2877720535689505,0.03695288797101881,1.0,1.5009209257613634,-2.1950782344620734,1.3067955687982433,0.05597640320031161,1
rxn009056,15.0,2.0813007362266944,0.7320170960283576,3.6208654771873086,1.5395647409606141,4.801676475542095,4.0696593795137375,1.0,3.6208654771873086,1.5395647409606141,4.801676475542095,4.0696593795137375,1.0,3.6208654771873228,1.5395647409606283,4.801676475542109,4.069659379513752,1.0,3.6208654771872872,1.5395647409605928,4.801676475542067,4.069659379513709,1.0,3.6208654771873228,1.5395647409606283,4.801676475542109,4.069659379513752,1.0,3.6208654771873228,1.5395647409606283,4.801676475542109,4.069659379513752,1.0,3.6208654771873228,1.5395647409606283,4.801676475542109,4.069659379513752,1.0,3.5840431905759544,1.50274245434926,4.801676475541456,4.069659379513098,1
rxn009060,13.0,4.1416114200019365,4.027042623878515,5.983512105286103,1.8419006852841662,8.463194114807216,4.436151490928701,1.0,5.981883001425196,1.8402715814232593,8.461565010946309,4.434522387067794,1.0,5.961545156716639,1.8199337367147024,8.441227166237752,4.414184542359237,1.0,5.952026615567398,1.8104151955654615,8.43170862508854,4.404666001210025,1.0,5.983430952574558,1.8418195325726217,8.463112962095671,4.4360703382171565,1.0,5.979636959119766,1.8380255391178295,8.459318968640893,4.4322763447623785,1.0,5.983512104917239,1.8419006849153021,8.463194114438366,4.436151490559851,1.0,5.30322706597596,1.161615645974024,8.534787286374709,4.507744662496194,1
rxn009126,20.0,6.5226004075466335,0.14380473399614857,8.98888563459542,2.466285227048786,0.09601056486393134,-0.047794169132217235,1.0,9.234356482842685,2.7117560752960514,0.09601056486393134,-0.047794169132217235,1.0,9.184059178130354,2.661458770583721,0.09601056486393134,-0.047794169132217235,1.0,9.310826057827995,2.788225650281362,0.09601056486398818,-0.04779416913216039,1.0,8.98009666969331,2.4574962621466767,0.09601056486393134,-0.047794169132217235,1.0,8.98009666969331,2.4574962621466767,0.09601056486393134,-0.047794169132217235,1.0,8.984913032608873,2.462312625062239,0.09601056486393134,-0.047794169132217235,1.0,8.716103546133965,2.1935031385873316,0.09601056486384607,-0.0477941691323025,1
rxn009204,14.0,5.543414581261459,2.6823136200691806,8.384766543192747,2.841351961931288,4.374073007828173,1.6917593877589923,1.0,7.051908335874884,1.5084937546134256,4.374073007828173,1.6917593877589923,1.0,7.223310977553879,1.6798963962924205,4.374073007828173,1.6917593877589923,1.0,5.891494348377016,0.3480797671155571,4.374073007828166,1.6917593877589852,1.0,5.328855082295128,-0.21455949896633086,4.374073007828173,1.6917593877589923,1.0,5.328855082295128,-0.21455949896633086,4.374073007828173,1.6917593877589923,1.0,7.48785438646776,1.9444398052063008,4.374073007828159,1.691759387758978,1.0,6.242717647437431,0.6993030661759718,4.361188016881648,1.6788743968124678,1
rxn009261,14.0,4.8862610075284465,1.489727289073926,7.4564680842222515,2.570207076693805,1.1713610107250645,-0.31836627834886144,1.0,6.857073061146508,1.9708120536180616,1.1716448081938182,-0.3180824808801077,1.0,6.791629723820783,1.9053687162923367,1.1682505260074123,-0.3214767630665136,1.0,6.68560032487909,1.7993393173506433,1.2773554767227964,-0.21237181235112956,1.0,6.631652113220724,1.7453911056922777,1.1757496174159883,-0.31397767165793766,1.0,6.631652113220724,1.7453911056922777,1.1757496174159954,-0.31397767165793056,1.0,7.219518474630696,2.33325746710225,1.171730208627629,-0.3179970804462968,1.0,6.70201755358908,1.8157565460606335,1.335927244113961,-0.15380004495996502,1
rxn009289,15.0,3.136433868061431,0.4023883278532594,2.9173902518142185,-0.21904361624721247,0.05548259727115834,-0.34690573058210106,1.0,2.962329071699358,-0.174104796362073,0.05548259727115834,-0.34690573058210106,1.0,2.9726504107546816,-0.16378345730674937,0.055482597271151235,-0.34690573058210816,1.0,2.9761161466574677,-0.16031772140396328,0.055482597271137024,-0.3469057305821224,1.0,3.0225697978248434,-0.11386407023658762,0.055482597271165446,-0.34690573058209395,1.0,3.0225697978248434,-0.11386407023658762,0.055482597271151235,-0.34690573058210816,1.0,2.9173902518142256,-0.21904361624720536,0.055482597271151235,-0.34690573058210816,1.0,3.2956832500344575,0.15924938197302652,1.1868524625424755,0.784464134689216,1
rxn009314,14.0,3.5967236883498117,2.9256397433982784,7.536328498642526,3.939604810292714,6.872779938703772,3.9471401953054936,1.0,7.536328498642526,3.939604810292714,6.872779938703772,3.9471401953054936,1.0,7.536328498642526,3.939604810292714,6.872779938703772,3.9471401953054936,1.0,7.536328498642533,3.939604810292721,6.872779938703772,3.9471401953054936,1.0,7.536328498642526,3.939604810292714,6.872779938703772,3.9471401953054936,1.0,7.536328498642526,3.939604810292714,6.872779938703772,3.9471401953054936,1.0,7.536328498642504,3.9396048102926926,6.872779938703751,3.9471401953054723,1.0,5.931206039830641,2.3344823514808297,6.8727799386986845,3.947140195300406,1
rxn009321,14.0,4.655873185420205,3.0764320729413157,8.647314421244012,3.9914412358238067,11.23551522223999,8.159083149298674,1.0,8.770949231128895,4.11507604570869,11.23551522223999,8.159083149298674,1.0,8.744859255987961,4.088986070567756,11.23551522223999,8.159083149298674,1.0,8.497445578788664,3.841572393368459,11.235515222239982,8.159083149298667,1.0,8.69879596073072,4.042922775310515,11.235515222239997,8.15908314929868,1.0,8.69879596073072,4.042922775310515,11.235515222239997,8.15908314929868,1.0,8.647314421243998,3.9914412358237925,11.235515222239975,8.15908314929866,1.0,7.779243117414701,3.123369931994496,11.235515222231172,8.159083149289856,1
rxn009328,15.0,4.428748699690914,0.5600454180239467,-2.892964438593964,-7.321713138284878,-8.61055106730307,-9.170596485327017,0.0,-1.1749086936980362,-5.60365739338895,-6.920436464222483,-7.48048188224643,0.0,-1.567098760652975,-5.995847460343889,-7.320483216175283,-7.88052863419923,0.0,-1.5065363808502,-5.935285080541114,-7.2575544178464,-7.817599835870347,0.0,-2.075002933996693,-6.503751633687607,-7.822452392055354,-8.3824978100793,0.0,-2.075002933996686,-6.5037516336876,-7.822452392055347,-8.382497810079293,0.0,1.0710988088916125,-3.3576498907993013,-4.639526646377973,-5.19957206440192,1.0,1.9646240165969928,-2.464124683093921,-3.3918265970156227,-3.9518720150395694,1
rxn009384,10.0,3.8842832343325426,2.5024923006858444,9.384421003048061,5.500137768715518,12.545777990005924,10.04328568932008,1.0,9.917369454590528,6.033086220257985,11.758274922736646,9.255782622050802,1.0,10.036022111083298,6.1517388767507555,11.72177001646239,9.219277715776546,1.0,10.068978608751308,6.184695374418766,11.06435777974417,8.561865479058326,1.0,10.003425416237178,6.119142181904635,10.890476347313253,8.387984046627409,1.0,10.003425416237178,6.119142181904635,10.890476347313253,8.387984046627409,1.0,9.384421002558717,5.500137768226175,10.086812321351445,7.584320020665601,1.0,6.203213401887027,2.318930167554484,8.80231339739948,6.299821096713636,1
rxn009555,17.0,3.7010011490801844,2.7761499167881993,-1.7797675308515863,-5.480768679931771,-2.8761877991811815,-5.652337715969381,0.0,2.888963092886229,-0.8120380561939555,2.574605007603026,-0.20154490918517354,1.0,3.120552710240176,-0.5804484388400084,2.709154739690817,-0.06699517709738245,1.0,2.8513394164519923,-0.8496617326281921,2.712031560415312,-0.06411835637288732,1.0,3.642971623199813,-0.05802952588037158,3.631006175675111,0.8548562588869117,1.0,3.642971623199827,-0.05802952588035737,3.631006175675111,0.8548562588869117,1.0,3.3152688364563403,-0.3857323126238441,2.382202773363346,-0.39394714342485315,1.0,2.9851045961883926,-0.7158965528917918,2.8264518531537846,0.05030193636558522,1
rxn009612,12.0,2.983947180735413,-0.294658980326858,1.8074469209451678,-1.1765002597902452,-1.0280096452611076,-0.7333506649342496,1.0,2.8303344469650824,-0.15361273377033058,-2.0539821790030572,-1.7593231986761992,1.0,2.1097811230601167,-0.8741660576752963,-2.5881014560760462,-2.2934424757491882,1.0,2.3661804730753815,-0.6177667076600315,-2.3945651260348058,-2.0999061457079478,1.0,2.9797329162236608,-0.004214264511752219,-2.4909670870380083,-2.1963081067111503,1.0,2.9797329162236608,-0.004214264511752219,-2.4909670870380083,-2.1963081067111503,1.0,2.3875426778876587,-0.5964045028477543,-1.7765485738304392,-1.4818895935035812,1.0,2.3951832326833014,-0.5887639480521116,-1.6833529158237752,-1.3886939354969172,1
rxn009742,14.0,3.6755720841420043,-0.1746700815137956,5.932531956210049,2.2569598720680446,1.016524667155963,1.1911947486697585,1.0,5.932531956210049,2.2569598720680446,1.0165304394289194,1.191200520942715,1.0,5.932531956210049,2.2569598720680446,1.0220235008722511,1.1966935823860467,1.0,5.932531956210077,2.256959872068073,1.0275223877507784,1.202192469264574,1.0,5.932531956210042,2.2569598720680375,1.016524560450307,1.1911946419641026,1.0,5.932531956210056,2.2569598720680517,1.016524560450307,1.1911946419641026,1.0,5.932531956210063,2.256959872068059,1.0165246671956112,1.1911947487094068,1.0,5.771786268979255,2.096214184837251,1.0027796230730601,1.1774497045868557,1
rxn009791,12.0,3.0329573227827495,1.0842155539503437,0.5156269075536386,-2.517330415229111,1.624727537539897,0.5405119835895533,1.0,-0.4734533302098711,-3.5064106529926207,0.6359205535377299,-0.44829500041261383,0.0,-0.9127851225612105,-3.94574244534396,0.19662656805753187,-0.8875889858928119,0.0,-0.8697974733171066,-3.902754796099856,0.23960093620717515,-0.8446146177431686,0.0,-1.592174460998649,-4.6251317837813986,-0.4856501796859689,-1.5698657336363127,0.0,-1.592174460998649,-4.6251317837813986,-0.4856501796859689,-1.5698657336363127,0.0,0.5435793635080302,-2.4893779592747194,1.6565498640558758,0.572334310105532,1.0,1.6551170922443177,-1.3778402305384319,3.297667395935278,2.2134518419849343,1
rxn009797,20.0,4.130418854379968,-0.4848970959192229,14.521190785810532,10.390771931430564,-0.2991349935779084,0.18576210234131452,1.0,3.1601909505122165,-0.9702279038677517,-0.28677870170572817,0.19811839421349475,1.0,3.583098293840081,-0.5473205605398874,-0.28139904682133476,0.20349804909788816,1.0,4.116697985924887,-0.013720868455081359,-0.2592520371585181,0.22564505876070484,1.0,0.6890364811663545,-3.4413823732136137,-0.30343616909779314,0.18146092682142978,1.0,0.6890364811663545,-3.4413823732136137,-0.30343616909779314,0.18146092682142978,1.0,3.527667146236709,-0.6027517081432592,-0.29896684889233427,0.18593024702688865,1.0,3.3879789557644955,-0.7424398986154728,-0.3692963300403562,0.1156007658788667,1
rxn009959,16.0,3.30549035760032,1.8129386980681375,6.472384567407481,3.166894209807161,4.854448095083711,3.0415093970155738,1.0,6.472384567407481,3.166894209807161,4.857050265867315,3.0441115677991775,1.0,6.472384567407481,3.166894209807161,4.860515845930294,3.0475771478621567,1.0,6.472384567407481,3.166894209807161,4.866661225226622,3.0537225271584845,1.0,6.472384567407488,3.166894209807168,4.855114608790593,3.042175910722456,1.0,6.472384567407481,3.166894209807161,4.8534276671036025,3.040488969035465,1.0,6.472384567407495,3.1668942098071753,4.854471560277744,3.041532862209607,1.0,6.1025002879796375,2.7970099303793177,5.036359849361602,3.223421151293465,1
rxn009992,14.0,1.967994572914904,0.4545621527413459,3.3060953769697434,1.3381008040548394,3.042017445277068,2.587455292535722,1.0,3.3060953769697434,1.3381008040548394,3.042017445277068,2.587455292535722,1.0,3.3060953769697434,1.3381008040548394,3.042017445277068,2.587455292535722,1.0,3.3060953769697363,1.3381008040548323,3.0420174452770823,2.5874552925357364,1.0,3.3060953769697363,1.3381008040548323,3.042017445277068,2.587455292535722,1.0,3.3060953769697363,1.3381008040548323,3.042017445277068,2.587455292535722,1.0,3.3060953769697505,1.3381008040548465,3.042017445277068,2.587455292535722,1.0,3.0989532447775474,1.1309586718626434,2.480060948602855,2.025498795861509,1
rxn010111,17.0,4.914203656242535,2.8219371585782937,10.22461481726404,5.310411161021506,3.127118515193871,0.3051813566155772,1.0,4.552327774611129,-0.3618758816314056,3.1331653726790023,0.31122821410070856,1.0,4.512361992967072,-0.4018416632754622,3.136165121622909,0.3142279630446154,1.0,6.129975985906398,1.2157723296638636,3.0521820492877794,0.23024489070948562,1.0,3.680338572029555,-1.2338650842129795,3.056223622124193,0.23428646354589944,1.0,3.680338572029555,-1.2338650842129795,3.056223622124193,0.23428646354589944,1.0,2.5868106453836077,-2.327393010858927,3.132963540810323,0.31102638223202916,1.0,2.451056857764698,-2.463146798477837,3.2116397451944465,0.38970258661615276,1
rxn010199,13.0,3.12918874123352,1.701830825642901,11.438071310144835,8.308882568911315,4.363165189888363,2.6613343642454623,1.0,11.438071310144835,8.308882568911315,4.363165189888363,2.6613343642454623,1.0,11.438071310144835,8.308882568911315,4.363165189888363,2.6613343642454623,1.0,11.43807131014485,8.30888256891133,4.363165189888377,2.6613343642454765,1.0,11.438071310144835,8.308882568911315,4.363165189888356,2.661334364245455,1.0,11.438071310144828,8.308882568911308,4.363165189888349,2.661334364245448,1.0,11.438071310144835,8.308882568911315,4.363165189888363,2.6613343642454623,1.0,7.214477022125685,4.085288280892165,1.9237835304004491,0.22195270475754825,1
rxn010264,11.0,4.160599596072643,3.7184361999079556,5.792543430028822,1.6319438339561785,-3.020405124071239,-6.738841323979194,1.0,6.564731009905302,2.4041314138326584,-1.7829654427773107,-5.501401642685266,1.0,6.152182382247034,1.9915827861743907,-2.204997476696221,-5.923433676604176,1.0,5.911891997282019,1.7512924012093762,-2.3535593270161854,-6.071995526924141,1.0,5.002158560477845,0.841558964405202,-2.3147398760205036,-6.033176075928459,1.0,4.996397306538512,0.8357977104658687,-2.3147398760205036,-6.033176075928459,1.0,7.987959464177564,3.827359868104921,0.6638047779934695,-3.054631421914486,1.0,7.594484470462085,3.4338848743894417,0.589110381602751,-3.1293258183052046,1
rxn010316,17.0,3.0323959382822068,1.669052512230337,-1.763941608537806,-4.796337546820013,-5.007049612356155,-6.676102124586492,0.0,3.334523588171507,0.3021276498893002,2.220325864758564,0.5512733525282272,1.0,3.630129166848107,0.5977332285659003,2.4686079867465907,0.7995554745162536,1.0,3.2191829556314957,0.18678701734928893,2.4674783993556275,0.7984258871252905,1.0,3.1854945337755822,0.15309859549337546,2.777842757438634,1.1087902452082972,1.0,3.1854945337755964,0.15309859549338967,2.7778427574386484,1.1087902452083114,1.0,4.178897380826157,1.1465014425439506,2.1921296457829698,0.5230771335526327,1.0,2.6943402621555634,-0.33805567612664333,2.5083559685641177,0.8393034563337807,1
rxn010376,13.0,4.071031092353223,2.933592622053766,-0.3073154978651047,-4.378346590218328,-4.076142867866878,-7.009735489920644,0.0,3.360796543375791,-0.7102345489774322,2.845020429987869,-0.08857219206589662,1.0,3.4372504497023684,-0.633780642650855,2.9711691379127956,0.03757651585902977,1.0,3.1242844441596915,-0.9467466481935318,2.8757350548060288,-0.05785756724773705,1.0,3.650937055202874,-0.4200940371503492,3.2212637678910596,0.2876711458372938,1.0,3.650937055202874,-0.4200940371503492,3.2212637678910454,0.2876711458372796,1.0,4.269610412880041,0.19857932052681804,2.9184757205609486,-0.015116901492817192,1.0,3.2679877552752075,-0.8030433370780159,3.2181172753716325,0.2845246533178667,1
rxn010413,13.0,5.240013202952468,2.5859899060378666,6.107079368958438,0.8670661660059693,0.8340988360144905,-1.751891070023376,1.0,-0.20657416515647498,-5.446587368108943,-1.4686424540672576,-4.054632360105124,0.0,-0.661278320001756,-5.901291522954224,-1.9942912038050196,-4.580281109842886,0.0,0.14891274487577988,-5.0911004580766885,-1.608211804171539,-4.194201710209406,1.0,-1.4857757837146153,-6.725788986667084,-2.1222681109969415,-4.708258017034808,0.0,-1.4857757837146153,-6.725788986667084,-2.1222681109969415,-4.708258017034808,0.0,-0.11715472788198156,-5.35716793083445,-0.6116239940947281,-3.1976139001325947,0.0,2.457091640332308,-2.78292156262016,0.831349415196776,-1.7546404908410906,1
rxn010513,15.0,2.909568423845485,2.3475203212638007,5.932694650776234,3.0231262269307493,0.8172581515819175,-1.5302621696818832,1.0,5.932694650776234,3.0231262269307493,0.6035789202708202,-1.7439414009929806,1.0,5.932694650776234,3.0231262269307493,0.59767064330115,-1.7498496779626507,1.0,5.9326946507762415,3.0231262269307564,0.2086307469172226,-2.138889574346578,1.0,5.932694650776227,3.023126226930742,0.4891480943617452,-1.8583722269020555,1.0,5.93269465077622,3.023126226930735,0.4891480943617381,-1.8583722269020626,1.0,5.932694650776234,3.0231262269307493,0.7444555749231654,-1.6030647463406353,1.0,4.924741780050418,2.015173356204933,3.161104868189831,0.8135845469260303,1
rxn010525,14.0,3.7393747466467175,1.2896699583598092,8.92471840114542,5.185343654498702,0.41042128766401476,-0.8792486706957945,1.0,8.915330073722217,5.175955327075499,0.40103296024081203,-0.8886369981189972,1.0,8.90550351254835,5.166128765901632,0.3912063990669452,-0.898463559292864,1.0,8.91959682041648,5.180222073769762,0.4052997069350681,-0.8843702514247411,1.0,8.880301550412582,5.140926803765865,0.3660044369311777,-0.9236655214286316,1.0,8.88030155041259,5.140926803765872,0.3660044369311777,-0.9236655214286316,1.0,8.925757689548533,5.186382942901815,0.41146057606712105,-0.8782093822926882,1.0,1.9082948143718,-1.8310799322749176,0.5656972947651582,-0.7239726635946511,1
rxn010580,17.0,4.563444724189139,-0.24229997106976953,8.365746941961078,3.8023022177719383,4.935412432532573,5.177712403602342,1.0,5.976151217509511,1.4127064933203712,4.935412432532573,5.177712403602342,1.0,5.9887985345401376,1.4253538103509982,4.935412432532573,5.177712403602342,1.0,4.956875810915349,0.39343108672620986,4.935412432532601,5.177712403602371,1.0,3.994669663514742,-0.5687750606743975,4.935412432532573,5.177712403602342,1.0,3.994669663514742,-0.5687750606743975,4.935412432532573,5.177712403602342,1.0,7.089040575666843,2.5255958514777035,4.935412432532573,5.177712403602342,1.0,6.3671630109748065,1.8037182867856671,4.935412432532559,5.177712403602328,1
rxn010600,12.0,4.016453546937555,-0.09225390835308644,9.288490921476388,5.272037374538833,1.8794324429550784,1.9716863513081648,1.0,9.291903598428696,5.275450051491141,1.8794324429550784,1.9716863513081648,1.0,9.297397593829096,5.280944046891541,1.8794324429550784,1.9716863513081648,1.0,9.303555363274512,5.287101816336957,1.879432442955057,1.9716863513081435,1.0,9.288137313486388,5.271683766548833,1.8794324429550642,1.9716863513081506,1.0,9.288137313486388,5.271683766548833,1.8794324429550713,1.9716863513081577,1.0,9.28849092147641,5.272037374538854,1.8794324429550784,1.9716863513081648,1.0,7.760584398223749,3.7441308512861937,-0.5476920107271326,-0.45543810237404614,1
rxn010602,12.0,3.8678965021590557,1.1381625407957472,5.932202588949892,2.064306086790836,4.94231913631176,3.8041565955160124,1.0,6.069397832173678,2.2015013300146222,4.94231913631176,3.8041565955160124,1.0,6.152509772903166,2.28461327074411,4.94231913631176,3.8041565955160124,1.0,6.155182484242978,2.2872859820839224,4.942319136311745,3.804156595515998,1.0,6.011147295961635,2.1432507938025793,4.9423191363117525,3.8041565955160053,1.0,6.019018205942416,2.1511217037833603,4.9423191363117525,3.8041565955160053,1.0,5.868720562872653,2.0008240607135974,4.94231913631176,3.8041565955160124,1.0,3.5138803707613846,-0.3540161313976711,2.3909518396650213,1.2527892988692741,1
rxn010639,16.0,3.8593305809026788,1.4308520943213807,6.5128609882965875,2.6535304073939088,3.3145485616953607,1.88369646737398,1.0,1.7737531257526555,-2.0855774551500232,2.4410299811789073,1.0101778868575266,1.0,1.9849300820939604,-1.8744004988087184,2.477411864773771,1.0465597704523901,1.0,4.124696951707513,0.26536637080483416,0.2746595030543091,-1.1561925912670716,1.0,2.451171065640928,-1.408159515261751,0.9503818717907464,-0.4804702225306343,1.0,2.451171065640928,-1.408159515261751,0.9503818717907464,-0.4804702225306343,1.0,3.9453872530892014,0.08605667218652258,3.6209534070998046,2.190101312778424,1.0,1.969883905829029,-1.8894466750736498,3.956779590044441,2.52592749572306,1
rxn010670,14.0,3.451802346004115,0.46067282599324244,4.644001821592127,1.192199475588012,5.602840335106293,5.142167509113051,1.0,1.6700068780464719,-1.781795467957643,3.552027530465381,3.0913547044721383,1.0,1.662111353632362,-1.789690992371753,3.575635969931838,3.1149631439385956,1.0,1.1839876248888288,-2.267814721115286,0.5171107288941883,0.05643790290094586,1.0,1.2148495144755316,-2.2369528315285834,1.4947128072334053,1.0340399812401628,1.0,1.2148495144755316,-2.2369528315285834,1.4947128072334053,1.0340399812401628,1.0,4.139183758255463,0.687381412251348,4.559474664368487,4.098801838375245,1.0,4.529991161497364,1.0781888154932489,4.876682928698969,4.416010102705727,1
rxn010742,13.0,1.8623158727350528,0.5108933849242021,-17.71038479554176,-19.572700668276813,-27.42964330809426,-27.940536693018462,0.0,3.0682989895191213,1.2059831167840684,1.6598163248072453,1.1489229398830432,1.0,3.6948899607340167,1.8325740879989638,2.355371794108173,1.8444784091839708,1.0,1.407720219980277,-0.45459565275477587,2.677980011232279,2.167086626308077,1.0,2.441994213299054,0.5796783405640014,3.271699036623332,2.7608056516991297,1.0,2.4419942132990613,0.5796783405640085,3.271699036623339,2.760805651699137,1.0,4.209530608490503,2.3472147357554505,1.7182605560950108,1.2073671711708087,1.0,4.227764266902668,2.3654483941676148,-0.2905759043253582,-0.8014692892495603,1
rxn010966,15.0,2.9893237098331156,-0.45761936831513594,5.8705471127732025,2.881223402940087,0.6100839079930154,1.0677032763081513,1.0,5.987742789626964,2.998419079793848,0.5914626953508844,1.0490820636660203,1.0,5.964148246946593,2.974824537113477,0.5355121178415985,0.9931314861567344,1.0,5.954663534226974,2.9653398243938582,0.5270395549845688,0.9846589232997047,1.0,6.0835873258439435,3.094263616010828,1.0267832662856762,1.4844026346008121,1.0,6.0835873258439435,3.094263616010828,1.0267832662856762,1.4844026346008121,1.0,5.898652216940533,2.9093285071074177,0.6384490318010805,1.0960684001162164,1.0,3.3152795945150118,0.3259558846818962,-0.03590551818842158,0.42171385012671436,1
rxn011080,15.0,3.085969846137232,2.0664406689484167,4.198597140495451,1.1126272943582194,-0.5135430345296683,-2.579983703478085,1.0,1.7091947076276028,-1.376775138509629,-0.9010027903604367,-2.9674434593088534,1.0,1.6525200367964459,-1.433449809340786,-1.1876938161782675,-3.2541344851266842,1.0,1.110697741605179,-1.9752721045320527,-1.3312192239246556,-3.3976598928730724,1.0,0.44463059441043384,-2.641339251726798,-1.7227811784819593,-3.789221847430376,1.0,0.44463059441043384,-2.641339251726798,-1.7227811784819593,-3.789221847430376,1.0,2.901095603664487,-0.18487424247274475,0.2170971439219116,-1.8493435250265051,1.0,3.326692694272701,0.2407228481354693,0.36532289402345697,-1.7011177749249597,1
rxn011083,15.0,3.863027824609162,2.259330142285762,4.382518671318913,0.5194908467097505,0.8557083968819299,-1.4036217454038322,1.0,2.267401781098215,-1.595626043510947,0.6987549185847115,-1.5605752237010506,1.0,2.2649733496816964,-1.5980544749274657,0.7429678261241861,-1.516362316161576,1.0,1.5348282226443004,-2.3281996019648616,0.6017946059205741,-1.657535536365188,1.0,0.89427808341906,-2.968749741190102,0.08832717686482283,-2.1710029654209393,1.0,0.89427808341906,-2.968749741190102,0.08832717686482283,-2.1710029654209393,1.0,2.626914669359948,-1.236113155249214,1.204125102413272,-1.0552050398724901,1.0,2.3239075718896984,-1.5391202527194636,0.7202489741875979,-1.5390811680981642,1
rxn011123,16.0,4.777912290755012,2.2294205756597876,10.930585833368866,6.152673542613854,21.550020013182014,19.320599437522226,1.0,8.174716286005044,3.396803995250032,3.9100312572758043,1.6806106816160167,1.0,9.047886261369165,4.269973970614153,3.905071580646009,1.6756510049862214,1.0,6.7765389403479475,1.9986266495929357,3.582530490998309,1.3531099153385213,1.0,7.995283172132744,3.2173708813777324,3.7822782277041256,1.552857652044338,1.0,7.995283172132744,3.2173708813777324,3.7822782277041114,1.5528576520443238,1.0,7.496489437808727,2.718577147053715,3.7776546006753478,1.5482340250155602,1.0,7.695686347853524,2.9177740570985122,4.0333870921000425,1.803966516440255,1
rxn011223,14.0,5.703532018851547,1.748516750671115,-5.761642856620568,-11.465174875472115,-13.065826147862253,-14.814342898533368,0.0,2.777602023810715,-2.925929995040832,-2.189560728214097,-3.938077478885212,1.0,2.9645229446410966,-2.7390090742104505,-2.120017298062585,-3.8685340487337,1.0,4.691813982414949,-1.0117180364365979,1.0084813258216698,-0.7400354248494452,1.0,4.47714206533535,-1.2263899535161968,0.015609470667122594,-1.7329072800039924,1.0,4.47714206533535,-1.2263899535161968,0.015609470667122594,-1.7329072800039924,1.0,3.83173026327605,-1.8718017555754969,-0.11313394481090455,-1.8616506954820196,1.0,3.7870501544775337,-1.9164818643740134,-0.28345435609335823,-2.0319711067644732,1
rxn011246,16.0,3.8288981474925095,0.9185967577486736,12.083103270912673,8.254205123420164,2.350042928965493,1.4314461712168196,1.0,10.780855518514883,6.951957371022374,2.350042928965493,1.4314461712168196,1.0,14.487511178908306,10.658613031415797,2.350042928965493,1.4314461712168196,1.0,16.758363383440482,12.929465235947973,2.350042928965536,1.4314461712168622,1.0,7.451853968864739,3.62295582137223,2.3500429289655074,1.4314461712168338,1.0,7.451853968864739,3.62295582137223,2.3500429289655074,1.4314461712168338,1.0,10.168333224570425,6.3394350770779155,2.3500429289655074,1.4314461712168338,1.0,5.426756867550786,1.5978587200582766,2.350042928963518,1.4314461712148443,1
rxn011394,15.0,3.7894415177070186,-1.4264852627602522,-8.493799360736865,-12.283240878443884,-33.937201204644246,-32.510715941883994,0.0,3.4376671767046005,-0.3517743410024181,0.026198130497974148,1.4526833932582264,1.0,3.829441514852668,0.0399999971456495,0.3159736548149823,1.7424589175752345,1.0,4.225521747627376,0.436080229920357,0.05806592032730862,1.4845511830875608,1.0,1.4036308309772068,-2.385810686729812,1.0931600116759128,2.519645274436165,1.0,1.4036308309772068,-2.385810686729812,1.0931600116759128,2.519645274436165,1.0,4.958130532543024,1.168689014836005,0.04600581839530804,1.4724910811555603,1.0,4.965690843478114,1.1762493257710958,-1.1479095719045063,0.27857569085574596,1
rxn011443,11.0,2.0047653409183113,-0.3020160466348898,2.822635671739949,0.8178703308216377,-2.5312778250865833,-2.2292617784516935,1.0,2.4920355021687968,0.4872701612504855,-3.935801557104142,-3.6337855104692522,1.0,2.449018970973988,0.44425363005567675,-4.397566125595773,-4.095550078960883,1.0,1.8131312346035742,-0.1916341063147371,-4.484894753698917,-4.182878707064027,1.0,3.180863664890367,1.176098323972056,-3.9794768750367666,-3.677460828401877,1.0,3.180863664890367,1.176098323972056,-3.9794768750367595,-3.6774608284018697,1.0,1.6851500330545832,-0.31961530786372805,-3.6866701389337635,-3.3846540922988737,1.0,-0.01986783009486004,-2.0246331710131713,-3.3524109058558977,-3.050394859221008,0
rxn011450,11.0,2.1673829416304216,0.08069281892676372,-1.0195662262739802,-3.1869491679044017,0.6088722997376124,0.5281794808108486,0.0,1.8588886262809012,-0.3084943153495203,-0.24067960761559704,-0.32137242654236076,1.0,1.4000406653099873,-0.7673422763204343,-0.21592849738208741,-0.29662131630885114,1.0,1.8148766543921724,-0.35250628723824917,-0.18110471724185828,-0.261797536168622,1.0,1.5466997105241589,-0.6206832311062627,-0.2830303016867788,-0.3637231206135425,1.0,1.5466997105241589,-0.6206832311062627,-0.2830303016867788,-0.3637231206135425,1.0,4.283725844813496,2.1163429031830745,-0.4966986265065003,-0.577391445433264,1.0,2.406664715364684,0.23928177373426252,-0.11077098513388961,-0.19146380406065333,1
rxn011492,15.0,3.1648422859088896,1.7572961643036251,-2.7610205966376213,-5.925862882546511,-5.891254794409413,-7.648550958713038,0.0,3.038216565649904,-0.12662572025898555,1.844835073334906,0.08753890903128081,1.0,3.362466987555834,0.19762470164694435,2.0372960283961845,0.2799998640925594,1.0,2.961699664731441,-0.20314262117744875,2.0343570950717194,0.27706093076809424,1.0,3.238163277440819,0.07332099153192928,2.708378359851892,0.9510821955482669,1.0,3.238163277440819,0.07332099153192928,2.708378359851892,0.9510821955482669,1.0,3.887940696280552,0.7230984103716622,1.8411409796648286,0.08384481536120347,1.0,2.399014788819912,-0.7658274970889778,2.126671452631797,0.3693752883281718,1
rxn011497,15.0,3.3351363955553097,3.028361014881739,9.085913306928227,5.750776911372917,5.919652340192236,2.8912913253104975,1.0,4.165307183217742,0.830170787662432,1.294732986201062,-1.733628028680677,1.0,3.8020335108590047,0.46689711530369493,1.0917993091206668,-1.936561705761072,1.0,2.2372168383481394,-1.0979195572071703,1.0575578194429198,-1.970803195438819,1.0,2.463535488327416,-0.8716009072278936,0.9716556946560146,-2.056705320225724,1.0,2.463535488327416,-0.8716009072278936,0.9716556946560146,-2.056705320225724,1.0,5.988625481076568,2.653489085521258,2.820216433635558,-0.20814458124618085,1.0,4.339548051749027,1.0044116561937173,2.959593659917161,-0.06876735496457798,1
rxn011522,17.0,3.024232448933617,2.3074257041989767,10.238817518368052,7.214585069434435,7.20168447888539,4.8942587746864135,1.0,4.54056872953003,1.5163362805964127,2.442310086344392,0.13488438214541532,1.0,4.411712719320754,1.3874802703871367,2.4654064054732174,0.1579807012742407,1.0,3.0170855321643586,-0.007146916769258382,4.340650287093823,2.033224582894846,1.0,2.185337409872176,-0.8388950390614411,1.1879169556909517,-1.119508748508025,1.0,2.185337409872176,-0.8388950390614411,1.1879169556909517,-1.119508748508025,1.0,6.8768074570684234,3.8525750081348065,4.38617568959242,2.0787499853934435,1.0,4.408554786896758,1.384322337963141,4.242639444954328,1.9352137407553514,1
rxn011568,18.0,4.33965681700829,1.1513141602390533,2.294051746834654,-2.045605070173636,7.556583971964571,6.405269811725518,1.0,2.316589187425649,-2.0230676295826413,-0.29608051351365816,-1.4473946737527115,1.0,2.332785572386655,-2.0068712446216352,-0.6223640936173496,-1.7736782538564029,1.0,2.3754701150249957,-1.9641867019832944,-0.5624494897671468,-1.7137636500062001,1.0,2.2520644689571867,-2.0875923480511034,-0.7010566669759442,-1.8523708272149975,1.0,2.2520644689571867,-2.0875923480511034,-0.7010566669759442,-1.8523708272149975,1.0,2.2980373015500533,-2.041619515458237,-0.36958023051762723,-1.5208943907566805,1.0,2.4583538042074196,-1.8813030128008705,-0.5463397495501567,-1.69765390978921,1
rxn011795,15.0,5.037057639190607,1.3934071125240735,6.200317825599562,1.1632601864089551,2.9153306608790004,1.521923548354927,1.0,6.200553485590483,1.1634958463998757,2.9153306608790004,1.521923548354927,1.0,6.20401922138155,1.1669615821909431,2.9153306608790004,1.521923548354927,1.0,6.20772178489441,1.1706641457038032,2.9153306608790075,1.521923548354934,1.0,6.200256377329936,1.1631987381393287,2.9153306608790146,1.5219235483549411,1.0,6.2002563773299215,1.1631987381393145,2.9153306608790075,1.521923548354934,1.0,6.2003161573762355,1.1632585181856285,2.9153306608790146,1.5219235483549411,1.0,5.4844180560845714,0.44736041689396444,2.00735515177103,0.6139480392469565,1
rxn011801,12.0,2.4670854979740398,1.2885063368958072,8.019036692837588,5.551951194863548,-2.7288465922831975,-4.017352929179005,1.0,2.853076523053275,0.38599102507923533,1.5470045164680357,0.25849817957222854,1.0,3.279208135727714,0.8121226377536743,1.4152741370984785,0.1267678002026713,1.0,1.9043674393055312,-0.5627180586685085,-0.33368499977976285,-1.62219133667557,1.0,2.5140005583327536,0.046915060358713845,1.6155300444748875,0.3270237075790803,1.0,2.5140005583327465,0.04691506035870674,1.6155300444748875,0.3270237075790803,1.0,4.72487958561095,2.25779408763691,2.7084561905940205,1.4199498536982134,1.0,1.8545535772577608,-0.6125319207162789,2.5337773792663896,1.2452710423705824,1
rxn011804,12.0,2.5309482214488526,0.7093709967048198,28.541343810345214,26.010395588896362,5.18886440185166,4.47949340514684,1.0,6.712812075537386,4.181863854088533,4.862982380905514,4.153611384200694,1.0,6.632833962687599,4.101885741238746,4.859130357359888,4.149759360655068,1.0,7.029251586107563,4.49830336465871,4.859130357359845,4.149759360655025,1.0,5.561029413648676,3.030081192199823,4.444215250301198,3.7348442535963784,1.0,5.561029413648669,3.030081192199816,4.444215250301191,3.7348442535963713,1.0,4.916779854046609,2.385831632597757,4.853489047047816,4.144118050342996,1.0,4.9222883480154564,2.391340126566604,4.858420370829421,4.149049374124601,1
rxn011835,13.0,1.8966023581833724,0.30861285946230055,5.538786560038474,3.642184201855102,4.4981497397403984,4.189536880278098,1.0,5.538786560038474,3.642184201855102,4.4981497397403984,4.189536880278098,1.0,5.538786560038481,3.642184201855109,4.4981497397403984,4.189536880278098,1.0,5.53878656003846,3.6421842018550876,4.498149739740377,4.189536880278077,1.0,5.5387865600384885,3.642184201855116,4.4981497397404056,4.189536880278105,1.0,5.538786560038481,3.642184201855109,4.4981497397403984,4.189536880278098,1.0,5.538786560038481,3.642184201855109,4.498149739740391,4.189536880278091,1.0,4.495298208856333,2.5986958506729607,4.498149739719359,4.189536880257059,1
rxn011847,12.0,2.5673552249227214,1.0235967515327502,10.66580373583956,8.098448510916839,9.475728237375606,8.452131485842855,1.0,6.410516267228289,3.8431610423055673,4.539992143412768,3.5163953918800175,1.0,10.330552823581321,7.7631975986586,4.678639533865109,3.655042782332359,1.0,12.80902000664473,10.241664781722008,7.839236519643961,6.815639768111211,1.0,4.881171337990203,2.3138161130674817,5.02189726527439,3.99830051374164,1.0,4.877006992052834,2.309651767130113,5.017732919337028,3.994136167804278,1.0,9.311694486773611,6.7443392618508895,6.354980769908082,5.331384018375331,1.0,4.593220245353621,2.025865020430899,6.310207936083906,5.286611184551155,1
rxn011863,19.0,3.365946678111868,1.0235910180945211,10.185001202464889,6.819054524353021,4.266221336933739,3.2426303188392183,1.0,4.282468611279668,0.9165219331678003,4.266221336933739,3.2426303188392183,1.0,4.348053950984465,0.9821072728725966,4.266221336933739,3.2426303188392183,1.0,5.85550962812178,2.489562950009912,4.266221336933739,3.2426303188392183,1.0,5.82879175859685,2.462845080484982,4.266221336933768,3.2426303188392467,1.0,5.82879175859685,2.462845080484982,4.266221336933768,3.2426303188392467,1.0,5.493052852282474,2.1271061741706063,4.266221336933739,3.2426303188392183,1.0,3.0166187609988526,-0.3493279171130155,4.266221336933754,3.2426303188392325,1
rxn011881,15.0,2.920260885004609,0.6323437338214717,6.9664748081735794,4.04621392316897,0.6052447430480257,-0.02709899077344602,1.0,1.2521197445573264,-1.6681411404472826,-1.053409288237603,-1.6857530220590746,1.0,0.7849721427021734,-2.1352887423024356,-1.5523100753383545,-2.184653809159826,1.0,2.0222705851264706,-0.8979902998781384,-1.02809201256008,-1.6604357463815518,1.0,-0.33696830981095616,-3.257229194815565,-1.9148273684591715,-2.547171102280643,0.0,2.545779214113402,-0.3744816708912069,-1.9195775082947861,-2.551921242116258,1.0,0.7014969435039191,-2.21876394150069,-1.5197084001932595,-2.152052134014731,1.0,2.94853732898423,0.028276443979621035,-1.1465173646653142,-1.7788610984867859,1
rxn011929,17.0,3.035897281771213,2.860396112819217,10.768555817879033,7.73265853610782,1.0136653474879722,-1.8467307653312446,1.0,3.2276322683010363,0.19173498652982346,0.2818506704470565,-2.5785454423721603,1.0,3.185639827311803,0.1497425455405903,0.24436411318377793,-2.616031999635439,1.0,1.9923514091027954,-1.0435458726684175,0.10491213715187087,-2.755483975667346,1.0,1.956131414661428,-1.079765867109785,0.34957880692347487,-2.510817305895742,1.0,1.956131414661428,-1.079765867109785,0.3495788069234891,-2.5108173058957277,1.0,5.0305633548543796,1.9946660730831667,0.8940936068774903,-1.9663025059417265,1.0,3.9218433981373266,0.8859461163661138,0.6771664420391659,-2.183229670780051,1
