2026-08-22:16:13:40,227 INFO     [psi4.driver.task_planner:259] PLANNING Atomic:  keywords={'D_CONVERGENCE': 1e-09, 'E_CONVERGENCE': 1e-09, 'MAXITER': 200, 'REFERENCE': 'RKS', 'SCF_TYPE': 'DF', 'function_kwargs': {}}
2026-08-22:16:13:40,229 INFO     [psi4.driver.driver:644] Compute gradient(): method=wb97x-d, basis=jun-cc-pvdz, molecule=default, nre=13.247505035237387
2026-08-22:16:13:41,363 INFO     [psi4.driver.driver:647] Return gradient(): -56.511281108471756
2026-08-22:16:13:41,364 INFO     [psi4.driver.driver:648] [[-0.         -0.00034842 -0.1284408 ]
 [-0.         -0.12282593  0.04269651]
 [-0.10669781  0.06157715  0.04287903]
 [ 0.10669781  0.06157715  0.04287903]]
2026-08-22:16:13:41,807 INFO     [psi4.driver.task_planner:259] PLANNING Atomic:  keywords={'D_CONVERGENCE': 1e-09, 'E_CONVERGENCE': 1e-09, 'SCF__INTS_TOLERANCE': 1e-12, 'MAXITER': 200, 'REFERENCE': 'RKS', 'SCF_TYPE': 'DF', 'function_kwargs': {}}
2026-08-22:16:13:41,809 INFO     [psi4.driver.driver:796] Compute properties(): method=wb97x-d, basis=jun-cc-pvdz, molecule=default, nre=13.247505035237387
2026-08-22:16:13:43,67 INFO     [psi4.driver.driver:799] Return properties(): -56.5112811084717
2026-08-22:16:13:43,114 INFO     [psi4.driver.task_planner:259] PLANNING Atomic:  keywords={'D_CONVERGENCE': 1e-09, 'E_CONVERGENCE': 1e-09, 'SCF__INTS_TOLERANCE': 1e-12, 'MAXITER': 200, 'REFERENCE': 'RKS', 'SCF_TYPE': 'DF', 'function_kwargs': {}}
2026-08-22:16:13:43,116 INFO     [psi4.driver.driver:644] Compute gradient(): method=wb97x-d, basis=jun-cc-pvdz, molecule=default, nre=12.889464358609349
2026-08-22:16:13:43,957 INFO     [psi4.driver.driver:647] Return gradient(): -56.52711255149126
2026-08-22:16:13:43,958 INFO     [psi4.driver.driver:648] [[-0.         -0.00029911 -0.0887941 ]
 [-0.         -0.08601037  0.02949052]
 [-0.0747785   0.04314365  0.02965429]
 [ 0.0747785   0.04314365  0.02965429]]
2026-08-22:16:13:44,372 INFO     [psi4.driver.task_planner:259] PLANNING Atomic:  keywords={'D_CONVERGENCE': 1e-09, 'E_CONVERGENCE': 1e-09, 'SCF__INTS_TOLERANCE': 1e-12, 'MAXITER': 200, 'REFERENCE': 'RKS', 'SCF_TYPE': 'DF', 'function_kwargs': {}}
2026-08-22:16:13:44,374 INFO     [psi4.driver.driver:796] Compute properties(): method=wb97x-d, basis=jun-cc-pvdz, molecule=default, nre=12.889464358609349
2026-08-22:16:13:45,682 INFO     [psi4.driver.driver:799] Return properties(): -56.527112551491236
2026-08-22:16:13:45,728 INFO     [psi4.driver.task_planner:259] PLANNING Atomic:  keywords={'D_CONVERGENCE': 1e-09, 'E_CONVERGENCE': 1e-09, 'SCF__INTS_TOLERANCE': 1e-12, 'MAXITER': 200, 'REFERENCE': 'RKS', 'SCF_TYPE': 'DF', 'function_kwargs': {}}
2026-08-22:16:13:45,731 INFO     [psi4.driver.driver:644] Compute gradient(): method=wb97x-d, basis=jun-cc-pvdz, molecule=default, nre=12.55026792811963
2026-08-22:16:13:46,590 INFO     [psi4.driver.driver:647] Return gradient(): -56.537730015616056
2026-08-22:16:13:46,591 INFO     [psi4.driver.driver:648] [[-0.         -0.00025648 -0.05529867]
 [-0.         -0.05439997  0.01833722]
 [-0.04737013  0.02731564  0.01848511]
 [ 0.04737013  0.02731564  0.01848511]]
2026-08-22:16:13:46,999 INFO     [psi4.driver.task_planner:259] PLANNING Atomic:  keywords={'D_CONVERGENCE': 1e-09, 'E_CONVERGENCE': 1e-09, 'SCF__INTS_TOLERANCE': 1e-12, 'MAXITER': 200, 'REFERENCE': 'RKS', 'SCF_TYPE': 'DF', 'function_kwargs': {}}
2026-08-22:16:13:47,1 INFO     [psi4.driver.driver:796] Compute properties(): method=wb97x-d, basis=jun-cc-pvdz, molecule=default, nre=12.55026792811963
2026-08-22:16:13:48,310 INFO     [psi4.driver.driver:799] Return properties(): -56.53773001561601
2026-08-22:16:13:48,362 INFO     [psi4.driver.task_planner:259] PLANNING Atomic:  keywords={'D_CONVERGENCE': 1e-09, 'E_CONVERGENCE': 1e-09, 'SCF__INTS_TOLERANCE': 1e-12, 'MAXITER': 200, 'REFERENCE': 'RKS', 'SCF_TYPE': 'DF', 'function_kwargs': {}}
2026-08-22:16:13:48,364 INFO     [psi4.driver.driver:644] Compute gradient(): method=wb97x-d, basis=jun-cc-pvdz, molecule=default, nre=12.228466186372971
2026-08-22:16:13:49,225 INFO     [psi4.driver.driver:647] Return gradient(): -56.54388450799469
2026-08-22:16:13:49,226 INFO     [psi4.driver.driver:648] [[ 0.         -0.00021891 -0.02709762]
 [ 0.         -0.02730697  0.00894761]
 [-0.02387664  0.01374892  0.00908217]
 [ 0.02387664  0.01374892  0.00908217]]
2026-08-22:16:13:49,617 INFO     [psi4.driver.task_planner:259] PLANNING Atomic:  keywords={'D_CONVERGENCE': 1e-09, 'E_CONVERGENCE': 1e-09, 'SCF__INTS_TOLERANCE': 1e-12, 'MAXITER': 200, 'REFERENCE': 'RKS', 'SCF_TYPE': 'DF', 'function_kwargs': {}}
2026-08-22:16:13:49,619 INFO     [psi4.driver.driver:796] Compute properties(): method=wb97x-d, basis=jun-cc-pvdz, molecule=default, nre=12.228466186372971
2026-08-22:16:13:50,959 INFO     [psi4.driver.driver:799] Return properties(): -56.54388450799471
2026-08-22:16:13:51,8 INFO     [psi4.driver.task_planner:259] PLANNING Atomic:  keywords={'D_CONVERGENCE': 1e-09, 'E_CONVERGENCE': 1e-09, 'SCF__INTS_TOLERANCE': 1e-12, 'MAXITER': 200, 'REFERENCE': 'RKS', 'SCF_TYPE': 'DF', 'function_kwargs': {}}
2026-08-22:16:13:51,10 INFO     [psi4.driver.driver:644] Compute gradient(): method=wb97x-d, basis=jun-cc-pvdz, molecule=default, nre=11.631955640696239
2026-08-22:16:13:51,836 INFO     [psi4.driver.driver:647] Return gradient(): -56.545321311974334
2026-08-22:16:13:51,836 INFO     [psi4.driver.driver:648] [[ 0.         -0.00015581  0.01627696]
 [ 0.          0.01560718 -0.00548972]
 [ 0.01334135 -0.00774184 -0.00537622]
 [-0.01334135 -0.00774184 -0.00537622]]
2026-08-22:16:13:52,223 INFO     [psi4.driver.task_planner:259] PLANNING Atomic:  keywords={'D_CONVERGENCE': 1e-09, 'E_CONVERGENCE': 1e-09, 'SCF__INTS_TOLERANCE': 1e-12, 'MAXITER': 200, 'REFERENCE': 'RKS', 'SCF_TYPE': 'DF', 'function_kwargs': {}}
2026-08-22:16:13:52,226 INFO     [psi4.driver.driver:796] Compute properties(): method=wb97x-d, basis=jun-cc-pvdz, molecule=default, nre=11.631955640696239
2026-08-22:16:13:53,541 INFO     [psi4.driver.driver:799] Return properties(): -56.545321311974305
2026-08-22:16:13:53,590 INFO     [psi4.driver.task_planner:259] PLANNING Atomic:  keywords={'D_CONVERGENCE': 1e-09, 'E_CONVERGENCE': 1e-09, 'SCF__INTS_TOLERANCE': 1e-12, 'MAXITER': 200, 'REFERENCE': 'RKS', 'SCF_TYPE': 'DF', 'function_kwargs': {}}
2026-08-22:16:13:53,592 INFO     [psi4.driver.driver:644] Compute gradient(): method=wb97x-d, basis=jun-cc-pvdz, molecule=default, nre=11.355004315917759
2026-08-22:16:13:54,407 INFO     [psi4.driver.driver:647] Return gradient(): -56.541660441788295
2026-08-22:16:13:54,408 INFO     [psi4.driver.driver:648] [[-0.         -0.00012877  0.0326242 ]
 [ 0.          0.03237963 -0.01092891]
 [ 0.02789015 -0.01614193 -0.01082375]
 [-0.02789015 -0.01614193 -0.01082375]]
2026-08-22:16:13:54,792 INFO     [psi4.driver.task_planner:259] PLANNING Atomic:  keywords={'D_CONVERGENCE': 1e-09, 'E_CONVERGENCE': 1e-09, 'SCF__INTS_TOLERANCE': 1e-12, 'MAXITER': 200, 'REFERENCE': 'RKS', 'SCF_TYPE': 'DF', 'function_kwargs': {}}
2026-08-22:16:13:54,794 INFO     [psi4.driver.driver:796] Compute properties(): method=wb97x-d, basis=jun-cc-pvdz, molecule=default, nre=11.355004315917759
2026-08-22:16:13:56,79 INFO     [psi4.driver.driver:799] Return properties(): -56.541660441788295
2026-08-22:16:13:56,127 INFO     [psi4.driver.task_planner:259] PLANNING Atomic:  keywords={'D_CONVERGENCE': 1e-09, 'E_CONVERGENCE': 1e-09, 'SCF__INTS_TOLERANCE': 1e-12, 'MAXITER': 200, 'REFERENCE': 'RKS', 'SCF_TYPE': 'DF', 'function_kwargs': {}}
2026-08-22:16:13:56,129 INFO     [psi4.driver.driver:644] Compute gradient(): method=wb97x-d, basis=jun-cc-pvdz, molecule=default, nre=11.090934448105717
2026-08-22:16:13:56,956 INFO     [psi4.driver.driver:647] Return gradient(): -56.535671492522454
2026-08-22:16:13:56,957 INFO     [psi4.driver.driver:648] [[ 0.         -0.00010481  0.04605836]
 [-0.          0.04656095 -0.01539817]
 [ 0.04019298 -0.0232447  -0.01530047]
 [-0.04019298 -0.0232447  -0.01530047]]
2026-08-22:16:13:57,362 INFO     [psi4.driver.task_planner:259] PLANNING Atomic:  keywords={'D_CONVERGENCE': 1e-09, 'E_CONVERGENCE': 1e-09, 'SCF__INTS_TOLERANCE': 1e-12, 'MAXITER': 200, 'REFERENCE': 'RKS', 'SCF_TYPE': 'DF', 'function_kwargs': {}}
2026-08-22:16:13:57,363 INFO     [psi4.driver.driver:796] Compute properties(): method=wb97x-d, basis=jun-cc-pvdz, molecule=default, nre=11.090934448105717
2026-08-22:16:13:58,646 INFO     [psi4.driver.driver:799] Return properties(): -56.53567149252247
2026-08-22:16:13:58,703 INFO     [psi4.driver.task_planner:259] PLANNING Atomic:  keywords={'D_CONVERGENCE': 1e-09, 'E_CONVERGENCE': 1e-09, 'SCF__INTS_TOLERANCE': 1e-12, 'MAXITER': 200, 'REFERENCE': 'RKS', 'SCF_TYPE': 'DF', 'function_kwargs': {}}
2026-08-22:16:13:58,705 INFO     [psi4.driver.driver:644] Compute gradient(): method=wb97x-d, basis=jun-cc-pvdz, molecule=default, nre=10.838867756103316
2026-08-22:16:13:59,548 INFO     [psi4.driver.driver:647] Return gradient(): -56.52772570231017
2026-08-22:16:13:59,548 INFO     [psi4.driver.driver:648] [[ 0.         -0.0000828   0.05698689]
 [ 0.          0.05848525 -0.01903217]
 [ 0.05053917 -0.02921728 -0.01894138]
 [-0.05053917 -0.02921728 -0.01894138]]
2026-08-22:16:13:59,919 INFO     [psi4.driver.task_planner:259] PLANNING Atomic:  keywords={'D_CONVERGENCE': 1e-09, 'E_CONVERGENCE': 1e-09, 'SCF__INTS_TOLERANCE': 1e-12, 'MAXITER': 200, 'REFERENCE': 'RKS', 'SCF_TYPE': 'DF', 'function_kwargs': {}}
2026-08-22:16:13:59,922 INFO     [psi4.driver.driver:796] Compute properties(): method=wb97x-d, basis=jun-cc-pvdz, molecule=default, nre=10.838867756103316
2026-08-22:16:14:01,216 INFO     [psi4.driver.driver:799] Return properties(): -56.527725702310164
2026-08-22:16:14:01,265 INFO     [psi4.driver.task_planner:259] PLANNING Atomic:  keywords={'D_CONVERGENCE': 1e-09, 'E_CONVERGENCE': 1e-09, 'SCF__INTS_TOLERANCE': 1e-12, 'MAXITER': 200, 'REFERENCE': 'RKS', 'SCF_TYPE': 'DF', 'function_kwargs': {}}
2026-08-22:16:14:01,266 INFO     [psi4.driver.driver:644] Compute gradient(): method=wb97x-d, basis=jun-cc-pvdz, molecule=default, nre=11.896097869361276
2026-08-22:16:14:02,97 INFO     [psi4.driver.driver:647] Return gradient(): -56.54570057290226
2026-08-22:16:14:02,98 INFO     [psi4.driver.driver:648] [[ 0.01482713  0.01901248 -0.00277326]
 [-0.00076736 -0.01705116  0.00645037]
 [-0.00243726  0.00242244  0.00166579]
 [-0.01158609 -0.00445267 -0.00532286]]
2026-08-22:16:14:02,485 INFO     [psi4.driver.task_planner:259] PLANNING Atomic:  keywords={'D_CONVERGENCE': 1e-09, 'E_CONVERGENCE': 1e-09, 'SCF__INTS_TOLERANCE': 1e-12, 'MAXITER': 200, 'REFERENCE': 'RKS', 'SCF_TYPE': 'DF', 'function_kwargs': {}}
2026-08-22:16:14:02,487 INFO     [psi4.driver.driver:796] Compute properties(): method=wb97x-d, basis=jun-cc-pvdz, molecule=default, nre=11.896097869361276
2026-08-22:16:14:03,819 INFO     [psi4.driver.driver:799] Return properties(): -56.5457005729023
2026-08-22:16:14:03,872 INFO     [psi4.driver.task_planner:259] PLANNING Atomic:  keywords={'D_CONVERGENCE': 1e-09, 'E_CONVERGENCE': 1e-09, 'SCF__INTS_TOLERANCE': 1e-12, 'MAXITER': 200, 'REFERENCE': 'RKS', 'SCF_TYPE': 'DF', 'function_kwargs': {}}
2026-08-22:16:14:03,874 INFO     [psi4.driver.driver:644] Compute gradient(): method=wb97x-d, basis=jun-cc-pvdz, molecule=default, nre=11.740497107914205
2026-08-22:16:14:04,710 INFO     [psi4.driver.driver:647] Return gradient(): -56.545690908932265
2026-08-22:16:14:04,710 INFO     [psi4.driver.driver:648] [[-0.00510878  0.01685986  0.00602896]
 [-0.0011164  -0.00046963  0.00227141]
 [ 0.01451071 -0.01143247 -0.00585277]
 [-0.00807511 -0.00499301 -0.00253546]]
2026-08-22:16:14:05,144 INFO     [psi4.driver.task_planner:259] PLANNING Atomic:  keywords={'D_CONVERGENCE': 1e-09, 'E_CONVERGENCE': 1e-09, 'SCF__INTS_TOLERANCE': 1e-12, 'MAXITER': 200, 'REFERENCE': 'RKS', 'SCF_TYPE': 'DF', 'function_kwargs': {}}
2026-08-22:16:14:05,146 INFO     [psi4.driver.driver:796] Compute properties(): method=wb97x-d, basis=jun-cc-pvdz, molecule=default, nre=11.740497107914205
2026-08-22:16:14:06,450 INFO     [psi4.driver.driver:799] Return properties(): -56.54569090893219
2026-08-22:16:14:06,497 INFO     [psi4.driver.task_planner:259] PLANNING Atomic:  keywords={'D_CONVERGENCE': 1e-09, 'E_CONVERGENCE': 1e-09, 'SCF__INTS_TOLERANCE': 1e-12, 'MAXITER': 200, 'REFERENCE': 'RKS', 'SCF_TYPE': 'DF', 'function_kwargs': {}}
2026-08-22:16:14:06,499 INFO     [psi4.driver.driver:644] Compute gradient(): method=wb97x-d, basis=jun-cc-pvdz, molecule=default, nre=11.782726776493673
2026-08-22:16:14:07,279 INFO     [psi4.driver.driver:647] Return gradient(): -56.54203409591311
2026-08-22:16:14:07,280 INFO     [psi4.driver.driver:648] [[-0.06095386  0.00187113  0.00265954]
 [ 0.00218024 -0.00692122  0.00073718]
 [ 0.04101931 -0.01211521 -0.01528153]
 [ 0.01784848  0.01724293  0.01190168]]
2026-08-22:16:14:07,675 INFO     [psi4.driver.task_planner:259] PLANNING Atomic:  keywords={'D_CONVERGENCE': 1e-09, 'E_CONVERGENCE': 1e-09, 'SCF__INTS_TOLERANCE': 1e-12, 'MAXITER': 200, 'REFERENCE': 'RKS', 'SCF_TYPE': 'DF', 'function_kwargs': {}}
2026-08-22:16:14:07,677 INFO     [psi4.driver.driver:796] Compute properties(): method=wb97x-d, basis=jun-cc-pvdz, molecule=default, nre=11.782726776493673
2026-08-22:16:14:09,44 INFO     [psi4.driver.driver:799] Return properties(): -56.54203409591307
2026-08-22:16:14:09,91 INFO     [psi4.driver.task_planner:259] PLANNING Atomic:  keywords={'D_CONVERGENCE': 1e-09, 'E_CONVERGENCE': 1e-09, 'SCF__INTS_TOLERANCE': 1e-12, 'MAXITER': 200, 'REFERENCE': 'RKS', 'SCF_TYPE': 'DF', 'function_kwargs': {}}
2026-08-22:16:14:09,93 INFO     [psi4.driver.driver:644] Compute gradient(): method=wb97x-d, basis=jun-cc-pvdz, molecule=default, nre=11.783159564499403
2026-08-22:16:14:09,874 INFO     [psi4.driver.driver:647] Return gradient(): -56.53189937589253
2026-08-22:16:14:09,874 INFO     [psi4.driver.driver:648] [[-0.10904124  0.03372846 -0.0118328 ]
 [ 0.01155394 -0.01455994  0.01380297]
 [ 0.04838983 -0.03541052 -0.02602254]
 [ 0.04921594  0.01641008  0.02395245]]
2026-08-22:16:14:10,260 INFO     [psi4.driver.task_planner:259] PLANNING Atomic:  keywords={'D_CONVERGENCE': 1e-09, 'E_CONVERGENCE': 1e-09, 'SCF__INTS_TOLERANCE': 1e-12, 'MAXITER': 200, 'REFERENCE': 'RKS', 'SCF_TYPE': 'DF', 'function_kwargs': {}}
2026-08-22:16:14:10,262 INFO     [psi4.driver.driver:796] Compute properties(): method=wb97x-d, basis=jun-cc-pvdz, molecule=default, nre=11.783159564499403
2026-08-22:16:14:11,587 INFO     [psi4.driver.driver:799] Return properties(): -56.53189937589253
2026-08-22:16:14:11,639 INFO     [psi4.driver.task_planner:259] PLANNING Atomic:  keywords={'D_CONVERGENCE': 1e-09, 'E_CONVERGENCE': 1e-09, 'SCF__INTS_TOLERANCE': 1e-12, 'MAXITER': 200, 'REFERENCE': 'RKS', 'SCF_TYPE': 'DF', 'function_kwargs': {}}
2026-08-22:16:14:11,641 INFO     [psi4.driver.driver:644] Compute gradient(): method=wb97x-d, basis=jun-cc-pvdz, molecule=default, nre=11.794265412085455
2026-08-22:16:14:12,482 INFO     [psi4.driver.driver:647] Return gradient(): -56.53140691624703
2026-08-22:16:14:12,482 INFO     [psi4.driver.driver:648] [[ 0.13196717 -0.06643498 -0.00213326]
 [-0.00893655  0.03521212 -0.01133078]
 [-0.08348771  0.04974703  0.03838276]
 [-0.03955262 -0.01839951 -0.02509911]]
2026-08-22:16:14:12,893 INFO     [psi4.driver.task_planner:259] PLANNING Atomic:  keywords={'D_CONVERGENCE': 1e-09, 'E_CONVERGENCE': 1e-09, 'SCF__INTS_TOLERANCE': 1e-12, 'MAXITER': 200, 'REFERENCE': 'RKS', 'SCF_TYPE': 'DF', 'function_kwargs': {}}
2026-08-22:16:14:12,895 INFO     [psi4.driver.driver:796] Compute properties(): method=wb97x-d, basis=jun-cc-pvdz, molecule=default, nre=11.794265412085455
2026-08-22:16:14:14,211 INFO     [psi4.driver.driver:799] Return properties(): -56.531406916247036
2026-08-22:16:14:14,258 INFO     [psi4.driver.task_planner:259] PLANNING Atomic:  keywords={'D_CONVERGENCE': 1e-09, 'E_CONVERGENCE': 1e-09, 'SCF__INTS_TOLERANCE': 1e-12, 'MAXITER': 200, 'REFERENCE': 'RKS', 'SCF_TYPE': 'DF', 'function_kwargs': {}}
2026-08-22:16:14:14,260 INFO     [psi4.driver.driver:644] Compute gradient(): method=wb97x-d, basis=jun-cc-pvdz, molecule=default, nre=11.480486917840718
2026-08-22:16:14:15,56 INFO     [psi4.driver.driver:647] Return gradient(): -56.538791157573485
2026-08-22:16:14:15,57 INFO     [psi4.driver.driver:648] [[-0.01336365 -0.03046325  0.03645817]
 [-0.01222502  0.02044859 -0.01987496]
 [ 0.03517957 -0.00723259 -0.01218861]
 [-0.00967001  0.01726661 -0.00440353]]
2026-08-22:16:14:15,423 INFO     [psi4.driver.task_planner:259] PLANNING Atomic:  keywords={'D_CONVERGENCE': 1e-09, 'E_CONVERGENCE': 1e-09, 'SCF__INTS_TOLERANCE': 1e-12, 'MAXITER': 200, 'REFERENCE': 'RKS', 'SCF_TYPE': 'DF', 'function_kwargs': {}}
2026-08-22:16:14:15,426 INFO     [psi4.driver.driver:796] Compute properties(): method=wb97x-d, basis=jun-cc-pvdz, molecule=default, nre=11.480486917840718
2026-08-22:16:14:16,752 INFO     [psi4.driver.driver:799] Return properties(): -56.538791157573485
2026-08-22:16:14:16,800 INFO     [psi4.driver.task_planner:259] PLANNING Atomic:  keywords={'D_CONVERGENCE': 1e-09, 'E_CONVERGENCE': 1e-09, 'SCF__INTS_TOLERANCE': 1e-12, 'MAXITER': 200, 'REFERENCE': 'RKS', 'SCF_TYPE': 'DF', 'function_kwargs': {}}
2026-08-22:16:14:16,802 INFO     [psi4.driver.driver:644] Compute gradient(): method=wb97x-d, basis=jun-cc-pvdz, molecule=default, nre=11.970506714221981
2026-08-22:16:14:17,605 INFO     [psi4.driver.driver:647] Return gradient(): -56.54539374379184
2026-08-22:16:14:17,605 INFO     [psi4.driver.driver:648] [[ 0.00239979 -0.01563985 -0.00632519]
 [-0.00267908  0.0069877  -0.00226091]
 [-0.01619022  0.00293971  0.00448292]
 [ 0.01655366  0.00588436  0.0039318 ]]
2026-08-22:16:14:18,2 INFO     [psi4.driver.task_planner:259] PLANNING Atomic:  keywords={'D_CONVERGENCE': 1e-09, 'E_CONVERGENCE': 1e-09, 'SCF__INTS_TOLERANCE': 1e-12, 'MAXITER': 200, 'REFERENCE': 'RKS', 'SCF_TYPE': 'DF', 'function_kwargs': {}}
2026-08-22:16:14:18,5 INFO     [psi4.driver.driver:796] Compute properties(): method=wb97x-d, basis=jun-cc-pvdz, molecule=default, nre=11.970506714221981
2026-08-22:16:14:19,328 INFO     [psi4.driver.driver:799] Return properties(): -56.54539374379188
2026-08-22:16:14:19,381 INFO     [psi4.driver.task_planner:259] PLANNING Atomic:  keywords={'D_CONVERGENCE': 1e-09, 'E_CONVERGENCE': 1e-09, 'SCF__INTS_TOLERANCE': 1e-12, 'MAXITER': 200, 'REFERENCE': 'RKS', 'SCF_TYPE': 'DF', 'function_kwargs': {}}
2026-08-22:16:14:19,383 INFO     [psi4.driver.driver:644] Compute gradient(): method=wb97x-d, basis=jun-cc-pvdz, molecule=default, nre=11.930691952893946
2026-08-22:16:14:20,217 INFO     [psi4.driver.driver:647] Return gradient(): -56.54391564708205
2026-08-22:16:14:20,217 INFO     [psi4.driver.driver:648] [[ 0.01636708 -0.02956489 -0.00523525]
 [-0.00550156  0.02206749 -0.00616571]
 [-0.02732628  0.00435573  0.00954645]
 [ 0.01641678  0.00319346  0.00170975]]
2026-08-22:16:14:20,610 INFO     [psi4.driver.task_planner:259] PLANNING Atomic:  keywords={'D_CONVERGENCE': 1e-09, 'E_CONVERGENCE': 1e-09, 'SCF__INTS_TOLERANCE': 1e-12, 'MAXITER': 200, 'REFERENCE': 'RKS', 'SCF_TYPE': 'DF', 'function_kwargs': {}}
2026-08-22:16:14:20,612 INFO     [psi4.driver.driver:796] Compute properties(): method=wb97x-d, basis=jun-cc-pvdz, molecule=default, nre=11.930691952893946
2026-08-22:16:14:21,931 INFO     [psi4.driver.driver:799] Return properties(): -56.543915647082116
2026-08-22:16:14:21,978 INFO     [psi4.driver.task_planner:259] PLANNING Atomic:  keywords={'D_CONVERGENCE': 1e-09, 'E_CONVERGENCE': 1e-09, 'SCF__INTS_TOLERANCE': 1e-12, 'MAXITER': 200, 'REFERENCE': 'RKS', 'SCF_TYPE': 'DF', 'function_kwargs': {}}
2026-08-22:16:14:21,980 INFO     [psi4.driver.driver:644] Compute gradient(): method=wb97x-d, basis=jun-cc-pvdz, molecule=default, nre=11.344812041952556
2026-08-22:16:14:22,800 INFO     [psi4.driver.driver:647] Return gradient(): -56.540653068272064
2026-08-22:16:14:22,800 INFO     [psi4.driver.driver:648] [[-0.00728366  0.0022439   0.04100093]
 [ 0.00741244  0.03624076 -0.01212657]
 [ 0.01973353 -0.01532845 -0.01455618]
 [-0.01993629 -0.02320979 -0.01430019]]
2026-08-22:16:14:23,187 INFO     [psi4.driver.task_planner:259] PLANNING Atomic:  keywords={'D_CONVERGENCE': 1e-09, 'E_CONVERGENCE': 1e-09, 'SCF__INTS_TOLERANCE': 1e-12, 'MAXITER': 200, 'REFERENCE': 'RKS', 'SCF_TYPE': 'DF', 'function_kwargs': {}}
2026-08-22:16:14:23,189 INFO     [psi4.driver.driver:796] Compute properties(): method=wb97x-d, basis=jun-cc-pvdz, molecule=default, nre=11.344812041952556
2026-08-22:16:14:24,507 INFO     [psi4.driver.driver:799] Return properties(): -56.54065306827203
2026-08-22:16:14:24,556 INFO     [psi4.driver.task_planner:259] PLANNING Atomic:  keywords={'D_CONVERGENCE': 1e-09, 'E_CONVERGENCE': 1e-09, 'SCF__INTS_TOLERANCE': 1e-12, 'MAXITER': 200, 'REFERENCE': 'RKS', 'SCF_TYPE': 'DF', 'function_kwargs': {}}
2026-08-22:16:14:24,558 INFO     [psi4.driver.driver:644] Compute gradient(): method=wb97x-d, basis=jun-cc-pvdz, molecule=default, nre=11.413194431571231
2026-08-22:16:14:25,400 INFO     [psi4.driver.driver:647] Return gradient(): -56.530703866421156
2026-08-22:16:14:25,400 INFO     [psi4.driver.driver:648] [[ 0.08819455 -0.03250539  0.02636674]
 [ 0.00615064  0.04519126 -0.01846803]
 [-0.04640213  0.02480121  0.02205913]
 [-0.04794529 -0.03743704 -0.02982196]]
2026-08-22:16:14:25,782 INFO     [psi4.driver.task_planner:259] PLANNING Atomic:  keywords={'D_CONVERGENCE': 1e-09, 'E_CONVERGENCE': 1e-09, 'SCF__INTS_TOLERANCE': 1e-12, 'MAXITER': 200, 'REFERENCE': 'RKS', 'SCF_TYPE': 'DF', 'function_kwargs': {}}
2026-08-22:16:14:25,784 INFO     [psi4.driver.driver:796] Compute properties(): method=wb97x-d, basis=jun-cc-pvdz, molecule=default, nre=11.413194431571231
2026-08-22:16:14:27,154 INFO     [psi4.driver.driver:799] Return properties(): -56.5307038664212
2026-08-22:16:14:27,206 INFO     [psi4.driver.task_planner:259] PLANNING Atomic:  keywords={'D_CONVERGENCE': 1e-09, 'E_CONVERGENCE': 1e-09, 'SCF__INTS_TOLERANCE': 1e-12, 'MAXITER': 200, 'REFERENCE': 'RKS', 'SCF_TYPE': 'DF', 'function_kwargs': {}}
2026-08-22:16:14:27,208 INFO     [psi4.driver.driver:644] Compute gradient(): method=wb97x-d, basis=jun-cc-pvdz, molecule=default, nre=12.633713846359184
2026-08-22:16:14:28,30 INFO     [psi4.driver.driver:647] Return gradient(): -56.52432307407943
2026-08-22:16:14:28,30 INFO     [psi4.driver.driver:648] [[ 0.07355648  0.11011325 -0.063736  ]
 [-0.00394787 -0.12674169  0.04325782]
 [-0.07456722  0.03722866  0.02434253]
 [ 0.00504584 -0.02066383 -0.00402868]]
2026-08-22:16:14:28,431 INFO     [psi4.driver.task_planner:259] PLANNING Atomic:  keywords={'D_CONVERGENCE': 1e-09, 'E_CONVERGENCE': 1e-09, 'SCF__INTS_TOLERANCE': 1e-12, 'MAXITER': 200, 'REFERENCE': 'RKS', 'SCF_TYPE': 'DF', 'function_kwargs': {}}
2026-08-22:16:14:28,433 INFO     [psi4.driver.driver:796] Compute properties(): method=wb97x-d, basis=jun-cc-pvdz, molecule=default, nre=12.633713846359184
2026-08-22:16:14:29,780 INFO     [psi4.driver.driver:799] Return properties(): -56.52432307407942
2026-08-22:16:14:29,828 INFO     [psi4.driver.task_planner:259] PLANNING Atomic:  keywords={'D_CONVERGENCE': 1e-09, 'E_CONVERGENCE': 1e-09, 'SCF__INTS_TOLERANCE': 1e-12, 'MAXITER': 200, 'REFERENCE': 'RKS', 'SCF_TYPE': 'DF', 'function_kwargs': {}}
2026-08-22:16:14:29,830 INFO     [psi4.driver.driver:644] Compute gradient(): method=wb97x-d, basis=jun-cc-pvdz, molecule=default, nre=12.013691414256265
2026-08-22:16:14:30,706 INFO     [psi4.driver.driver:647] Return gradient(): -56.51349413032536
2026-08-22:16:14:30,706 INFO     [psi4.driver.driver:648] [[ 0.11319637  0.11302527 -0.0559494 ]
 [ 0.00509311 -0.10614933  0.05158287]
 [-0.04886279  0.02130298  0.03289287]
 [-0.069442   -0.02830219 -0.02840624]]
2026-08-22:16:14:31,113 INFO     [psi4.driver.task_planner:259] PLANNING Atomic:  keywords={'D_CONVERGENCE': 1e-09, 'E_CONVERGENCE': 1e-09, 'SCF__INTS_TOLERANCE': 1e-12, 'MAXITER': 200, 'REFERENCE': 'RKS', 'SCF_TYPE': 'DF', 'function_kwargs': {}}
2026-08-22:16:14:31,115 INFO     [psi4.driver.driver:796] Compute properties(): method=wb97x-d, basis=jun-cc-pvdz, molecule=default, nre=12.013691414256265
2026-08-22:16:14:32,501 INFO     [psi4.driver.driver:799] Return properties(): -56.51349413032537
2026-08-22:16:14:32,556 INFO     [psi4.driver.task_planner:259] PLANNING Atomic:  keywords={'D_CONVERGENCE': 1e-09, 'E_CONVERGENCE': 1e-09, 'SCF__INTS_TOLERANCE': 1e-12, 'MAXITER': 200, 'REFERENCE': 'RKS', 'SCF_TYPE': 'DF', 'function_kwargs': {}}
2026-08-22:16:14:32,559 INFO     [psi4.driver.driver:644] Compute gradient(): method=wb97x-d, basis=jun-cc-pvdz, molecule=default, nre=11.988298381352571
2026-08-22:16:14:33,364 INFO     [psi4.driver.driver:647] Return gradient(): -56.543891893834946
2026-08-22:16:14:33,364 INFO     [psi4.driver.driver:648] [[ 0.04074406 -0.034161   -0.00886469]
 [-0.00256266  0.01275956 -0.00684281]
 [-0.03948559  0.02082077  0.0179076 ]
 [ 0.00124193  0.00062456 -0.00222006]]
2026-08-22:16:14:33,750 INFO     [psi4.driver.task_planner:259] PLANNING Atomic:  keywords={'D_CONVERGENCE': 1e-09, 'E_CONVERGENCE': 1e-09, 'SCF__INTS_TOLERANCE': 1e-12, 'MAXITER': 200, 'REFERENCE': 'RKS', 'SCF_TYPE': 'DF', 'function_kwargs': {}}
2026-08-22:16:14:33,752 INFO     [psi4.driver.driver:796] Compute properties(): method=wb97x-d, basis=jun-cc-pvdz, molecule=default, nre=11.988298381352571
2026-08-22:16:14:35,55 INFO     [psi4.driver.driver:799] Return properties(): -56.54389189383494
2026-08-22:16:14:35,113 INFO     [psi4.driver.task_planner:259] PLANNING Atomic:  keywords={'D_CONVERGENCE': 1e-09, 'E_CONVERGENCE': 1e-09, 'SCF__INTS_TOLERANCE': 1e-12, 'MAXITER': 200, 'REFERENCE': 'RKS', 'SCF_TYPE': 'DF', 'function_kwargs': {}}
2026-08-22:16:14:35,115 INFO     [psi4.driver.driver:644] Compute gradient(): method=wb97x-d, basis=jun-cc-pvdz, molecule=default, nre=12.108598869742194
2026-08-22:16:14:35,927 INFO     [psi4.driver.driver:647] Return gradient(): -56.54414225477904
2026-08-22:16:14:35,928 INFO     [psi4.driver.driver:648] [[ 0.03094649  0.00019334 -0.02459955]
 [-0.00323422 -0.0145307   0.00889101]
 [-0.02867075  0.01402555  0.01471546]
 [ 0.00101684  0.00033831  0.00098667]]
2026-08-22:16:14:36,320 INFO     [psi4.driver.task_planner:259] PLANNING Atomic:  keywords={'D_CONVERGENCE': 1e-09, 'E_CONVERGENCE': 1e-09, 'SCF__INTS_TOLERANCE': 1e-12, 'MAXITER': 200, 'REFERENCE': 'RKS', 'SCF_TYPE': 'DF', 'function_kwargs': {}}
2026-08-22:16:14:36,323 INFO     [psi4.driver.driver:796] Compute properties(): method=wb97x-d, basis=jun-cc-pvdz, molecule=default, nre=12.108598869742194
2026-08-22:16:14:37,678 INFO     [psi4.driver.driver:799] Return properties(): -56.544142254779096
2026-08-22:16:14:37,734 INFO     [psi4.driver.task_planner:259] PLANNING Atomic:  keywords={'D_CONVERGENCE': 1e-09, 'E_CONVERGENCE': 1e-09, 'SCF__INTS_TOLERANCE': 1e-12, 'MAXITER': 200, 'REFERENCE': 'RKS', 'SCF_TYPE': 'DF', 'function_kwargs': {}}
2026-08-22:16:14:37,736 INFO     [psi4.driver.driver:644] Compute gradient(): method=wb97x-d, basis=jun-cc-pvdz, molecule=default, nre=11.799640692038537
2026-08-22:16:14:38,564 INFO     [psi4.driver.driver:647] Return gradient(): -56.53762707793561
2026-08-22:16:14:38,565 INFO     [psi4.driver.driver:648] [[ 0.05218589 -0.08291115 -0.01121082]
 [-0.00660739  0.0558897  -0.01873762]
 [-0.04768965  0.02381962  0.02810692]
 [ 0.00209058  0.00319369  0.00176957]]
2026-08-22:16:14:38,955 INFO     [psi4.driver.task_planner:259] PLANNING Atomic:  keywords={'D_CONVERGENCE': 1e-09, 'E_CONVERGENCE': 1e-09, 'SCF__INTS_TOLERANCE': 1e-12, 'MAXITER': 200, 'REFERENCE': 'RKS', 'SCF_TYPE': 'DF', 'function_kwargs': {}}
2026-08-22:16:14:38,957 INFO     [psi4.driver.driver:796] Compute properties(): method=wb97x-d, basis=jun-cc-pvdz, molecule=default, nre=11.799640692038537
2026-08-22:16:14:40,263 INFO     [psi4.driver.driver:799] Return properties(): -56.53762707793562
2026-08-22:16:14:40,314 INFO     [psi4.driver.task_planner:259] PLANNING Atomic:  keywords={'D_CONVERGENCE': 1e-09, 'E_CONVERGENCE': 1e-09, 'SCF__INTS_TOLERANCE': 1e-12, 'MAXITER': 200, 'REFERENCE': 'RKS', 'SCF_TYPE': 'DF', 'function_kwargs': {}}
2026-08-22:16:14:40,316 INFO     [psi4.driver.driver:644] Compute gradient(): method=wb97x-d, basis=jun-cc-pvdz, molecule=default, nre=12.20247063849407
2026-08-22:16:14:41,128 INFO     [psi4.driver.driver:647] Return gradient(): -56.53726660603491
2026-08-22:16:14:41,128 INFO     [psi4.driver.driver:648] [[ 0.05960749  0.01742406 -0.0246003 ]
 [ 0.00583546 -0.03326688  0.0135588 ]
 [-0.06404624  0.03455433  0.02383479]
 [-0.00147777 -0.01877256 -0.01282718]]
2026-08-22:16:14:41,517 INFO     [psi4.driver.task_planner:259] PLANNING Atomic:  keywords={'D_CONVERGENCE': 1e-09, 'E_CONVERGENCE': 1e-09, 'SCF__INTS_TOLERANCE': 1e-12, 'MAXITER': 200, 'REFERENCE': 'RKS', 'SCF_TYPE': 'DF', 'function_kwargs': {}}
2026-08-22:16:14:41,519 INFO     [psi4.driver.driver:796] Compute properties(): method=wb97x-d, basis=jun-cc-pvdz, molecule=default, nre=12.20247063849407
2026-08-22:16:14:42,841 INFO     [psi4.driver.driver:799] Return properties(): -56.53726660603488
2026-08-22:16:14:42,895 INFO     [psi4.driver.task_planner:259] PLANNING Atomic:  keywords={'D_CONVERGENCE': 1e-09, 'E_CONVERGENCE': 1e-09, 'SCF__INTS_TOLERANCE': 1e-12, 'MAXITER': 200, 'REFERENCE': 'RKS', 'SCF_TYPE': 'DF', 'function_kwargs': {}}
2026-08-22:16:14:42,897 INFO     [psi4.driver.driver:644] Compute gradient(): method=wb97x-d, basis=jun-cc-pvdz, molecule=default, nre=11.372443826826979
2026-08-22:16:14:43,753 INFO     [psi4.driver.driver:647] Return gradient(): -56.528485864988845
2026-08-22:16:14:43,753 INFO     [psi4.driver.driver:648] [[-0.03542412  0.08445345  0.01801502]
 [-0.01413342 -0.02409997  0.01531398]
 [ 0.06070654 -0.056424   -0.02318269]
 [-0.01114154 -0.00391274 -0.01009804]]
2026-08-22:16:14:44,137 INFO     [psi4.driver.task_planner:259] PLANNING Atomic:  keywords={'D_CONVERGENCE': 1e-09, 'E_CONVERGENCE': 1e-09, 'SCF__INTS_TOLERANCE': 1e-12, 'MAXITER': 200, 'REFERENCE': 'RKS', 'SCF_TYPE': 'DF', 'function_kwargs': {}}
2026-08-22:16:14:44,139 INFO     [psi4.driver.driver:796] Compute properties(): method=wb97x-d, basis=jun-cc-pvdz, molecule=default, nre=11.372443826826979
2026-08-22:16:14:45,608 INFO     [psi4.driver.driver:799] Return properties(): -56.52848586498882
2026-08-22:16:14:45,661 INFO     [psi4.driver.task_planner:259] PLANNING Atomic:  keywords={'D_CONVERGENCE': 1e-09, 'E_CONVERGENCE': 1e-09, 'SCF__INTS_TOLERANCE': 1e-12, 'MAXITER': 200, 'REFERENCE': 'RKS', 'SCF_TYPE': 'DF', 'function_kwargs': {}}
2026-08-22:16:14:45,664 INFO     [psi4.driver.driver:644] Compute gradient(): method=wb97x-d, basis=jun-cc-pvdz, molecule=default, nre=10.953192421340406
2026-08-22:16:14:46,505 INFO     [psi4.driver.driver:647] Return gradient(): -56.52111946964001
2026-08-22:16:14:46,506 INFO     [psi4.driver.driver:648] [[-0.07372436  0.01820638  0.06265521]
 [ 0.01348621  0.03296837 -0.0144001 ]
 [ 0.06716657 -0.03848238 -0.04686708]
 [-0.0069845  -0.01260592 -0.00167266]]
2026-08-22:16:14:46,868 INFO     [psi4.driver.task_planner:259] PLANNING Atomic:  keywords={'D_CONVERGENCE': 1e-09, 'E_CONVERGENCE': 1e-09, 'SCF__INTS_TOLERANCE': 1e-12, 'MAXITER': 200, 'REFERENCE': 'RKS', 'SCF_TYPE': 'DF', 'function_kwargs': {}}
2026-08-22:16:14:46,871 INFO     [psi4.driver.driver:796] Compute properties(): method=wb97x-d, basis=jun-cc-pvdz, molecule=default, nre=10.953192421340406
2026-08-22:16:14:48,261 INFO     [psi4.driver.driver:799] Return properties(): -56.52111946963997
2026-08-22:16:14:48,312 INFO     [psi4.driver.task_planner:259] PLANNING Atomic:  keywords={'D_CONVERGENCE': 1e-09, 'E_CONVERGENCE': 1e-09, 'SCF__INTS_TOLERANCE': 1e-12, 'MAXITER': 200, 'REFERENCE': 'RKS', 'SCF_TYPE': 'DF', 'function_kwargs': {}}
2026-08-22:16:14:48,313 INFO     [psi4.driver.driver:644] Compute gradient(): method=wb97x-d, basis=jun-cc-pvdz, molecule=default, nre=12.084463308869998
2026-08-22:16:14:49,100 INFO     [psi4.driver.driver:647] Return gradient(): -56.54114301270098
2026-08-22:16:14:49,101 INFO     [psi4.driver.driver:648] [[-0.07043435 -0.04201438 -0.02070588]
 [-0.00010843  0.00657455 -0.00507804]
 [ 0.00846271 -0.00211843 -0.00409143]
 [ 0.06197589  0.03758973  0.02979758]]
2026-08-22:16:14:49,499 INFO     [psi4.driver.task_planner:259] PLANNING Atomic:  keywords={'D_CONVERGENCE': 1e-09, 'E_CONVERGENCE': 1e-09, 'SCF__INTS_TOLERANCE': 1e-12, 'MAXITER': 200, 'REFERENCE': 'RKS', 'SCF_TYPE': 'DF', 'function_kwargs': {}}
2026-08-22:16:14:49,502 INFO     [psi4.driver.driver:796] Compute properties(): method=wb97x-d, basis=jun-cc-pvdz, molecule=default, nre=12.084463308869998
2026-08-22:16:14:50,844 INFO     [psi4.driver.driver:799] Return properties(): -56.54114301270093
2026-08-22:16:14:50,899 INFO     [psi4.driver.task_planner:259] PLANNING Atomic:  keywords={'D_CONVERGENCE': 1e-09, 'E_CONVERGENCE': 1e-09, 'SCF__INTS_TOLERANCE': 1e-12, 'MAXITER': 200, 'REFERENCE': 'RKS', 'SCF_TYPE': 'DF', 'function_kwargs': {}}
2026-08-22:16:14:50,901 INFO     [psi4.driver.driver:644] Compute gradient(): method=wb97x-d, basis=jun-cc-pvdz, molecule=default, nre=11.98505568262523
2026-08-22:16:14:51,727 INFO     [psi4.driver.driver:647] Return gradient(): -56.54431819682831
2026-08-22:16:14:51,727 INFO     [psi4.driver.driver:648] [[ 0.00014245  0.02927259 -0.0135671 ]
 [ 0.00750872 -0.03006863  0.01096822]
 [ 0.0004957   0.00767089  0.00107776]
 [-0.00818964 -0.00685727  0.00139087]]
2026-08-22:16:14:52,118 INFO     [psi4.driver.task_planner:259] PLANNING Atomic:  keywords={'D_CONVERGENCE': 1e-09, 'E_CONVERGENCE': 1e-09, 'SCF__INTS_TOLERANCE': 1e-12, 'MAXITER': 200, 'REFERENCE': 'RKS', 'SCF_TYPE': 'DF', 'function_kwargs': {}}
2026-08-22:16:14:52,120 INFO     [psi4.driver.driver:796] Compute properties(): method=wb97x-d, basis=jun-cc-pvdz, molecule=default, nre=11.98505568262523
2026-08-22:16:14:53,454 INFO     [psi4.driver.driver:799] Return properties(): -56.544318196828314
2026-08-22:16:14:53,505 INFO     [psi4.driver.task_planner:259] PLANNING Atomic:  keywords={'D_CONVERGENCE': 1e-09, 'E_CONVERGENCE': 1e-09, 'SCF__INTS_TOLERANCE': 1e-12, 'MAXITER': 200, 'REFERENCE': 'RKS', 'SCF_TYPE': 'DF', 'function_kwargs': {}}
2026-08-22:16:14:53,508 INFO     [psi4.driver.driver:644] Compute gradient(): method=wb97x-d, basis=jun-cc-pvdz, molecule=default, nre=11.55881044577168
2026-08-22:16:14:54,343 INFO     [psi4.driver.driver:647] Return gradient(): -56.53862184550002
2026-08-22:16:14:54,343 INFO     [psi4.driver.driver:648] [[-0.02969157  0.0699374   0.02582412]
 [ 0.00125741 -0.02695479  0.01230403]
 [ 0.03958928 -0.02983024 -0.02843188]
 [-0.01110117 -0.01310887 -0.00987631]]
2026-08-22:16:14:54,717 INFO     [psi4.driver.task_planner:259] PLANNING Atomic:  keywords={'D_CONVERGENCE': 1e-09, 'E_CONVERGENCE': 1e-09, 'SCF__INTS_TOLERANCE': 1e-12, 'MAXITER': 200, 'REFERENCE': 'RKS', 'SCF_TYPE': 'DF', 'function_kwargs': {}}
2026-08-22:16:14:54,719 INFO     [psi4.driver.driver:796] Compute properties(): method=wb97x-d, basis=jun-cc-pvdz, molecule=default, nre=11.55881044577168
2026-08-22:16:14:56,17 INFO     [psi4.driver.driver:799] Return properties(): -56.53862184550003
2026-08-22:16:14:56,68 INFO     [psi4.driver.task_planner:259] PLANNING Atomic:  keywords={'D_CONVERGENCE': 1e-09, 'E_CONVERGENCE': 1e-09, 'SCF__INTS_TOLERANCE': 1e-12, 'MAXITER': 200, 'REFERENCE': 'RKS', 'SCF_TYPE': 'DF', 'function_kwargs': {}}
2026-08-22:16:14:56,70 INFO     [psi4.driver.driver:644] Compute gradient(): method=wb97x-d, basis=jun-cc-pvdz, molecule=default, nre=25.02019908605201
2026-08-22:16:14:56,730 INFO     [psi4.driver.driver:647] Return gradient(): -113.24693357240498
2026-08-22:16:14:56,732 INFO     [psi4.driver.driver:648] [[ 0.42998994  0.         -0.        ]
 [-0.43050994 -0.         -0.        ]]
2026-08-22:16:14:56,868 INFO     [psi4.driver.task_planner:259] PLANNING Atomic:  keywords={'D_CONVERGENCE': 1e-09, 'E_CONVERGENCE': 1e-09, 'SCF__INTS_TOLERANCE': 1e-12, 'MAXITER': 200, 'REFERENCE': 'RKS', 'SCF_TYPE': 'DF', 'function_kwargs': {}}
2026-08-22:16:14:56,871 INFO     [psi4.driver.driver:796] Compute properties(): method=wb97x-d, basis=jun-cc-pvdz, molecule=default, nre=25.02019908605201
2026-08-22:16:14:57,747 INFO     [psi4.driver.driver:799] Return properties(): -113.2469335724049
2026-08-22:16:14:57,798 INFO     [psi4.driver.task_planner:259] PLANNING Atomic:  keywords={'D_CONVERGENCE': 1e-09, 'E_CONVERGENCE': 1e-09, 'SCF__INTS_TOLERANCE': 1e-12, 'MAXITER': 200, 'REFERENCE': 'RKS', 'SCF_TYPE': 'DF', 'function_kwargs': {}}
2026-08-22:16:14:57,800 INFO     [psi4.driver.driver:644] Compute gradient(): method=wb97x-d, basis=jun-cc-pvdz, molecule=default, nre=24.34397748913168
2026-08-22:16:14:58,467 INFO     [psi4.driver.driver:647] Return gradient(): -113.2661427414414
2026-08-22:16:14:58,468 INFO     [psi4.driver.driver:648] [[ 0.29360041 -0.         -0.        ]
 [-0.29475122  0.          0.        ]]
2026-08-22:16:14:58,619 INFO     [psi4.driver.task_planner:259] PLANNING Atomic:  keywords={'D_CONVERGENCE': 1e-09, 'E_CONVERGENCE': 1e-09, 'SCF__INTS_TOLERANCE': 1e-12, 'MAXITER': 200, 'REFERENCE': 'RKS', 'SCF_TYPE': 'DF', 'function_kwargs': {}}
2026-08-22:16:14:58,622 INFO     [psi4.driver.driver:796] Compute properties(): method=wb97x-d, basis=jun-cc-pvdz, molecule=default, nre=24.34397748913168
2026-08-22:16:14:59,454 INFO     [psi4.driver.driver:799] Return properties(): -113.26614274144147
2026-08-22:16:14:59,517 INFO     [psi4.driver.task_planner:259] PLANNING Atomic:  keywords={'D_CONVERGENCE': 1e-09, 'E_CONVERGENCE': 1e-09, 'SCF__INTS_TOLERANCE': 1e-12, 'MAXITER': 200, 'REFERENCE': 'RKS', 'SCF_TYPE': 'DF', 'function_kwargs': {}}
2026-08-22:16:14:59,519 INFO     [psi4.driver.driver:644] Compute gradient(): method=wb97x-d, basis=jun-cc-pvdz, molecule=default, nre=23.703346502575585
2026-08-22:16:15:00,172 INFO     [psi4.driver.driver:647] Return gradient(): -113.27874031120503
2026-08-22:16:15:00,172 INFO     [psi4.driver.driver:648] [[ 0.18065198 -0.         -0.        ]
 [-0.18149373 -0.         -0.        ]]
2026-08-22:16:15:00,312 INFO     [psi4.driver.task_planner:259] PLANNING Atomic:  keywords={'D_CONVERGENCE': 1e-09, 'E_CONVERGENCE': 1e-09, 'SCF__INTS_TOLERANCE': 1e-12, 'MAXITER': 200, 'REFERENCE': 'RKS', 'SCF_TYPE': 'DF', 'function_kwargs': {}}
2026-08-22:16:15:00,313 INFO     [psi4.driver.driver:796] Compute properties(): method=wb97x-d, basis=jun-cc-pvdz, molecule=default, nre=23.703346502575585
2026-08-22:16:15:01,187 INFO     [psi4.driver.driver:799] Return properties(): -113.27874031120506
2026-08-22:16:15:01,238 INFO     [psi4.driver.task_planner:259] PLANNING Atomic:  keywords={'D_CONVERGENCE': 1e-09, 'E_CONVERGENCE': 1e-09, 'SCF__INTS_TOLERANCE': 1e-12, 'MAXITER': 200, 'REFERENCE': 'RKS', 'SCF_TYPE': 'DF', 'function_kwargs': {}}
2026-08-22:16:15:01,240 INFO     [psi4.driver.driver:644] Compute gradient(): method=wb97x-d, basis=jun-cc-pvdz, molecule=default, nre=23.09556838712493
2026-08-22:16:15:01,903 INFO     [psi4.driver.driver:647] Return gradient(): -113.28582042844309
2026-08-22:16:15:01,904 INFO     [psi4.driver.driver:648] [[ 0.08738057  0.         -0.        ]
 [-0.08747591 -0.         -0.        ]]
2026-08-22:16:15:02,65 INFO     [psi4.driver.task_planner:259] PLANNING Atomic:  keywords={'D_CONVERGENCE': 1e-09, 'E_CONVERGENCE': 1e-09, 'SCF__INTS_TOLERANCE': 1e-12, 'MAXITER': 200, 'REFERENCE': 'RKS', 'SCF_TYPE': 'DF', 'function_kwargs': {}}
2026-08-22:16:15:02,67 INFO     [psi4.driver.driver:796] Compute properties(): method=wb97x-d, basis=jun-cc-pvdz, molecule=default, nre=23.09556838712493
2026-08-22:16:15:02,920 INFO     [psi4.driver.driver:799] Return properties(): -113.285820428443
2026-08-22:16:15:02,972 INFO     [psi4.driver.task_planner:259] PLANNING Atomic:  keywords={'D_CONVERGENCE': 1e-09, 'E_CONVERGENCE': 1e-09, 'SCF__INTS_TOLERANCE': 1e-12, 'MAXITER': 200, 'REFERENCE': 'RKS', 'SCF_TYPE': 'DF', 'function_kwargs': {}}
2026-08-22:16:15:02,974 INFO     [psi4.driver.driver:644] Compute gradient(): method=wb97x-d, basis=jun-cc-pvdz, molecule=default, nre=21.96895529507006
2026-08-22:16:15:03,621 INFO     [psi4.driver.driver:647] Return gradient(): -113.28708191983013
2026-08-22:16:15:03,621 INFO     [psi4.driver.driver:648] [[-0.05382751  0.          0.        ]
 [ 0.05444534  0.          0.        ]]
2026-08-22:16:15:03,758 INFO     [psi4.driver.task_planner:259] PLANNING Atomic:  keywords={'D_CONVERGENCE': 1e-09, 'E_CONVERGENCE': 1e-09, 'SCF__INTS_TOLERANCE': 1e-12, 'MAXITER': 200, 'REFERENCE': 'RKS', 'SCF_TYPE': 'DF', 'function_kwargs': {}}
2026-08-22:16:15:03,760 INFO     [psi4.driver.driver:796] Compute properties(): method=wb97x-d, basis=jun-cc-pvdz, molecule=default, nre=21.96895529507006
2026-08-22:16:15:04,610 INFO     [psi4.driver.driver:799] Return properties(): -113.28708191983013
2026-08-22:16:15:04,662 INFO     [psi4.driver.task_planner:259] PLANNING Atomic:  keywords={'D_CONVERGENCE': 1e-09, 'E_CONVERGENCE': 1e-09, 'SCF__INTS_TOLERANCE': 1e-12, 'MAXITER': 200, 'REFERENCE': 'RKS', 'SCF_TYPE': 'DF', 'function_kwargs': {}}
2026-08-22:16:15:04,665 INFO     [psi4.driver.driver:644] Compute gradient(): method=wb97x-d, basis=jun-cc-pvdz, molecule=default, nre=21.445884930901723
2026-08-22:16:15:05,304 INFO     [psi4.driver.driver:647] Return gradient(): -113.28273099752498
2026-08-22:16:15:05,304 INFO     [psi4.driver.driver:648] [[-0.1066754  -0.         -0.        ]
 [ 0.10682798  0.         -0.        ]]
2026-08-22:16:15:05,455 INFO     [psi4.driver.task_planner:259] PLANNING Atomic:  keywords={'D_CONVERGENCE': 1e-09, 'E_CONVERGENCE': 1e-09, 'SCF__INTS_TOLERANCE': 1e-12, 'MAXITER': 200, 'REFERENCE': 'RKS', 'SCF_TYPE': 'DF', 'function_kwargs': {}}
2026-08-22:16:15:05,457 INFO     [psi4.driver.driver:796] Compute properties(): method=wb97x-d, basis=jun-cc-pvdz, molecule=default, nre=21.445884930901723
2026-08-22:16:15:06,300 INFO     [psi4.driver.driver:799] Return properties(): -113.28273099752492
2026-08-22:16:15:06,352 INFO     [psi4.driver.task_planner:259] PLANNING Atomic:  keywords={'D_CONVERGENCE': 1e-09, 'E_CONVERGENCE': 1e-09, 'SCF__INTS_TOLERANCE': 1e-12, 'MAXITER': 200, 'REFERENCE': 'RKS', 'SCF_TYPE': 'DF', 'function_kwargs': {}}
2026-08-22:16:15:06,355 INFO     [psi4.driver.driver:644] Compute gradient(): method=wb97x-d, basis=jun-cc-pvdz, molecule=default, nre=20.947143420880757
2026-08-22:16:15:07,12 INFO     [psi4.driver.driver:647] Return gradient(): -113.27586075803366
2026-08-22:16:15:07,12 INFO     [psi4.driver.driver:648] [[-0.14978775 -0.          0.        ]
 [ 0.14950106 -0.          0.        ]]
2026-08-22:16:15:07,148 INFO     [psi4.driver.task_planner:259] PLANNING Atomic:  keywords={'D_CONVERGENCE': 1e-09, 'E_CONVERGENCE': 1e-09, 'SCF__INTS_TOLERANCE': 1e-12, 'MAXITER': 200, 'REFERENCE': 'RKS', 'SCF_TYPE': 'DF', 'function_kwargs': {}}
2026-08-22:16:15:07,150 INFO     [psi4.driver.driver:796] Compute properties(): method=wb97x-d, basis=jun-cc-pvdz, molecule=default, nre=20.947143420880757
2026-08-22:16:15:08,20 INFO     [psi4.driver.driver:799] Return properties(): -113.27586075803369
2026-08-22:16:15:08,79 INFO     [psi4.driver.task_planner:259] PLANNING Atomic:  keywords={'D_CONVERGENCE': 1e-09, 'E_CONVERGENCE': 1e-09, 'SCF__INTS_TOLERANCE': 1e-12, 'MAXITER': 200, 'REFERENCE': 'RKS', 'SCF_TYPE': 'DF', 'function_kwargs': {}}
2026-08-22:16:15:08,81 INFO     [psi4.driver.driver:644] Compute gradient(): method=wb97x-d, basis=jun-cc-pvdz, molecule=default, nre=20.4710719794971
2026-08-22:16:15:08,763 INFO     [psi4.driver.driver:647] Return gradient(): -113.2669415112866
2026-08-22:16:15:08,763 INFO     [psi4.driver.driver:648] [[-0.18447504 -0.          0.        ]
 [ 0.18388514  0.         -0.        ]]
2026-08-22:16:15:08,911 INFO     [psi4.driver.task_planner:259] PLANNING Atomic:  keywords={'D_CONVERGENCE': 1e-09, 'E_CONVERGENCE': 1e-09, 'SCF__INTS_TOLERANCE': 1e-12, 'MAXITER': 200, 'REFERENCE': 'RKS', 'SCF_TYPE': 'DF', 'function_kwargs': {}}
2026-08-22:16:15:08,914 INFO     [psi4.driver.driver:796] Compute properties(): method=wb97x-d, basis=jun-cc-pvdz, molecule=default, nre=20.4710719794971
2026-08-22:16:15:09,759 INFO     [psi4.driver.driver:799] Return properties(): -113.26694151128662
2026-08-22:16:15:09,811 INFO     [psi4.driver.task_planner:259] PLANNING Atomic:  keywords={'D_CONVERGENCE': 1e-09, 'E_CONVERGENCE': 1e-09, 'SCF__INTS_TOLERANCE': 1e-12, 'MAXITER': 200, 'REFERENCE': 'RKS', 'SCF_TYPE': 'DF', 'function_kwargs': {}}
2026-08-22:16:15:09,813 INFO     [psi4.driver.driver:644] Compute gradient(): method=wb97x-d, basis=jun-cc-pvdz, molecule=default, nre=22.228705039602193
2026-08-22:16:15:10,477 INFO     [psi4.driver.driver:647] Return gradient(): -113.28810915301882
2026-08-22:16:15:10,477 INFO     [psi4.driver.driver:648] [[-0.02454861  0.00082995 -0.00068872]
 [ 0.02534865 -0.00085699  0.00071117]]
2026-08-22:16:15:10,620 INFO     [psi4.driver.task_planner:259] PLANNING Atomic:  keywords={'D_CONVERGENCE': 1e-09, 'E_CONVERGENCE': 1e-09, 'SCF__INTS_TOLERANCE': 1e-12, 'MAXITER': 200, 'REFERENCE': 'RKS', 'SCF_TYPE': 'DF', 'function_kwargs': {}}
2026-08-22:16:15:10,622 INFO     [psi4.driver.driver:796] Compute properties(): method=wb97x-d, basis=jun-cc-pvdz, molecule=default, nre=22.228705039602193
2026-08-22:16:15:11,503 INFO     [psi4.driver.driver:799] Return properties(): -113.28810915301894
2026-08-22:16:15:11,562 INFO     [psi4.driver.task_planner:259] PLANNING Atomic:  keywords={'D_CONVERGENCE': 1e-09, 'E_CONVERGENCE': 1e-09, 'SCF__INTS_TOLERANCE': 1e-12, 'MAXITER': 200, 'REFERENCE': 'RKS', 'SCF_TYPE': 'DF', 'function_kwargs': {}}
2026-08-22:16:15:11,563 INFO     [psi4.driver.driver:644] Compute gradient(): method=wb97x-d, basis=jun-cc-pvdz, molecule=default, nre=21.953976156558696
2026-08-22:16:15:12,202 INFO     [psi4.driver.driver:647] Return gradient(): -113.28699934789441
2026-08-22:16:15:12,202 INFO     [psi4.driver.driver:648] [[-0.0553245   0.00073128 -0.00370875]
 [ 0.05592767 -0.00073925  0.00374919]]
2026-08-22:16:15:12,353 INFO     [psi4.driver.task_planner:259] PLANNING Atomic:  keywords={'D_CONVERGENCE': 1e-09, 'E_CONVERGENCE': 1e-09, 'SCF__INTS_TOLERANCE': 1e-12, 'MAXITER': 200, 'REFERENCE': 'RKS', 'SCF_TYPE': 'DF', 'function_kwargs': {}}
2026-08-22:16:15:12,356 INFO     [psi4.driver.driver:796] Compute properties(): method=wb97x-d, basis=jun-cc-pvdz, molecule=default, nre=21.953976156558696
2026-08-22:16:15:13,215 INFO     [psi4.driver.driver:799] Return properties(): -113.28699934789448
2026-08-22:16:15:13,269 INFO     [psi4.driver.task_planner:259] PLANNING Atomic:  keywords={'D_CONVERGENCE': 1e-09, 'E_CONVERGENCE': 1e-09, 'SCF__INTS_TOLERANCE': 1e-12, 'MAXITER': 200, 'REFERENCE': 'RKS', 'SCF_TYPE': 'DF', 'function_kwargs': {}}
2026-08-22:16:15:13,272 INFO     [psi4.driver.driver:644] Compute gradient(): method=wb97x-d, basis=jun-cc-pvdz, molecule=default, nre=20.896975062873103
2026-08-22:16:15:13,912 INFO     [psi4.driver.driver:647] Return gradient(): -113.27502755591296
2026-08-22:16:15:13,912 INFO     [psi4.driver.driver:648] [[-0.15344276  0.00618359 -0.00741193]
 [ 0.15310592 -0.00617002  0.00739566]]
2026-08-22:16:15:14,46 INFO     [psi4.driver.task_planner:259] PLANNING Atomic:  keywords={'D_CONVERGENCE': 1e-09, 'E_CONVERGENCE': 1e-09, 'SCF__INTS_TOLERANCE': 1e-12, 'MAXITER': 200, 'REFERENCE': 'RKS', 'SCF_TYPE': 'DF', 'function_kwargs': {}}
2026-08-22:16:15:14,48 INFO     [psi4.driver.driver:796] Compute properties(): method=wb97x-d, basis=jun-cc-pvdz, molecule=default, nre=20.896975062873103
2026-08-22:16:15:14,938 INFO     [psi4.driver.driver:799] Return properties(): -113.27502755591301
2026-08-22:16:15:14,989 INFO     [psi4.driver.task_planner:259] PLANNING Atomic:  keywords={'D_CONVERGENCE': 1e-09, 'E_CONVERGENCE': 1e-09, 'SCF__INTS_TOLERANCE': 1e-12, 'MAXITER': 200, 'REFERENCE': 'RKS', 'SCF_TYPE': 'DF', 'function_kwargs': {}}
2026-08-22:16:15:14,992 INFO     [psi4.driver.driver:644] Compute gradient(): method=wb97x-d, basis=jun-cc-pvdz, molecule=default, nre=25.254007642404225
2026-08-22:16:15:15,616 INFO     [psi4.driver.driver:647] Return gradient(): -113.23884118612455
2026-08-22:16:15:15,617 INFO     [psi4.driver.driver:648] [[ 0.48016347 -0.0296053   0.01989723]
 [-0.48017585  0.02960606 -0.01989775]]
2026-08-22:16:15:15,771 INFO     [psi4.driver.task_planner:259] PLANNING Atomic:  keywords={'D_CONVERGENCE': 1e-09, 'E_CONVERGENCE': 1e-09, 'SCF__INTS_TOLERANCE': 1e-12, 'MAXITER': 200, 'REFERENCE': 'RKS', 'SCF_TYPE': 'DF', 'function_kwargs': {}}
2026-08-22:16:15:15,774 INFO     [psi4.driver.driver:796] Compute properties(): method=wb97x-d, basis=jun-cc-pvdz, molecule=default, nre=25.254007642404225
2026-08-22:16:15:16,601 INFO     [psi4.driver.driver:799] Return properties(): -113.23884118612447
2026-08-22:16:15:16,655 INFO     [psi4.driver.task_planner:259] PLANNING Atomic:  keywords={'D_CONVERGENCE': 1e-09, 'E_CONVERGENCE': 1e-09, 'SCF__INTS_TOLERANCE': 1e-12, 'MAXITER': 200, 'REFERENCE': 'RKS', 'SCF_TYPE': 'DF', 'function_kwargs': {}}
2026-08-22:16:15:16,657 INFO     [psi4.driver.driver:644] Compute gradient(): method=wb97x-d, basis=jun-cc-pvdz, molecule=default, nre=22.56309458181073
2026-08-22:16:15:17,320 INFO     [psi4.driver.driver:647] Return gradient(): -113.28828426333554
2026-08-22:16:15:17,320 INFO     [psi4.driver.driver:648] [[ 0.01576934 -0.00249321 -0.000098  ]
 [-0.01504974  0.00237944  0.00009353]]
2026-08-22:16:15:17,459 INFO     [psi4.driver.task_planner:259] PLANNING Atomic:  keywords={'D_CONVERGENCE': 1e-09, 'E_CONVERGENCE': 1e-09, 'SCF__INTS_TOLERANCE': 1e-12, 'MAXITER': 200, 'REFERENCE': 'RKS', 'SCF_TYPE': 'DF', 'function_kwargs': {}}
2026-08-22:16:15:17,461 INFO     [psi4.driver.driver:796] Compute properties(): method=wb97x-d, basis=jun-cc-pvdz, molecule=default, nre=22.56309458181073
2026-08-22:16:15:18,361 INFO     [psi4.driver.driver:799] Return properties(): -113.28828426333561
2026-08-22:16:15:18,421 INFO     [psi4.driver.task_planner:259] PLANNING Atomic:  keywords={'D_CONVERGENCE': 1e-09, 'E_CONVERGENCE': 1e-09, 'SCF__INTS_TOLERANCE': 1e-12, 'MAXITER': 200, 'REFERENCE': 'RKS', 'SCF_TYPE': 'DF', 'function_kwargs': {}}
2026-08-22:16:15:18,423 INFO     [psi4.driver.driver:644] Compute gradient(): method=wb97x-d, basis=jun-cc-pvdz, molecule=default, nre=19.836801729082783
2026-08-22:16:15:19,91 INFO     [psi4.driver.driver:647] Return gradient(): -113.25169053839053
2026-08-22:16:15:19,91 INFO     [psi4.driver.driver:648] [[-0.21945986 -0.01717953 -0.01941931]
 [ 0.2192907   0.01716629  0.01940435]]
2026-08-22:16:15:19,261 INFO     [psi4.driver.task_planner:259] PLANNING Atomic:  keywords={'D_CONVERGENCE': 1e-09, 'E_CONVERGENCE': 1e-09, 'SCF__INTS_TOLERANCE': 1e-12, 'MAXITER': 200, 'REFERENCE': 'RKS', 'SCF_TYPE': 'DF', 'function_kwargs': {}}
2026-08-22:16:15:19,264 INFO     [psi4.driver.driver:796] Compute properties(): method=wb97x-d, basis=jun-cc-pvdz, molecule=default, nre=19.836801729082783
2026-08-22:16:15:20,150 INFO     [psi4.driver.driver:799] Return properties(): -113.2516905383905
2026-08-22:16:15:20,207 INFO     [psi4.driver.task_planner:259] PLANNING Atomic:  keywords={'D_CONVERGENCE': 1e-09, 'E_CONVERGENCE': 1e-09, 'SCF__INTS_TOLERANCE': 1e-12, 'MAXITER': 200, 'REFERENCE': 'RKS', 'SCF_TYPE': 'DF', 'function_kwargs': {}}
2026-08-22:16:15:20,209 INFO     [psi4.driver.driver:644] Compute gradient(): method=wb97x-d, basis=jun-cc-pvdz, molecule=default, nre=21.59553545965061
2026-08-22:16:15:20,825 INFO     [psi4.driver.driver:647] Return gradient(): -113.28428061667661
2026-08-22:16:15:20,825 INFO     [psi4.driver.driver:648] [[-0.09236308 -0.00012064  0.00155344]
 [ 0.09263873  0.000121   -0.00155808]]
2026-08-22:16:15:20,960 INFO     [psi4.driver.task_planner:259] PLANNING Atomic:  keywords={'D_CONVERGENCE': 1e-09, 'E_CONVERGENCE': 1e-09, 'SCF__INTS_TOLERANCE': 1e-12, 'MAXITER': 200, 'REFERENCE': 'RKS', 'SCF_TYPE': 'DF', 'function_kwargs': {}}
2026-08-22:16:15:20,962 INFO     [psi4.driver.driver:796] Compute properties(): method=wb97x-d, basis=jun-cc-pvdz, molecule=default, nre=21.59553545965061
2026-08-22:16:15:21,842 INFO     [psi4.driver.driver:799] Return properties(): -113.28428061667663
2026-08-22:16:15:21,895 INFO     [psi4.driver.task_planner:259] PLANNING Atomic:  keywords={'D_CONVERGENCE': 1e-09, 'E_CONVERGENCE': 1e-09, 'SCF__INTS_TOLERANCE': 1e-12, 'MAXITER': 200, 'REFERENCE': 'RKS', 'SCF_TYPE': 'DF', 'function_kwargs': {}}
2026-08-22:16:15:21,897 INFO     [psi4.driver.driver:644] Compute gradient(): method=wb97x-d, basis=jun-cc-pvdz, molecule=default, nre=23.10017357721515
2026-08-22:16:15:22,671 INFO     [psi4.driver.driver:647] Return gradient(): -113.2857841171903
2026-08-22:16:15:22,672 INFO     [psi4.driver.driver:648] [[ 0.08782142 -0.00088423  0.00610874]
 [-0.08792433  0.00088527 -0.0061159 ]]
2026-08-22:16:15:22,839 INFO     [psi4.driver.task_planner:259] PLANNING Atomic:  keywords={'D_CONVERGENCE': 1e-09, 'E_CONVERGENCE': 1e-09, 'SCF__INTS_TOLERANCE': 1e-12, 'MAXITER': 200, 'REFERENCE': 'RKS', 'SCF_TYPE': 'DF', 'function_kwargs': {}}
2026-08-22:16:15:22,841 INFO     [psi4.driver.driver:796] Compute properties(): method=wb97x-d, basis=jun-cc-pvdz, molecule=default, nre=23.10017357721515
2026-08-22:16:15:23,771 INFO     [psi4.driver.driver:799] Return properties(): -113.2857841171902
2026-08-22:16:15:23,826 INFO     [psi4.driver.task_planner:259] PLANNING Atomic:  keywords={'D_CONVERGENCE': 1e-09, 'E_CONVERGENCE': 1e-09, 'SCF__INTS_TOLERANCE': 1e-12, 'MAXITER': 200, 'REFERENCE': 'RKS', 'SCF_TYPE': 'DF', 'function_kwargs': {}}
2026-08-22:16:15:23,829 INFO     [psi4.driver.driver:644] Compute gradient(): method=wb97x-d, basis=jun-cc-pvdz, molecule=default, nre=22.19375205530024
2026-08-22:16:15:24,459 INFO     [psi4.driver.driver:647] Return gradient(): -113.2880158210411
2026-08-22:16:15:24,459 INFO     [psi4.driver.driver:648] [[-0.02848264  0.00045534 -0.00280962]
 [ 0.02926299 -0.00046781  0.0028866 ]]
2026-08-22:16:15:24,612 INFO     [psi4.driver.task_planner:259] PLANNING Atomic:  keywords={'D_CONVERGENCE': 1e-09, 'E_CONVERGENCE': 1e-09, 'SCF__INTS_TOLERANCE': 1e-12, 'MAXITER': 200, 'REFERENCE': 'RKS', 'SCF_TYPE': 'DF', 'function_kwargs': {}}
2026-08-22:16:15:24,615 INFO     [psi4.driver.driver:796] Compute properties(): method=wb97x-d, basis=jun-cc-pvdz, molecule=default, nre=22.19375205530024
2026-08-22:16:15:25,507 INFO     [psi4.driver.driver:799] Return properties(): -113.28801582104113
2026-08-22:16:15:25,562 INFO     [psi4.driver.task_planner:259] PLANNING Atomic:  keywords={'D_CONVERGENCE': 1e-09, 'E_CONVERGENCE': 1e-09, 'SCF__INTS_TOLERANCE': 1e-12, 'MAXITER': 200, 'REFERENCE': 'RKS', 'SCF_TYPE': 'DF', 'function_kwargs': {}}
2026-08-22:16:15:25,564 INFO     [psi4.driver.driver:644] Compute gradient(): method=wb97x-d, basis=jun-cc-pvdz, molecule=default, nre=22.91017921395187
2026-08-22:16:15:26,234 INFO     [psi4.driver.driver:647] Return gradient(): -113.28706675792986
2026-08-22:16:15:26,234 INFO     [psi4.driver.driver:648] [[ 0.06098916  0.00791399 -0.00002292]
 [-0.06076235 -0.00788455  0.00002284]]
2026-08-22:16:15:26,419 INFO     [psi4.driver.task_planner:259] PLANNING Atomic:  keywords={'D_CONVERGENCE': 1e-09, 'E_CONVERGENCE': 1e-09, 'SCF__INTS_TOLERANCE': 1e-12, 'MAXITER': 200, 'REFERENCE': 'RKS', 'SCF_TYPE': 'DF', 'function_kwargs': {}}
2026-08-22:16:15:26,421 INFO     [psi4.driver.driver:796] Compute properties(): method=wb97x-d, basis=jun-cc-pvdz, molecule=default, nre=22.91017921395187
2026-08-22:16:15:27,288 INFO     [psi4.driver.driver:799] Return properties(): -113.28706675792978
2026-08-22:16:15:27,351 INFO     [psi4.driver.task_planner:259] PLANNING Atomic:  keywords={'D_CONVERGENCE': 1e-09, 'E_CONVERGENCE': 1e-09, 'SCF__INTS_TOLERANCE': 1e-12, 'MAXITER': 200, 'REFERENCE': 'RKS', 'SCF_TYPE': 'DF', 'function_kwargs': {}}
2026-08-22:16:15:27,354 INFO     [psi4.driver.driver:644] Compute gradient(): method=wb97x-d, basis=jun-cc-pvdz, molecule=default, nre=23.032922972878566
2026-08-22:16:15:27,966 INFO     [psi4.driver.driver:647] Return gradient(): -113.2862885326342
2026-08-22:16:15:27,966 INFO     [psi4.driver.driver:648] [[ 0.07754279  0.00507542  0.01117175]
 [-0.07753034 -0.00507461 -0.01116996]]
2026-08-22:16:15:28,104 INFO     [psi4.driver.task_planner:259] PLANNING Atomic:  keywords={'D_CONVERGENCE': 1e-09, 'E_CONVERGENCE': 1e-09, 'SCF__INTS_TOLERANCE': 1e-12, 'MAXITER': 200, 'REFERENCE': 'RKS', 'SCF_TYPE': 'DF', 'function_kwargs': {}}
2026-08-22:16:15:28,106 INFO     [psi4.driver.driver:796] Compute properties(): method=wb97x-d, basis=jun-cc-pvdz, molecule=default, nre=23.032922972878566
2026-08-22:16:15:28,998 INFO     [psi4.driver.driver:799] Return properties(): -113.28628853263432
2026-08-22:16:15:29,53 INFO     [psi4.driver.task_planner:259] PLANNING Atomic:  keywords={'D_CONVERGENCE': 1e-09, 'E_CONVERGENCE': 1e-09, 'SCF__INTS_TOLERANCE': 1e-12, 'MAXITER': 200, 'REFERENCE': 'RKS', 'SCF_TYPE': 'DF', 'function_kwargs': {}}
2026-08-22:16:15:29,55 INFO     [psi4.driver.driver:644] Compute gradient(): method=wb97x-d, basis=jun-cc-pvdz, molecule=default, nre=27.524191909377734
2026-08-22:16:15:29,685 INFO     [psi4.driver.driver:647] Return gradient(): -113.11951024594163
2026-08-22:16:15:29,686 INFO     [psi4.driver.driver:648] [[ 1.09494911  0.03571457  0.00214071]
 [-1.09461384 -0.03570363 -0.00214005]]
2026-08-22:16:15:29,847 INFO     [psi4.driver.task_planner:259] PLANNING Atomic:  keywords={'D_CONVERGENCE': 1e-09, 'E_CONVERGENCE': 1e-09, 'SCF__INTS_TOLERANCE': 1e-12, 'MAXITER': 200, 'REFERENCE': 'RKS', 'SCF_TYPE': 'DF', 'function_kwargs': {}}
2026-08-22:16:15:29,850 INFO     [psi4.driver.driver:796] Compute properties(): method=wb97x-d, basis=jun-cc-pvdz, molecule=default, nre=27.524191909377734
2026-08-22:16:15:30,710 INFO     [psi4.driver.driver:799] Return properties(): -113.1195102459415
2026-08-22:16:15:30,766 INFO     [psi4.driver.task_planner:259] PLANNING Atomic:  keywords={'D_CONVERGENCE': 1e-09, 'E_CONVERGENCE': 1e-09, 'SCF__INTS_TOLERANCE': 1e-12, 'MAXITER': 200, 'REFERENCE': 'RKS', 'SCF_TYPE': 'DF', 'function_kwargs': {}}
2026-08-22:16:15:30,768 INFO     [psi4.driver.driver:644] Compute gradient(): method=wb97x-d, basis=jun-cc-pvdz, molecule=default, nre=22.072036372857468
2026-08-22:16:15:31,405 INFO     [psi4.driver.driver:647] Return gradient(): -113.28758150039526
2026-08-22:16:15:31,406 INFO     [psi4.driver.driver:648] [[-0.04242082 -0.00158811 -0.00070992]
 [ 0.04312397  0.00161444  0.00072169]]
2026-08-22:16:15:31,538 INFO     [psi4.driver.task_planner:259] PLANNING Atomic:  keywords={'D_CONVERGENCE': 1e-09, 'E_CONVERGENCE': 1e-09, 'SCF__INTS_TOLERANCE': 1e-12, 'MAXITER': 200, 'REFERENCE': 'RKS', 'SCF_TYPE': 'DF', 'function_kwargs': {}}
2026-08-22:16:15:31,540 INFO     [psi4.driver.driver:796] Compute properties(): method=wb97x-d, basis=jun-cc-pvdz, molecule=default, nre=22.072036372857468
2026-08-22:16:15:32,427 INFO     [psi4.driver.driver:799] Return properties(): -113.28758150039515
2026-08-22:16:15:32,481 INFO     [psi4.driver.task_planner:259] PLANNING Atomic:  keywords={'D_CONVERGENCE': 1e-09, 'E_CONVERGENCE': 1e-09, 'SCF__INTS_TOLERANCE': 1e-12, 'MAXITER': 200, 'REFERENCE': 'RKS', 'SCF_TYPE': 'DF', 'function_kwargs': {}}
2026-08-22:16:15:32,483 INFO     [psi4.driver.driver:644] Compute gradient(): method=wb97x-d, basis=jun-cc-pvdz, molecule=default, nre=23.873071093728093
2026-08-22:16:15:33,123 INFO     [psi4.driver.driver:647] Return gradient(): -113.27592386367799
2026-08-22:16:15:33,123 INFO     [psi4.driver.driver:648] [[ 0.20885971 -0.00545787 -0.00852398]
 [-0.20980867  0.00548267  0.00856271]]
2026-08-22:16:15:33,293 INFO     [psi4.driver.task_planner:259] PLANNING Atomic:  keywords={'D_CONVERGENCE': 1e-09, 'E_CONVERGENCE': 1e-09, 'SCF__INTS_TOLERANCE': 1e-12, 'MAXITER': 200, 'REFERENCE': 'RKS', 'SCF_TYPE': 'DF', 'function_kwargs': {}}
2026-08-22:16:15:33,295 INFO     [psi4.driver.driver:796] Compute properties(): method=wb97x-d, basis=jun-cc-pvdz, molecule=default, nre=23.873071093728093
2026-08-22:16:15:34,150 INFO     [psi4.driver.driver:799] Return properties(): -113.27592386367789
2026-08-22:16:15:34,208 INFO     [psi4.driver.task_planner:259] PLANNING Atomic:  keywords={'D_CONVERGENCE': 1e-09, 'E_CONVERGENCE': 1e-09, 'SCF__INTS_TOLERANCE': 1e-12, 'MAXITER': 200, 'REFERENCE': 'RKS', 'SCF_TYPE': 'DF', 'function_kwargs': {}}
2026-08-22:16:15:34,210 INFO     [psi4.driver.driver:644] Compute gradient(): method=wb97x-d, basis=jun-cc-pvdz, molecule=default, nre=23.275660214784498
2026-08-22:16:15:34,845 INFO     [psi4.driver.driver:647] Return gradient(): -113.2842053425002
2026-08-22:16:15:34,845 INFO     [psi4.driver.driver:648] [[ 0.11309525 -0.00470385 -0.0100265 ]
 [-0.11347736  0.00471974  0.01006038]]
2026-08-22:16:15:34,982 INFO     [psi4.driver.task_planner:259] PLANNING Atomic:  keywords={'D_CONVERGENCE': 1e-09, 'E_CONVERGENCE': 1e-09, 'SCF__INTS_TOLERANCE': 1e-12, 'MAXITER': 200, 'REFERENCE': 'RKS', 'SCF_TYPE': 'DF', 'function_kwargs': {}}
2026-08-22:16:15:34,984 INFO     [psi4.driver.driver:796] Compute properties(): method=wb97x-d, basis=jun-cc-pvdz, molecule=default, nre=23.275660214784498
2026-08-22:16:15:35,878 INFO     [psi4.driver.driver:799] Return properties(): -113.28420534250016
2026-08-22:16:15:35,942 INFO     [psi4.driver.task_planner:259] PLANNING Atomic:  keywords={'D_CONVERGENCE': 1e-09, 'E_CONVERGENCE': 1e-09, 'SCF__INTS_TOLERANCE': 1e-12, 'MAXITER': 200, 'REFERENCE': 'RKS', 'SCF_TYPE': 'DF', 'function_kwargs': {}}
2026-08-22:16:15:35,944 INFO     [psi4.driver.driver:644] Compute gradient(): method=wb97x-d, basis=jun-cc-pvdz, molecule=default, nre=22.974535945142446
2026-08-22:16:15:36,598 INFO     [psi4.driver.driver:647] Return gradient(): -113.28668159678477
2026-08-22:16:15:36,598 INFO     [psi4.driver.driver:648] [[ 0.06977301 -0.00372549 -0.00823451]
 [-0.0696588   0.00371939  0.00822103]]
2026-08-22:16:15:36,748 INFO     [psi4.driver.task_planner:259] PLANNING Atomic:  keywords={'D_CONVERGENCE': 1e-09, 'E_CONVERGENCE': 1e-09, 'SCF__INTS_TOLERANCE': 1e-12, 'MAXITER': 200, 'REFERENCE': 'RKS', 'SCF_TYPE': 'DF', 'function_kwargs': {}}
2026-08-22:16:15:36,751 INFO     [psi4.driver.driver:796] Compute properties(): method=wb97x-d, basis=jun-cc-pvdz, molecule=default, nre=22.974535945142446
2026-08-22:16:15:37,635 INFO     [psi4.driver.driver:799] Return properties(): -113.28668159678472
2026-08-22:16:15:37,693 INFO     [psi4.driver.task_planner:259] PLANNING Atomic:  keywords={'D_CONVERGENCE': 1e-09, 'E_CONVERGENCE': 1e-09, 'SCF__INTS_TOLERANCE': 1e-12, 'MAXITER': 200, 'REFERENCE': 'RKS', 'SCF_TYPE': 'DF', 'function_kwargs': {}}
2026-08-22:16:15:37,695 INFO     [psi4.driver.driver:644] Compute gradient(): method=wb97x-d, basis=jun-cc-pvdz, molecule=default, nre=44.690878309122176
2026-08-22:16:15:39,85 INFO     [psi4.driver.driver:647] Return gradient(): -115.63254521183721
2026-08-22:16:15:39,85 INFO     [psi4.driver.driver:648] [[ 0.0090589  -0.0017276  -0.        ]
 [-0.0974352   0.12583964  0.        ]
 [ 0.05088332 -0.10394303  0.        ]
 [ 0.04700002  0.05291612 -0.09121343]
 [ 0.04700002  0.05291612  0.09121343]
 [-0.0562969  -0.12608562 -0.        ]]
2026-08-22:16:15:39,986 INFO     [psi4.driver.task_planner:259] PLANNING Atomic:  keywords={'D_CONVERGENCE': 1e-09, 'E_CONVERGENCE': 1e-09, 'SCF__INTS_TOLERANCE': 1e-12, 'MAXITER': 200, 'REFERENCE': 'RKS', 'SCF_TYPE': 'DF', 'function_kwargs': {}}
2026-08-22:16:15:39,988 INFO     [psi4.driver.driver:796] Compute properties(): method=wb97x-d, basis=jun-cc-pvdz, molecule=default, nre=44.690878309122176
2026-08-22:16:15:42,418 INFO     [psi4.driver.driver:799] Return properties(): -115.63254521183715
2026-08-22:16:15:42,475 INFO     [psi4.driver.task_planner:259] PLANNING Atomic:  keywords={'D_CONVERGENCE': 1e-09, 'E_CONVERGENCE': 1e-09, 'SCF__INTS_TOLERANCE': 1e-12, 'MAXITER': 200, 'REFERENCE': 'RKS', 'SCF_TYPE': 'DF', 'function_kwargs': {}}
2026-08-22:16:15:42,478 INFO     [psi4.driver.driver:644] Compute gradient(): method=wb97x-d, basis=jun-cc-pvdz, molecule=default, nre=43.483016733199946
2026-08-22:16:15:43,926 INFO     [psi4.driver.driver:647] Return gradient(): -115.66147499931125
2026-08-22:16:15:43,926 INFO     [psi4.driver.driver:648] [[-0.00311516 -0.0038608   0.        ]
 [-0.06423415  0.08898337 -0.        ]
 [ 0.03782529 -0.07378618  0.        ]
 [ 0.03343313  0.03764863 -0.06501831]
 [ 0.03343313  0.03764863  0.06501831]
 [-0.03689679 -0.0867147   0.        ]]
2026-08-22:16:15:44,813 INFO     [psi4.driver.task_planner:259] PLANNING Atomic:  keywords={'D_CONVERGENCE': 1e-09, 'E_CONVERGENCE': 1e-09, 'SCF__INTS_TOLERANCE': 1e-12, 'MAXITER': 200, 'REFERENCE': 'RKS', 'SCF_TYPE': 'DF', 'function_kwargs': {}}
2026-08-22:16:15:44,815 INFO     [psi4.driver.driver:796] Compute properties(): method=wb97x-d, basis=jun-cc-pvdz, molecule=default, nre=43.483016733199946
2026-08-22:16:15:47,269 INFO     [psi4.driver.driver:799] Return properties(): -115.66147499931135
2026-08-22:16:15:47,349 INFO     [psi4.driver.task_planner:259] PLANNING Atomic:  keywords={'D_CONVERGENCE': 1e-09, 'E_CONVERGENCE': 1e-09, 'SCF__INTS_TOLERANCE': 1e-12, 'MAXITER': 200, 'REFERENCE': 'RKS', 'SCF_TYPE': 'DF', 'function_kwargs': {}}
2026-08-22:16:15:47,351 INFO     [psi4.driver.driver:644] Compute gradient(): method=wb97x-d, basis=jun-cc-pvdz, molecule=default, nre=42.338726819168365
2026-08-22:16:15:48,749 INFO     [psi4.driver.driver:647] Return gradient(): -115.68062049736666
2026-08-22:16:15:48,750 INFO     [psi4.driver.driver:648] [[-0.01133194 -0.00571389  0.        ]
 [-0.03789633  0.05771432 -0.        ]
 [ 0.02653637 -0.04771142  0.        ]
 [ 0.02172473  0.02445171 -0.04236378]
 [ 0.02172473  0.02445171  0.04236378]
 [-0.02039686 -0.05330569 -0.        ]]
2026-08-22:16:15:49,637 INFO     [psi4.driver.task_planner:259] PLANNING Atomic:  keywords={'D_CONVERGENCE': 1e-09, 'E_CONVERGENCE': 1e-09, 'SCF__INTS_TOLERANCE': 1e-12, 'MAXITER': 200, 'REFERENCE': 'RKS', 'SCF_TYPE': 'DF', 'function_kwargs': {}}
2026-08-22:16:15:49,639 INFO     [psi4.driver.driver:796] Compute properties(): method=wb97x-d, basis=jun-cc-pvdz, molecule=default, nre=42.338726819168365
2026-08-22:16:15:52,129 INFO     [psi4.driver.driver:799] Return properties(): -115.68062049736673
2026-08-22:16:15:52,196 INFO     [psi4.driver.task_planner:259] PLANNING Atomic:  keywords={'D_CONVERGENCE': 1e-09, 'E_CONVERGENCE': 1e-09, 'SCF__INTS_TOLERANCE': 1e-12, 'MAXITER': 200, 'REFERENCE': 'RKS', 'SCF_TYPE': 'DF', 'function_kwargs': {}}
2026-08-22:16:15:52,198 INFO     [psi4.driver.driver:644] Compute gradient(): method=wb97x-d, basis=jun-cc-pvdz, molecule=default, nre=41.25311843918968
2026-08-22:16:15:53,758 INFO     [psi4.driver.driver:647] Return gradient(): -115.69150817629115
2026-08-22:16:15:53,758 INFO     [psi4.driver.driver:648] [[-0.01636043 -0.00727901  0.        ]
 [-0.01705979  0.03124346 -0.        ]
 [ 0.01678105 -0.02520791 -0.        ]
 [ 0.01163665  0.0130665  -0.0228084 ]
 [ 0.01163665  0.0130665   0.0228084 ]
 [-0.00640599 -0.02501779 -0.        ]]
2026-08-22:16:15:54,731 INFO     [psi4.driver.task_planner:259] PLANNING Atomic:  keywords={'D_CONVERGENCE': 1e-09, 'E_CONVERGENCE': 1e-09, 'SCF__INTS_TOLERANCE': 1e-12, 'MAXITER': 200, 'REFERENCE': 'RKS', 'SCF_TYPE': 'DF', 'function_kwargs': {}}
2026-08-22:16:15:54,733 INFO     [psi4.driver.driver:796] Compute properties(): method=wb97x-d, basis=jun-cc-pvdz, molecule=default, nre=41.25311843918968
2026-08-22:16:15:57,226 INFO     [psi4.driver.driver:799] Return properties(): -115.69150817629124
2026-08-22:16:15:57,287 INFO     [psi4.driver.task_planner:259] PLANNING Atomic:  keywords={'D_CONVERGENCE': 1e-09, 'E_CONVERGENCE': 1e-09, 'SCF__INTS_TOLERANCE': 1e-12, 'MAXITER': 200, 'REFERENCE': 'RKS', 'SCF_TYPE': 'DF', 'function_kwargs': {}}
2026-08-22:16:15:57,289 INFO     [psi4.driver.driver:644] Compute gradient(): method=wb97x-d, basis=jun-cc-pvdz, molecule=default, nre=39.240771198253604
2026-08-22:16:15:58,774 INFO     [psi4.driver.driver:647] Return gradient(): -115.69350836071341
2026-08-22:16:15:58,775 INFO     [psi4.driver.driver:648] [[-0.0192121  -0.00966241 -0.        ]
 [ 0.01182595 -0.00999432  0.        ]
 [ 0.00108836  0.01082898  0.        ]
 [-0.00448928 -0.00516158  0.00852431]
 [-0.00448928 -0.00516158 -0.00852431]
 [ 0.01537621  0.01898876 -0.        ]]
2026-08-22:16:15:59,718 INFO     [psi4.driver.task_planner:259] PLANNING Atomic:  keywords={'D_CONVERGENCE': 1e-09, 'E_CONVERGENCE': 1e-09, 'SCF__INTS_TOLERANCE': 1e-12, 'MAXITER': 200, 'REFERENCE': 'RKS', 'SCF_TYPE': 'DF', 'function_kwargs': {}}
2026-08-22:16:15:59,721 INFO     [psi4.driver.driver:796] Compute properties(): method=wb97x-d, basis=jun-cc-pvdz, molecule=default, nre=39.240771198253604
2026-08-22:16:16:02,315 INFO     [psi4.driver.driver:799] Return properties(): -115.69350836071338
2026-08-22:16:16:02,387 INFO     [psi4.driver.task_planner:259] PLANNING Atomic:  keywords={'D_CONVERGENCE': 1e-09, 'E_CONVERGENCE': 1e-09, 'SCF__INTS_TOLERANCE': 1e-12, 'MAXITER': 200, 'REFERENCE': 'RKS', 'SCF_TYPE': 'DF', 'function_kwargs': {}}
2026-08-22:16:16:02,390 INFO     [psi4.driver.driver:644] Compute gradient(): method=wb97x-d, basis=jun-cc-pvdz, molecule=default, nre=38.306467122104735
2026-08-22:16:16:03,869 INFO     [psi4.driver.driver:647] Return gradient(): -115.68668278029838
2026-08-22:16:16:03,869 INFO     [psi4.driver.driver:648] [[-0.01810644 -0.01052755  0.        ]
 [ 0.02138358 -0.02586431 -0.        ]
 [-0.00517313  0.02510643  0.        ]
 [-0.01086686 -0.01238322  0.02094737]
 [-0.01086686 -0.01238322 -0.02094737]
 [ 0.02372646  0.0358754   0.        ]]
2026-08-22:16:16:04,751 INFO     [psi4.driver.task_planner:259] PLANNING Atomic:  keywords={'D_CONVERGENCE': 1e-09, 'E_CONVERGENCE': 1e-09, 'SCF__INTS_TOLERANCE': 1e-12, 'MAXITER': 200, 'REFERENCE': 'RKS', 'SCF_TYPE': 'DF', 'function_kwargs': {}}
2026-08-22:16:16:04,753 INFO     [psi4.driver.driver:796] Compute properties(): method=wb97x-d, basis=jun-cc-pvdz, molecule=default, nre=38.306467122104735
2026-08-22:16:16:07,358 INFO     [psi4.driver.driver:799] Return properties(): -115.68668278029847
2026-08-22:16:16:07,429 INFO     [psi4.driver.task_planner:259] PLANNING Atomic:  keywords={'D_CONVERGENCE': 1e-09, 'E_CONVERGENCE': 1e-09, 'SCF__INTS_TOLERANCE': 1e-12, 'MAXITER': 200, 'REFERENCE': 'RKS', 'SCF_TYPE': 'DF', 'function_kwargs': {}}
2026-08-22:16:16:07,431 INFO     [psi4.driver.driver:644] Compute gradient(): method=wb97x-d, basis=jun-cc-pvdz, molecule=default, nre=37.415619049497614
2026-08-22:16:16:08,929 INFO     [psi4.driver.driver:647] Return gradient(): -115.67576753706258
2026-08-22:16:16:08,929 INFO     [psi4.driver.driver:648] [[-0.01588605 -0.01120329  0.        ]
 [ 0.02847775 -0.0391738  -0.        ]
 [-0.01055509  0.03731182  0.        ]
 [-0.01630928 -0.01855671  0.03157261]
 [-0.01630928 -0.01855671 -0.03157261]
 [ 0.03069323  0.05000088  0.        ]]
2026-08-22:16:16:09,807 INFO     [psi4.driver.task_planner:259] PLANNING Atomic:  keywords={'D_CONVERGENCE': 1e-09, 'E_CONVERGENCE': 1e-09, 'SCF__INTS_TOLERANCE': 1e-12, 'MAXITER': 200, 'REFERENCE': 'RKS', 'SCF_TYPE': 'DF', 'function_kwargs': {}}
2026-08-22:16:16:09,809 INFO     [psi4.driver.driver:796] Compute properties(): method=wb97x-d, basis=jun-cc-pvdz, molecule=default, nre=37.415619049497614
2026-08-22:16:16:12,388 INFO     [psi4.driver.driver:799] Return properties(): -115.67576753706248
2026-08-22:16:16:12,460 INFO     [psi4.driver.task_planner:259] PLANNING Atomic:  keywords={'D_CONVERGENCE': 1e-09, 'E_CONVERGENCE': 1e-09, 'SCF__INTS_TOLERANCE': 1e-12, 'MAXITER': 200, 'REFERENCE': 'RKS', 'SCF_TYPE': 'DF', 'function_kwargs': {}}
2026-08-22:16:16:12,463 INFO     [psi4.driver.driver:644] Compute gradient(): method=wb97x-d, basis=jun-cc-pvdz, molecule=default, nre=36.56526407109996
2026-08-22:16:16:13,962 INFO     [psi4.driver.driver:647] Return gradient(): -115.66145422653821
2026-08-22:16:16:13,962 INFO     [psi4.driver.driver:648] [[-0.01292823 -0.01172018  0.        ]
 [ 0.0336262  -0.05031601 -0.        ]
 [-0.01516541  0.04771072  0.        ]
 [-0.02093361 -0.02381681  0.04063051]
 [-0.02093361 -0.02381681 -0.04063051]
 [ 0.0364691   0.06177116  0.        ]]
2026-08-22:16:16:14,823 INFO     [psi4.driver.task_planner:259] PLANNING Atomic:  keywords={'D_CONVERGENCE': 1e-09, 'E_CONVERGENCE': 1e-09, 'SCF__INTS_TOLERANCE': 1e-12, 'MAXITER': 200, 'REFERENCE': 'RKS', 'SCF_TYPE': 'DF', 'function_kwargs': {}}
2026-08-22:16:16:14,825 INFO     [psi4.driver.driver:796] Compute properties(): method=wb97x-d, basis=jun-cc-pvdz, molecule=default, nre=36.56526407109996
2026-08-22:16:16:17,395 INFO     [psi4.driver.driver:799] Return properties(): -115.66145422653827
2026-08-22:16:16:17,468 INFO     [psi4.driver.task_planner:259] PLANNING Atomic:  keywords={'D_CONVERGENCE': 1e-09, 'E_CONVERGENCE': 1e-09, 'SCF__INTS_TOLERANCE': 1e-12, 'MAXITER': 200, 'REFERENCE': 'RKS', 'SCF_TYPE': 'DF', 'function_kwargs': {}}
2026-08-22:16:16:17,470 INFO     [psi4.driver.driver:644] Compute gradient(): method=wb97x-d, basis=jun-cc-pvdz, molecule=default, nre=40.23084398111351
2026-08-22:16:16:18,945 INFO     [psi4.driver.driver:647] Return gradient(): -115.69287375916316
2026-08-22:16:16:18,945 INFO     [psi4.driver.driver:648] [[-0.01733795  0.01046417  0.01610182]
 [-0.02233463 -0.03382843  0.00056552]
 [ 0.01098958 -0.02019455 -0.0049849 ]
 [ 0.00925764  0.00368883 -0.01057466]
 [ 0.00130109  0.00353948 -0.00078987]
 [ 0.01792987  0.03638707 -0.00025009]]
2026-08-22:16:16:19,891 INFO     [psi4.driver.task_planner:259] PLANNING Atomic:  keywords={'D_CONVERGENCE': 1e-09, 'E_CONVERGENCE': 1e-09, 'SCF__INTS_TOLERANCE': 1e-12, 'MAXITER': 200, 'REFERENCE': 'RKS', 'SCF_TYPE': 'DF', 'function_kwargs': {}}
2026-08-22:16:16:19,893 INFO     [psi4.driver.driver:796] Compute properties(): method=wb97x-d, basis=jun-cc-pvdz, molecule=default, nre=40.23084398111351
2026-08-22:16:16:22,525 INFO     [psi4.driver.driver:799] Return properties(): -115.69287375916322
2026-08-22:16:16:22,585 INFO     [psi4.driver.task_planner:259] PLANNING Atomic:  keywords={'D_CONVERGENCE': 1e-09, 'E_CONVERGENCE': 1e-09, 'SCF__INTS_TOLERANCE': 1e-12, 'MAXITER': 200, 'REFERENCE': 'RKS', 'SCF_TYPE': 'DF', 'function_kwargs': {}}
2026-08-22:16:16:22,587 INFO     [psi4.driver.driver:644] Compute gradient(): method=wb97x-d, basis=jun-cc-pvdz, molecule=default, nre=40.05087385973326
2026-08-22:16:16:24,76 INFO     [psi4.driver.driver:647] Return gradient(): -115.689951299877
2026-08-22:16:16:24,76 INFO     [psi4.driver.driver:648] [[-0.00968407 -0.01705192 -0.05334826]
 [ 0.03023164  0.06013993  0.00270603]
 [-0.00141294  0.00457422  0.00395747]
 [-0.01521743 -0.01134153  0.02267444]
 [ 0.00701469  0.0133783   0.02590981]
 [-0.01095318 -0.04974158 -0.00191939]]
2026-08-22:16:16:25,13 INFO     [psi4.driver.task_planner:259] PLANNING Atomic:  keywords={'D_CONVERGENCE': 1e-09, 'E_CONVERGENCE': 1e-09, 'SCF__INTS_TOLERANCE': 1e-12, 'MAXITER': 200, 'REFERENCE': 'RKS', 'SCF_TYPE': 'DF', 'function_kwargs': {}}
2026-08-22:16:16:25,16 INFO     [psi4.driver.driver:796] Compute properties(): method=wb97x-d, basis=jun-cc-pvdz, molecule=default, nre=40.05087385973326
2026-08-22:16:16:27,681 INFO     [psi4.driver.driver:799] Return properties(): -115.68995129987698
2026-08-22:16:16:27,757 INFO     [psi4.driver.task_planner:259] PLANNING Atomic:  keywords={'D_CONVERGENCE': 1e-09, 'E_CONVERGENCE': 1e-09, 'SCF__INTS_TOLERANCE': 1e-12, 'MAXITER': 200, 'REFERENCE': 'RKS', 'SCF_TYPE': 'DF', 'function_kwargs': {}}
2026-08-22:16:16:27,759 INFO     [psi4.driver.driver:644] Compute gradient(): method=wb97x-d, basis=jun-cc-pvdz, molecule=default, nre=41.414778339954125
2026-08-22:16:16:29,221 INFO     [psi4.driver.driver:647] Return gradient(): -115.68567243199966
2026-08-22:16:16:29,221 INFO     [psi4.driver.driver:648] [[ 0.02197631 -0.03946496  0.00859773]
 [-0.07415742  0.00214125  0.00666938]
 [ 0.01396397 -0.00520595  0.00704169]
 [ 0.02174885  0.02509003 -0.02909546]
 [-0.00369178  0.0022955   0.00361838]
 [ 0.02029826  0.01506899  0.00322553]]
2026-08-22:16:16:30,162 INFO     [psi4.driver.task_planner:259] PLANNING Atomic:  keywords={'D_CONVERGENCE': 1e-09, 'E_CONVERGENCE': 1e-09, 'SCF__INTS_TOLERANCE': 1e-12, 'MAXITER': 200, 'REFERENCE': 'RKS', 'SCF_TYPE': 'DF', 'function_kwargs': {}}
2026-08-22:16:16:30,164 INFO     [psi4.driver.driver:796] Compute properties(): method=wb97x-d, basis=jun-cc-pvdz, molecule=default, nre=41.414778339954125
2026-08-22:16:16:32,794 INFO     [psi4.driver.driver:799] Return properties(): -115.68567243199954
2026-08-22:16:16:32,860 INFO     [psi4.driver.task_planner:259] PLANNING Atomic:  keywords={'D_CONVERGENCE': 1e-09, 'E_CONVERGENCE': 1e-09, 'SCF__INTS_TOLERANCE': 1e-12, 'MAXITER': 200, 'REFERENCE': 'RKS', 'SCF_TYPE': 'DF', 'function_kwargs': {}}
2026-08-22:16:16:32,862 INFO     [psi4.driver.driver:644] Compute gradient(): method=wb97x-d, basis=jun-cc-pvdz, molecule=default, nre=38.94298676535256
2026-08-22:16:16:34,317 INFO     [psi4.driver.driver:647] Return gradient(): -115.68260802610521
2026-08-22:16:16:34,317 INFO     [psi4.driver.driver:648] [[-0.02453257 -0.03273224 -0.09568647]
 [ 0.01783594 -0.03244935  0.02182115]
 [-0.00876507  0.03007351  0.01028323]
 [ 0.00309676 -0.01112277  0.03654442]
 [ 0.00387238  0.01466851  0.02909839]
 [ 0.00841365  0.0315869  -0.00192885]]
2026-08-22:16:16:35,198 INFO     [psi4.driver.task_planner:259] PLANNING Atomic:  keywords={'D_CONVERGENCE': 1e-09, 'E_CONVERGENCE': 1e-09, 'SCF__INTS_TOLERANCE': 1e-12, 'MAXITER': 200, 'REFERENCE': 'RKS', 'SCF_TYPE': 'DF', 'function_kwargs': {}}
2026-08-22:16:16:35,201 INFO     [psi4.driver.driver:796] Compute properties(): method=wb97x-d, basis=jun-cc-pvdz, molecule=default, nre=38.94298676535256
2026-08-22:16:16:37,860 INFO     [psi4.driver.driver:799] Return properties(): -115.6826080261052
2026-08-22:16:16:37,923 INFO     [psi4.driver.task_planner:259] PLANNING Atomic:  keywords={'D_CONVERGENCE': 1e-09, 'E_CONVERGENCE': 1e-09, 'SCF__INTS_TOLERANCE': 1e-12, 'MAXITER': 200, 'REFERENCE': 'RKS', 'SCF_TYPE': 'DF', 'function_kwargs': {}}
2026-08-22:16:16:37,925 INFO     [psi4.driver.driver:644] Compute gradient(): method=wb97x-d, basis=jun-cc-pvdz, molecule=default, nre=39.6009092255168
2026-08-22:16:16:39,363 INFO     [psi4.driver.driver:647] Return gradient(): -115.68463102051531
2026-08-22:16:16:39,363 INFO     [psi4.driver.driver:648] [[-0.06203365 -0.01003399  0.00093393]
 [-0.00161181 -0.0401589   0.00954056]
 [ 0.02109631 -0.00633556 -0.00087062]
 [ 0.01459752  0.0038695  -0.03199827]
 [ 0.00885841  0.00502303  0.02859653]
 [ 0.01889458  0.04758283 -0.00617987]]
2026-08-22:16:16:40,275 INFO     [psi4.driver.task_planner:259] PLANNING Atomic:  keywords={'D_CONVERGENCE': 1e-09, 'E_CONVERGENCE': 1e-09, 'SCF__INTS_TOLERANCE': 1e-12, 'MAXITER': 200, 'REFERENCE': 'RKS', 'SCF_TYPE': 'DF', 'function_kwargs': {}}
2026-08-22:16:16:40,277 INFO     [psi4.driver.driver:796] Compute properties(): method=wb97x-d, basis=jun-cc-pvdz, molecule=default, nre=39.6009092255168
2026-08-22:16:16:42,900 INFO     [psi4.driver.driver:799] Return properties(): -115.68463102051533
2026-08-22:16:16:42,974 INFO     [psi4.driver.task_planner:259] PLANNING Atomic:  keywords={'D_CONVERGENCE': 1e-09, 'E_CONVERGENCE': 1e-09, 'SCF__INTS_TOLERANCE': 1e-12, 'MAXITER': 200, 'REFERENCE': 'RKS', 'SCF_TYPE': 'DF', 'function_kwargs': {}}
2026-08-22:16:16:42,976 INFO     [psi4.driver.driver:644] Compute gradient(): method=wb97x-d, basis=jun-cc-pvdz, molecule=default, nre=38.41380239270063
2026-08-22:16:16:44,465 INFO     [psi4.driver.driver:647] Return gradient(): -115.64405461143387
2026-08-22:16:16:44,465 INFO     [psi4.driver.driver:648] [[-0.03702281 -0.01243501  0.14837334]
 [ 0.01824677 -0.13139121 -0.01341796]
 [-0.01245105  0.00363495 -0.0107453 ]
 [ 0.03232582  0.04930189 -0.0779131 ]
 [-0.00655909 -0.01748897 -0.04637967]
 [ 0.00566144  0.10852985 -0.00004823]]
2026-08-22:16:16:45,352 INFO     [psi4.driver.task_planner:259] PLANNING Atomic:  keywords={'D_CONVERGENCE': 1e-09, 'E_CONVERGENCE': 1e-09, 'SCF__INTS_TOLERANCE': 1e-12, 'MAXITER': 200, 'REFERENCE': 'RKS', 'SCF_TYPE': 'DF', 'function_kwargs': {}}
2026-08-22:16:16:45,354 INFO     [psi4.driver.driver:796] Compute properties(): method=wb97x-d, basis=jun-cc-pvdz, molecule=default, nre=38.41380239270063
2026-08-22:16:16:48,151 INFO     [psi4.driver.driver:799] Return properties(): -115.64405461143393
2026-08-22:16:16:48,216 INFO     [psi4.driver.task_planner:259] PLANNING Atomic:  keywords={'D_CONVERGENCE': 1e-09, 'E_CONVERGENCE': 1e-09, 'SCF__INTS_TOLERANCE': 1e-12, 'MAXITER': 200, 'REFERENCE': 'RKS', 'SCF_TYPE': 'DF', 'function_kwargs': {}}
2026-08-22:16:16:48,218 INFO     [psi4.driver.driver:644] Compute gradient(): method=wb97x-d, basis=jun-cc-pvdz, molecule=default, nre=39.631472173735254
2026-08-22:16:16:49,658 INFO     [psi4.driver.driver:647] Return gradient(): -115.69217391753487
2026-08-22:16:16:49,659 INFO     [psi4.driver.driver:648] [[-0.051688    0.00362915  0.01253048]
 [ 0.02726262  0.02007131  0.00172347]
 [ 0.01345277 -0.0197878  -0.00098109]
 [ 0.00822392  0.00725828 -0.01510766]
 [-0.00017396  0.00052913  0.00154411]
 [ 0.00298763 -0.0118268   0.00027206]]
2026-08-22:16:16:50,578 INFO     [psi4.driver.task_planner:259] PLANNING Atomic:  keywords={'D_CONVERGENCE': 1e-09, 'E_CONVERGENCE': 1e-09, 'SCF__INTS_TOLERANCE': 1e-12, 'MAXITER': 200, 'REFERENCE': 'RKS', 'SCF_TYPE': 'DF', 'function_kwargs': {}}
2026-08-22:16:16:50,580 INFO     [psi4.driver.driver:796] Compute properties(): method=wb97x-d, basis=jun-cc-pvdz, molecule=default, nre=39.631472173735254
2026-08-22:16:16:53,141 INFO     [psi4.driver.driver:799] Return properties(): -115.69217391753499
2026-08-22:16:16:53,221 INFO     [psi4.driver.task_planner:259] PLANNING Atomic:  keywords={'D_CONVERGENCE': 1e-09, 'E_CONVERGENCE': 1e-09, 'SCF__INTS_TOLERANCE': 1e-12, 'MAXITER': 200, 'REFERENCE': 'RKS', 'SCF_TYPE': 'DF', 'function_kwargs': {}}
2026-08-22:16:16:53,223 INFO     [psi4.driver.driver:644] Compute gradient(): method=wb97x-d, basis=jun-cc-pvdz, molecule=default, nre=39.95080124481886
2026-08-22:16:16:54,705 INFO     [psi4.driver.driver:647] Return gradient(): -115.68614527882319
2026-08-22:16:16:54,705 INFO     [psi4.driver.driver:648] [[-0.04440067  0.02924128  0.0325702 ]
 [-0.0187015  -0.06074792 -0.00287131]
 [ 0.01620942 -0.03532753 -0.00423115]
 [ 0.01631641  0.01091774 -0.03039509]
 [ 0.00733863 -0.00099801  0.00439461]
 [ 0.02312794  0.05686949  0.00049138]]
2026-08-22:16:16:55,604 INFO     [psi4.driver.task_planner:259] PLANNING Atomic:  keywords={'D_CONVERGENCE': 1e-09, 'E_CONVERGENCE': 1e-09, 'SCF__INTS_TOLERANCE': 1e-12, 'MAXITER': 200, 'REFERENCE': 'RKS', 'SCF_TYPE': 'DF', 'function_kwargs': {}}
2026-08-22:16:16:55,606 INFO     [psi4.driver.driver:796] Compute properties(): method=wb97x-d, basis=jun-cc-pvdz, molecule=default, nre=39.95080124481886
2026-08-22:16:16:58,247 INFO     [psi4.driver.driver:799] Return properties(): -115.68614527882326
2026-08-22:16:16:58,317 INFO     [psi4.driver.task_planner:259] PLANNING Atomic:  keywords={'D_CONVERGENCE': 1e-09, 'E_CONVERGENCE': 1e-09, 'SCF__INTS_TOLERANCE': 1e-12, 'MAXITER': 200, 'REFERENCE': 'RKS', 'SCF_TYPE': 'DF', 'function_kwargs': {}}
2026-08-22:16:16:58,319 INFO     [psi4.driver.driver:644] Compute gradient(): method=wb97x-d, basis=jun-cc-pvdz, molecule=default, nre=42.254853542569435
2026-08-22:16:16:59,835 INFO     [psi4.driver.driver:647] Return gradient(): -115.67436795057554
2026-08-22:16:16:59,836 INFO     [psi4.driver.driver:648] [[ 0.0500378  -0.09774548  0.00799393]
 [-0.12031739  0.00169241 -0.00172084]
 [ 0.00768904  0.02986215  0.0042295 ]
 [ 0.02007762  0.02918333 -0.04847757]
 [ 0.023648    0.02193734  0.03875603]
 [ 0.01912437  0.01513819 -0.00082012]]
2026-08-22:16:17:00,747 INFO     [psi4.driver.task_planner:259] PLANNING Atomic:  keywords={'D_CONVERGENCE': 1e-09, 'E_CONVERGENCE': 1e-09, 'SCF__INTS_TOLERANCE': 1e-12, 'MAXITER': 200, 'REFERENCE': 'RKS', 'SCF_TYPE': 'DF', 'function_kwargs': {}}
2026-08-22:16:17:00,750 INFO     [psi4.driver.driver:796] Compute properties(): method=wb97x-d, basis=jun-cc-pvdz, molecule=default, nre=42.254853542569435
2026-08-22:16:17:03,354 INFO     [psi4.driver.driver:799] Return properties(): -115.67436795057557
2026-08-22:16:17:03,419 INFO     [psi4.driver.task_planner:259] PLANNING Atomic:  keywords={'D_CONVERGENCE': 1e-09, 'E_CONVERGENCE': 1e-09, 'SCF__INTS_TOLERANCE': 1e-12, 'MAXITER': 200, 'REFERENCE': 'RKS', 'SCF_TYPE': 'DF', 'function_kwargs': {}}
2026-08-22:16:17:03,421 INFO     [psi4.driver.driver:644] Compute gradient(): method=wb97x-d, basis=jun-cc-pvdz, molecule=default, nre=39.65709730611857
2026-08-22:16:17:04,903 INFO     [psi4.driver.driver:647] Return gradient(): -115.6773054257493
2026-08-22:16:17:04,903 INFO     [psi4.driver.driver:648] [[-0.01395631 -0.02722888 -0.04320681]
 [-0.03875661 -0.08140257  0.01057367]
 [ 0.00358454  0.0123526  -0.00996008]
 [-0.00013153 -0.01381821  0.01005374]
 [ 0.01479979  0.02453637  0.0411951 ]
 [ 0.03452082  0.08544686 -0.00856066]]
2026-08-22:16:17:05,837 INFO     [psi4.driver.task_planner:259] PLANNING Atomic:  keywords={'D_CONVERGENCE': 1e-09, 'E_CONVERGENCE': 1e-09, 'SCF__INTS_TOLERANCE': 1e-12, 'MAXITER': 200, 'REFERENCE': 'RKS', 'SCF_TYPE': 'DF', 'function_kwargs': {}}
2026-08-22:16:17:05,840 INFO     [psi4.driver.driver:796] Compute properties(): method=wb97x-d, basis=jun-cc-pvdz, molecule=default, nre=39.65709730611857
2026-08-22:16:17:08,482 INFO     [psi4.driver.driver:799] Return properties(): -115.67730542574928
2026-08-22:16:17:08,566 INFO     [psi4.driver.task_planner:259] PLANNING Atomic:  keywords={'D_CONVERGENCE': 1e-09, 'E_CONVERGENCE': 1e-09, 'SCF__INTS_TOLERANCE': 1e-12, 'MAXITER': 200, 'REFERENCE': 'RKS', 'SCF_TYPE': 'DF', 'function_kwargs': {}}
2026-08-22:16:17:08,568 INFO     [psi4.driver.driver:644] Compute gradient(): method=wb97x-d, basis=jun-cc-pvdz, molecule=default, nre=40.48927299876191
2026-08-22:16:17:10,29 INFO     [psi4.driver.driver:647] Return gradient(): -115.68466465824037
2026-08-22:16:17:10,30 INFO     [psi4.driver.driver:648] [[-0.01248572 -0.08257239  0.01712116]
 [-0.01960355  0.02591059  0.01068813]
 [-0.00544417  0.04699368  0.00382809]
 [ 0.02191572  0.02139614 -0.02772551]
 [ 0.01152437  0.00482907  0.000803  ]
 [ 0.00423554 -0.01645176 -0.00494941]]
2026-08-22:16:17:10,840 INFO     [psi4.driver.task_planner:259] PLANNING Atomic:  keywords={'D_CONVERGENCE': 1e-09, 'E_CONVERGENCE': 1e-09, 'SCF__INTS_TOLERANCE': 1e-12, 'MAXITER': 200, 'REFERENCE': 'RKS', 'SCF_TYPE': 'DF', 'function_kwargs': {}}
2026-08-22:16:17:10,841 INFO     [psi4.driver.driver:796] Compute properties(): method=wb97x-d, basis=jun-cc-pvdz, molecule=default, nre=40.48927299876191
2026-08-22:16:17:13,378 INFO     [psi4.driver.driver:799] Return properties(): -115.68466465824027
2026-08-22:16:17:13,445 INFO     [psi4.driver.task_planner:259] PLANNING Atomic:  keywords={'D_CONVERGENCE': 1e-09, 'E_CONVERGENCE': 1e-09, 'SCF__INTS_TOLERANCE': 1e-12, 'MAXITER': 200, 'REFERENCE': 'RKS', 'SCF_TYPE': 'DF', 'function_kwargs': {}}
2026-08-22:16:17:13,448 INFO     [psi4.driver.driver:644] Compute gradient(): method=wb97x-d, basis=jun-cc-pvdz, molecule=default, nre=39.66592354447746
2026-08-22:16:17:14,814 INFO     [psi4.driver.driver:647] Return gradient(): -115.6735786862381
2026-08-22:16:17:14,815 INFO     [psi4.driver.driver:648] [[-0.06216513 -0.09543436 -0.06391636]
 [ 0.00836549  0.05740818 -0.00697964]
 [ 0.01900859  0.01495999  0.0127255 ]
 [ 0.00139355  0.0135073   0.00266301]
 [ 0.01628655  0.02942226  0.04745186]
 [ 0.01703809 -0.01972558  0.00813827]]
2026-08-22:16:17:15,615 INFO     [psi4.driver.task_planner:259] PLANNING Atomic:  keywords={'D_CONVERGENCE': 1e-09, 'E_CONVERGENCE': 1e-09, 'SCF__INTS_TOLERANCE': 1e-12, 'MAXITER': 200, 'REFERENCE': 'RKS', 'SCF_TYPE': 'DF', 'function_kwargs': {}}
2026-08-22:16:17:15,617 INFO     [psi4.driver.driver:796] Compute properties(): method=wb97x-d, basis=jun-cc-pvdz, molecule=default, nre=39.66592354447746
2026-08-22:16:17:17,995 INFO     [psi4.driver.driver:799] Return properties(): -115.67357868623803
2026-08-22:16:17:18,78 INFO     [psi4.driver.task_planner:259] PLANNING Atomic:  keywords={'D_CONVERGENCE': 1e-09, 'E_CONVERGENCE': 1e-09, 'SCF__INTS_TOLERANCE': 1e-12, 'MAXITER': 200, 'REFERENCE': 'RKS', 'SCF_TYPE': 'DF', 'function_kwargs': {}}
2026-08-22:16:17:18,80 INFO     [psi4.driver.driver:644] Compute gradient(): method=wb97x-d, basis=jun-cc-pvdz, molecule=default, nre=39.78159308620013
2026-08-22:16:17:19,355 INFO     [psi4.driver.driver:647] Return gradient(): -115.69302870995385
2026-08-22:16:17:19,356 INFO     [psi4.driver.driver:648] [[-0.03949641 -0.00248299  0.0252351 ]
 [ 0.0242404   0.01812201 -0.00180887]
 [ 0.01065593 -0.02003208 -0.00345764]
 [ 0.00480994  0.00981063 -0.01749726]
 [-0.00258395  0.00378716 -0.00214218]
 [ 0.00240704 -0.00929356 -0.00026771]]
2026-08-22:16:17:20,121 INFO     [psi4.driver.task_planner:259] PLANNING Atomic:  keywords={'D_CONVERGENCE': 1e-09, 'E_CONVERGENCE': 1e-09, 'SCF__INTS_TOLERANCE': 1e-12, 'MAXITER': 200, 'REFERENCE': 'RKS', 'SCF_TYPE': 'DF', 'function_kwargs': {}}
2026-08-22:16:17:20,123 INFO     [psi4.driver.driver:796] Compute properties(): method=wb97x-d, basis=jun-cc-pvdz, molecule=default, nre=39.78159308620013
2026-08-22:16:17:22,532 INFO     [psi4.driver.driver:799] Return properties(): -115.69302870995405
2026-08-22:16:17:22,602 INFO     [psi4.driver.task_planner:259] PLANNING Atomic:  keywords={'D_CONVERGENCE': 1e-09, 'E_CONVERGENCE': 1e-09, 'SCF__INTS_TOLERANCE': 1e-12, 'MAXITER': 200, 'REFERENCE': 'RKS', 'SCF_TYPE': 'DF', 'function_kwargs': {}}
2026-08-22:16:17:22,605 INFO     [psi4.driver.driver:644] Compute gradient(): method=wb97x-d, basis=jun-cc-pvdz, molecule=default, nre=39.65039972474528
2026-08-22:16:17:23,960 INFO     [psi4.driver.driver:647] Return gradient(): -115.68780235018332
2026-08-22:16:17:23,960 INFO     [psi4.driver.driver:648] [[-0.06120682 -0.0462652   0.00294592]
 [ 0.04301174  0.04033151 -0.00569085]
 [ 0.00477436  0.0092798   0.00098097]
 [ 0.00541867  0.01453995 -0.02968737]
 [ 0.01630131  0.01607019  0.03345325]
 [-0.00848464 -0.03381755 -0.0020653 ]]
2026-08-22:16:17:24,805 INFO     [psi4.driver.task_planner:259] PLANNING Atomic:  keywords={'D_CONVERGENCE': 1e-09, 'E_CONVERGENCE': 1e-09, 'SCF__INTS_TOLERANCE': 1e-12, 'MAXITER': 200, 'REFERENCE': 'RKS', 'SCF_TYPE': 'DF', 'function_kwargs': {}}
2026-08-22:16:17:24,807 INFO     [psi4.driver.driver:796] Compute properties(): method=wb97x-d, basis=jun-cc-pvdz, molecule=default, nre=39.65039972474528
2026-08-22:16:17:27,228 INFO     [psi4.driver.driver:799] Return properties(): -115.68780235018326
2026-08-22:16:17:27,299 INFO     [psi4.driver.task_planner:259] PLANNING Atomic:  keywords={'D_CONVERGENCE': 1e-09, 'E_CONVERGENCE': 1e-09, 'SCF__INTS_TOLERANCE': 1e-12, 'MAXITER': 200, 'REFERENCE': 'RKS', 'SCF_TYPE': 'DF', 'function_kwargs': {}}
2026-08-22:16:17:27,301 INFO     [psi4.driver.driver:644] Compute gradient(): method=wb97x-d, basis=jun-cc-pvdz, molecule=default, nre=40.4971316329699
2026-08-22:16:17:28,589 INFO     [psi4.driver.driver:647] Return gradient(): -115.68841441532872
2026-08-22:16:17:28,590 INFO     [psi4.driver.driver:648] [[ 0.00280242  0.05261703 -0.01527529]
 [-0.0164394   0.02045457 -0.00245783]
 [ 0.02557301 -0.03977957 -0.00591099]
 [-0.01638391 -0.02628099  0.02041965]
 [-0.00364329 -0.00114273  0.00344225]
 [ 0.00797306 -0.00589577 -0.0003037 ]]
2026-08-22:16:17:29,379 INFO     [psi4.driver.task_planner:259] PLANNING Atomic:  keywords={'D_CONVERGENCE': 1e-09, 'E_CONVERGENCE': 1e-09, 'SCF__INTS_TOLERANCE': 1e-12, 'MAXITER': 200, 'REFERENCE': 'RKS', 'SCF_TYPE': 'DF', 'function_kwargs': {}}
2026-08-22:16:17:29,381 INFO     [psi4.driver.driver:796] Compute properties(): method=wb97x-d, basis=jun-cc-pvdz, molecule=default, nre=40.4971316329699
2026-08-22:16:17:31,809 INFO     [psi4.driver.driver:799] Return properties(): -115.68841441532874
2026-08-22:16:17:31,885 INFO     [psi4.driver.task_planner:259] PLANNING Atomic:  keywords={'D_CONVERGENCE': 1e-09, 'E_CONVERGENCE': 1e-09, 'SCF__INTS_TOLERANCE': 1e-12, 'MAXITER': 200, 'REFERENCE': 'RKS', 'SCF_TYPE': 'DF', 'function_kwargs': {}}
2026-08-22:16:17:31,888 INFO     [psi4.driver.driver:644] Compute gradient(): method=wb97x-d, basis=jun-cc-pvdz, molecule=default, nre=40.401060591068855
2026-08-22:16:17:33,199 INFO     [psi4.driver.driver:647] Return gradient(): -115.6898118307605
2026-08-22:16:17:33,200 INFO     [psi4.driver.driver:648] [[ 0.02426921  0.05169645  0.01745802]
 [-0.02557882 -0.0393247   0.00312033]
 [ 0.00104984 -0.02909198  0.00426852]
 [ 0.00244978  0.0047177   0.00826754]
 [-0.00643849 -0.01510027 -0.03086307]
 [ 0.00426948  0.02690971 -0.00228836]]
2026-08-22:16:17:34,27 INFO     [psi4.driver.task_planner:259] PLANNING Atomic:  keywords={'D_CONVERGENCE': 1e-09, 'E_CONVERGENCE': 1e-09, 'SCF__INTS_TOLERANCE': 1e-12, 'MAXITER': 200, 'REFERENCE': 'RKS', 'SCF_TYPE': 'DF', 'function_kwargs': {}}
2026-08-22:16:17:34,29 INFO     [psi4.driver.driver:796] Compute properties(): method=wb97x-d, basis=jun-cc-pvdz, molecule=default, nre=40.401060591068855
2026-08-22:16:17:36,411 INFO     [psi4.driver.driver:799] Return properties(): -115.68981183076052
2026-08-22:16:17:36,478 INFO     [psi4.driver.task_planner:259] PLANNING Atomic:  keywords={'D_CONVERGENCE': 1e-09, 'E_CONVERGENCE': 1e-09, 'SCF__INTS_TOLERANCE': 1e-12, 'MAXITER': 200, 'REFERENCE': 'RKS', 'SCF_TYPE': 'DF', 'function_kwargs': {}}
2026-08-22:16:17:36,481 INFO     [psi4.driver.driver:644] Compute gradient(): method=wb97x-d, basis=jun-cc-pvdz, molecule=default, nre=26.582220489748288
2026-08-22:16:17:37,249 INFO     [psi4.driver.driver:647] Return gradient(): -93.34322811562913
2026-08-22:16:17:37,249 INFO     [psi4.driver.driver:648] [[ 0.12373906 -0.         -0.        ]
 [ 0.3010143   0.          0.        ]
 [-0.42558364  0.          0.        ]]
2026-08-22:16:17:37,457 INFO     [psi4.driver.task_planner:259] PLANNING Atomic:  keywords={'D_CONVERGENCE': 1e-09, 'E_CONVERGENCE': 1e-09, 'SCF__INTS_TOLERANCE': 1e-12, 'MAXITER': 200, 'REFERENCE': 'RKS', 'SCF_TYPE': 'DF', 'function_kwargs': {}}
2026-08-22:16:17:37,459 INFO     [psi4.driver.driver:796] Compute properties(): method=wb97x-d, basis=jun-cc-pvdz, molecule=default, nre=26.582220489748288
2026-08-22:16:17:38,570 INFO     [psi4.driver.driver:799] Return properties(): -93.34322811562912
2026-08-22:16:17:38,640 INFO     [psi4.driver.task_planner:259] PLANNING Atomic:  keywords={'D_CONVERGENCE': 1e-09, 'E_CONVERGENCE': 1e-09, 'SCF__INTS_TOLERANCE': 1e-12, 'MAXITER': 200, 'REFERENCE': 'RKS', 'SCF_TYPE': 'DF', 'function_kwargs': {}}
2026-08-22:16:17:38,643 INFO     [psi4.driver.driver:644] Compute gradient(): method=wb97x-d, basis=jun-cc-pvdz, molecule=default, nre=25.86378209813347
2026-08-22:16:17:39,433 INFO     [psi4.driver.driver:647] Return gradient(): -93.36798262968411
2026-08-22:16:17:39,433 INFO     [psi4.driver.driver:648] [[ 0.0883753   0.          0.        ]
 [ 0.20267099 -0.          0.        ]
 [-0.29138846  0.          0.        ]]
2026-08-22:16:17:39,640 INFO     [psi4.driver.task_planner:259] PLANNING Atomic:  keywords={'D_CONVERGENCE': 1e-09, 'E_CONVERGENCE': 1e-09, 'SCF__INTS_TOLERANCE': 1e-12, 'MAXITER': 200, 'REFERENCE': 'RKS', 'SCF_TYPE': 'DF', 'function_kwargs': {}}
2026-08-22:16:17:39,642 INFO     [psi4.driver.driver:796] Compute properties(): method=wb97x-d, basis=jun-cc-pvdz, molecule=default, nre=25.86378209813347
2026-08-22:16:17:40,744 INFO     [psi4.driver.driver:799] Return properties(): -93.36798262968416
2026-08-22:16:17:40,815 INFO     [psi4.driver.task_planner:259] PLANNING Atomic:  keywords={'D_CONVERGENCE': 1e-09, 'E_CONVERGENCE': 1e-09, 'SCF__INTS_TOLERANCE': 1e-12, 'MAXITER': 200, 'REFERENCE': 'RKS', 'SCF_TYPE': 'DF', 'function_kwargs': {}}
2026-08-22:16:17:40,817 INFO     [psi4.driver.driver:644] Compute gradient(): method=wb97x-d, basis=jun-cc-pvdz, molecule=default, nre=25.183156253445745
2026-08-22:16:17:41,592 INFO     [psi4.driver.driver:647] Return gradient(): -93.38435828820285
2026-08-22:16:17:41,592 INFO     [psi4.driver.driver:648] [[ 0.05781636  0.         -0.        ]
 [ 0.12106216  0.         -0.        ]
 [-0.17857801  0.          0.        ]]
2026-08-22:16:17:41,828 INFO     [psi4.driver.task_planner:259] PLANNING Atomic:  keywords={'D_CONVERGENCE': 1e-09, 'E_CONVERGENCE': 1e-09, 'SCF__INTS_TOLERANCE': 1e-12, 'MAXITER': 200, 'REFERENCE': 'RKS', 'SCF_TYPE': 'DF', 'function_kwargs': {}}
2026-08-22:16:17:41,830 INFO     [psi4.driver.driver:796] Compute properties(): method=wb97x-d, basis=jun-cc-pvdz, molecule=default, nre=25.183156253445745
2026-08-22:16:17:42,930 INFO     [psi4.driver.driver:799] Return properties(): -93.38435828820288
2026-08-22:16:17:42,993 INFO     [psi4.driver.task_planner:259] PLANNING Atomic:  keywords={'D_CONVERGENCE': 1e-09, 'E_CONVERGENCE': 1e-09, 'SCF__INTS_TOLERANCE': 1e-12, 'MAXITER': 200, 'REFERENCE': 'RKS', 'SCF_TYPE': 'DF', 'function_kwargs': {}}
2026-08-22:16:17:42,995 INFO     [psi4.driver.driver:644] Compute gradient(): method=wb97x-d, basis=jun-cc-pvdz, molecule=default, nre=24.537434298229183
2026-08-22:16:17:43,756 INFO     [psi4.driver.driver:647] Return gradient(): -93.39366955385081
2026-08-22:16:17:43,756 INFO     [psi4.driver.driver:648] [[ 0.03146971 -0.         -0.        ]
 [ 0.05351077  0.         -0.        ]
 [-0.08394741 -0.         -0.        ]]
2026-08-22:16:17:43,974 INFO     [psi4.driver.task_planner:259] PLANNING Atomic:  keywords={'D_CONVERGENCE': 1e-09, 'E_CONVERGENCE': 1e-09, 'SCF__INTS_TOLERANCE': 1e-12, 'MAXITER': 200, 'REFERENCE': 'RKS', 'SCF_TYPE': 'DF', 'function_kwargs': {}}
2026-08-22:16:17:43,976 INFO     [psi4.driver.driver:796] Compute properties(): method=wb97x-d, basis=jun-cc-pvdz, molecule=default, nre=24.537434298229183
2026-08-22:16:17:45,62 INFO     [psi4.driver.driver:799] Return properties(): -93.39366955385091
2026-08-22:16:17:45,134 INFO     [psi4.driver.task_planner:259] PLANNING Atomic:  keywords={'D_CONVERGENCE': 1e-09, 'E_CONVERGENCE': 1e-09, 'SCF__INTS_TOLERANCE': 1e-12, 'MAXITER': 200, 'REFERENCE': 'RKS', 'SCF_TYPE': 'DF', 'function_kwargs': {}}
2026-08-22:16:17:45,136 INFO     [psi4.driver.driver:644] Compute gradient(): method=wb97x-d, basis=jun-cc-pvdz, molecule=default, nre=23.34048628368142
2026-08-22:16:17:45,926 INFO     [psi4.driver.driver:647] Return gradient(): -93.39541639869856
2026-08-22:16:17:45,926 INFO     [psi4.driver.driver:648] [[-0.01061289 -0.          0.        ]
 [-0.04932092 -0.          0.        ]
 [ 0.06032417  0.         -0.        ]]
2026-08-22:16:17:46,156 INFO     [psi4.driver.task_planner:259] PLANNING Atomic:  keywords={'D_CONVERGENCE': 1e-09, 'E_CONVERGENCE': 1e-09, 'SCF__INTS_TOLERANCE': 1e-12, 'MAXITER': 200, 'REFERENCE': 'RKS', 'SCF_TYPE': 'DF', 'function_kwargs': {}}
2026-08-22:16:17:46,157 INFO     [psi4.driver.driver:796] Compute properties(): method=wb97x-d, basis=jun-cc-pvdz, molecule=default, nre=23.34048628368142
2026-08-22:16:17:47,272 INFO     [psi4.driver.driver:799] Return properties(): -93.3954163986986
2026-08-22:16:17:47,338 INFO     [psi4.driver.task_planner:259] PLANNING Atomic:  keywords={'D_CONVERGENCE': 1e-09, 'E_CONVERGENCE': 1e-09, 'SCF__INTS_TOLERANCE': 1e-12, 'MAXITER': 200, 'REFERENCE': 'RKS', 'SCF_TYPE': 'DF', 'function_kwargs': {}}
2026-08-22:16:17:47,340 INFO     [psi4.driver.driver:644] Compute gradient(): method=wb97x-d, basis=jun-cc-pvdz, molecule=default, nre=22.78476041978425
2026-08-22:16:17:48,103 INFO     [psi4.driver.driver:647] Return gradient(): -93.38964449541588
2026-08-22:16:17:48,103 INFO     [psi4.driver.driver:648] [[-0.02720672 -0.          0.        ]
 [-0.08734542  0.         -0.        ]
 [ 0.11442216 -0.          0.        ]]
2026-08-22:16:17:48,336 INFO     [psi4.driver.task_planner:259] PLANNING Atomic:  keywords={'D_CONVERGENCE': 1e-09, 'E_CONVERGENCE': 1e-09, 'SCF__INTS_TOLERANCE': 1e-12, 'MAXITER': 200, 'REFERENCE': 'RKS', 'SCF_TYPE': 'DF', 'function_kwargs': {}}
2026-08-22:16:17:48,339 INFO     [psi4.driver.driver:796] Compute properties(): method=wb97x-d, basis=jun-cc-pvdz, molecule=default, nre=22.78476041978425
2026-08-22:16:17:49,453 INFO     [psi4.driver.driver:799] Return properties(): -93.38964449541582
2026-08-22:16:17:49,519 INFO     [psi4.driver.task_planner:259] PLANNING Atomic:  keywords={'D_CONVERGENCE': 1e-09, 'E_CONVERGENCE': 1e-09, 'SCF__INTS_TOLERANCE': 1e-12, 'MAXITER': 200, 'REFERENCE': 'RKS', 'SCF_TYPE': 'DF', 'function_kwargs': {}}
2026-08-22:16:17:49,521 INFO     [psi4.driver.driver:644] Compute gradient(): method=wb97x-d, basis=jun-cc-pvdz, molecule=default, nre=22.254882270486934
2026-08-22:16:17:50,298 INFO     [psi4.driver.driver:647] Return gradient(): -93.38041887047146
2026-08-22:16:17:50,298 INFO     [psi4.driver.driver:648] [[-0.04132744 -0.          0.        ]
 [-0.11809928  0.         -0.        ]
 [ 0.15883086 -0.         -0.        ]]
2026-08-22:16:17:50,509 INFO     [psi4.driver.task_planner:259] PLANNING Atomic:  keywords={'D_CONVERGENCE': 1e-09, 'E_CONVERGENCE': 1e-09, 'SCF__INTS_TOLERANCE': 1e-12, 'MAXITER': 200, 'REFERENCE': 'RKS', 'SCF_TYPE': 'DF', 'function_kwargs': {}}
2026-08-22:16:17:50,511 INFO     [psi4.driver.driver:796] Compute properties(): method=wb97x-d, basis=jun-cc-pvdz, molecule=default, nre=22.254882270486934
2026-08-22:16:17:51,612 INFO     [psi4.driver.driver:799] Return properties(): -93.38041887047152
2026-08-22:16:17:51,677 INFO     [psi4.driver.task_planner:259] PLANNING Atomic:  keywords={'D_CONVERGENCE': 1e-09, 'E_CONVERGENCE': 1e-09, 'SCF__INTS_TOLERANCE': 1e-12, 'MAXITER': 200, 'REFERENCE': 'RKS', 'SCF_TYPE': 'DF', 'function_kwargs': {}}
2026-08-22:16:17:51,679 INFO     [psi4.driver.driver:644] Compute gradient(): method=wb97x-d, basis=jun-cc-pvdz, molecule=default, nre=21.749089491612235
2026-08-22:16:17:52,499 INFO     [psi4.driver.driver:647] Return gradient(): -93.36834586105189
2026-08-22:16:17:52,499 INFO     [psi4.driver.driver:648] [[-0.05328493  0.          0.        ]
 [-0.14230126  0.         -0.        ]
 [ 0.19507655  0.          0.        ]]
2026-08-22:16:17:52,705 INFO     [psi4.driver.task_planner:259] PLANNING Atomic:  keywords={'D_CONVERGENCE': 1e-09, 'E_CONVERGENCE': 1e-09, 'SCF__INTS_TOLERANCE': 1e-12, 'MAXITER': 200, 'REFERENCE': 'RKS', 'SCF_TYPE': 'DF', 'function_kwargs': {}}
2026-08-22:16:17:52,706 INFO     [psi4.driver.driver:796] Compute properties(): method=wb97x-d, basis=jun-cc-pvdz, molecule=default, nre=21.749089491612235
2026-08-22:16:17:53,849 INFO     [psi4.driver.driver:799] Return properties(): -93.36834586105194
2026-08-22:16:17:53,922 INFO     [psi4.driver.task_planner:259] PLANNING Atomic:  keywords={'D_CONVERGENCE': 1e-09, 'E_CONVERGENCE': 1e-09, 'SCF__INTS_TOLERANCE': 1e-12, 'MAXITER': 200, 'REFERENCE': 'RKS', 'SCF_TYPE': 'DF', 'function_kwargs': {}}
2026-08-22:16:17:53,924 INFO     [psi4.driver.driver:644] Compute gradient(): method=wb97x-d, basis=jun-cc-pvdz, molecule=default, nre=23.783325933838928
2026-08-22:16:17:54,769 INFO     [psi4.driver.driver:647] Return gradient(): -93.39692981345348
2026-08-22:16:17:54,769 INFO     [psi4.driver.driver:648] [[-0.00500988  0.00074048 -0.00229561]
 [ 0.00039887 -0.00159011  0.00441741]
 [ 0.00517713  0.00086303 -0.00213087]]
2026-08-22:16:17:54,970 INFO     [psi4.driver.task_planner:259] PLANNING Atomic:  keywords={'D_CONVERGENCE': 1e-09, 'E_CONVERGENCE': 1e-09, 'SCF__INTS_TOLERANCE': 1e-12, 'MAXITER': 200, 'REFERENCE': 'RKS', 'SCF_TYPE': 'DF', 'function_kwargs': {}}
2026-08-22:16:17:54,972 INFO     [psi4.driver.driver:796] Compute properties(): method=wb97x-d, basis=jun-cc-pvdz, molecule=default, nre=23.783325933838928
2026-08-22:16:17:56,187 INFO     [psi4.driver.driver:799] Return properties(): -93.39692981345357
2026-08-22:16:17:56,250 INFO     [psi4.driver.task_planner:259] PLANNING Atomic:  keywords={'D_CONVERGENCE': 1e-09, 'E_CONVERGENCE': 1e-09, 'SCF__INTS_TOLERANCE': 1e-12, 'MAXITER': 200, 'REFERENCE': 'RKS', 'SCF_TYPE': 'DF', 'function_kwargs': {}}
2026-08-22:16:17:56,252 INFO     [psi4.driver.driver:644] Compute gradient(): method=wb97x-d, basis=jun-cc-pvdz, molecule=default, nre=24.785568397983486
2026-08-22:16:17:57,83 INFO     [psi4.driver.driver:647] Return gradient(): -93.38824759830366
2026-08-22:16:17:57,83 INFO     [psi4.driver.driver:648] [[-0.01444291 -0.00293248 -0.00495247]
 [ 0.17853137  0.00021299  0.00004751]
 [-0.16367961  0.00269586  0.00486414]]
2026-08-22:16:17:57,297 INFO     [psi4.driver.task_planner:259] PLANNING Atomic:  keywords={'D_CONVERGENCE': 1e-09, 'E_CONVERGENCE': 1e-09, 'SCF__INTS_TOLERANCE': 1e-12, 'MAXITER': 200, 'REFERENCE': 'RKS', 'SCF_TYPE': 'DF', 'function_kwargs': {}}
2026-08-22:16:17:57,299 INFO     [psi4.driver.driver:796] Compute properties(): method=wb97x-d, basis=jun-cc-pvdz, molecule=default, nre=24.785568397983486
2026-08-22:16:17:58,515 INFO     [psi4.driver.driver:799] Return properties(): -93.3882475983037
2026-08-22:16:17:58,581 INFO     [psi4.driver.task_planner:259] PLANNING Atomic:  keywords={'D_CONVERGENCE': 1e-09, 'E_CONVERGENCE': 1e-09, 'SCF__INTS_TOLERANCE': 1e-12, 'MAXITER': 200, 'REFERENCE': 'RKS', 'SCF_TYPE': 'DF', 'function_kwargs': {}}
2026-08-22:16:17:58,583 INFO     [psi4.driver.driver:644] Compute gradient(): method=wb97x-d, basis=jun-cc-pvdz, molecule=default, nre=24.056017182426736
2026-08-22:16:17:59,389 INFO     [psi4.driver.driver:647] Return gradient(): -93.39669946063458
2026-08-22:16:17:59,389 INFO     [psi4.driver.driver:648] [[ 0.0054668  -0.00082184  0.00144723]
 [ 0.02212109  0.00217425 -0.00396623]
 [-0.0268206  -0.00133081  0.00247755]]
2026-08-22:16:17:59,599 INFO     [psi4.driver.task_planner:259] PLANNING Atomic:  keywords={'D_CONVERGENCE': 1e-09, 'E_CONVERGENCE': 1e-09, 'SCF__INTS_TOLERANCE': 1e-12, 'MAXITER': 200, 'REFERENCE': 'RKS', 'SCF_TYPE': 'DF', 'function_kwargs': {}}
2026-08-22:16:17:59,601 INFO     [psi4.driver.driver:796] Compute properties(): method=wb97x-d, basis=jun-cc-pvdz, molecule=default, nre=24.056017182426736
2026-08-22:16:18:00,810 INFO     [psi4.driver.driver:799] Return properties(): -93.39669946063462
2026-08-22:16:18:00,879 INFO     [psi4.driver.task_planner:259] PLANNING Atomic:  keywords={'D_CONVERGENCE': 1e-09, 'E_CONVERGENCE': 1e-09, 'SCF__INTS_TOLERANCE': 1e-12, 'MAXITER': 200, 'REFERENCE': 'RKS', 'SCF_TYPE': 'DF', 'function_kwargs': {}}
2026-08-22:16:18:00,881 INFO     [psi4.driver.driver:644] Compute gradient(): method=wb97x-d, basis=jun-cc-pvdz, molecule=default, nre=23.225112846201206
2026-08-22:16:18:01,701 INFO     [psi4.driver.driver:647] Return gradient(): -93.39225749730798
2026-08-22:16:18:01,702 INFO     [psi4.driver.driver:648] [[ 0.02253468 -0.00108408  0.00054711]
 [-0.11474699  0.00452511 -0.00296454]
 [ 0.09237438 -0.0034385   0.00242322]]
2026-08-22:16:18:01,915 INFO     [psi4.driver.task_planner:259] PLANNING Atomic:  keywords={'D_CONVERGENCE': 1e-09, 'E_CONVERGENCE': 1e-09, 'SCF__INTS_TOLERANCE': 1e-12, 'MAXITER': 200, 'REFERENCE': 'RKS', 'SCF_TYPE': 'DF', 'function_kwargs': {}}
2026-08-22:16:18:01,917 INFO     [psi4.driver.driver:796] Compute properties(): method=wb97x-d, basis=jun-cc-pvdz, molecule=default, nre=23.225112846201206
2026-08-22:16:18:03,149 INFO     [psi4.driver.driver:799] Return properties(): -93.39225749730794
2026-08-22:16:18:03,216 INFO     [psi4.driver.task_planner:259] PLANNING Atomic:  keywords={'D_CONVERGENCE': 1e-09, 'E_CONVERGENCE': 1e-09, 'SCF__INTS_TOLERANCE': 1e-12, 'MAXITER': 200, 'REFERENCE': 'RKS', 'SCF_TYPE': 'DF', 'function_kwargs': {}}
2026-08-22:16:18:03,219 INFO     [psi4.driver.driver:644] Compute gradient(): method=wb97x-d, basis=jun-cc-pvdz, molecule=default, nre=22.994791820001534
2026-08-22:16:18:04,24 INFO     [psi4.driver.driver:647] Return gradient(): -93.39199935086287
2026-08-22:16:18:04,25 INFO     [psi4.driver.driver:648] [[-0.01411685  0.00042248 -0.0029037 ]
 [-0.08401935 -0.01205431  0.00806496]
 [ 0.0982121   0.01163143 -0.00514891]]
2026-08-22:16:18:04,231 INFO     [psi4.driver.task_planner:259] PLANNING Atomic:  keywords={'D_CONVERGENCE': 1e-09, 'E_CONVERGENCE': 1e-09, 'SCF__INTS_TOLERANCE': 1e-12, 'MAXITER': 200, 'REFERENCE': 'RKS', 'SCF_TYPE': 'DF', 'function_kwargs': {}}
2026-08-22:16:18:04,233 INFO     [psi4.driver.driver:796] Compute properties(): method=wb97x-d, basis=jun-cc-pvdz, molecule=default, nre=22.994791820001534
2026-08-22:16:18:05,446 INFO     [psi4.driver.driver:799] Return properties(): -93.39199935086287
2026-08-22:16:18:05,512 INFO     [psi4.driver.task_planner:259] PLANNING Atomic:  keywords={'D_CONVERGENCE': 1e-09, 'E_CONVERGENCE': 1e-09, 'SCF__INTS_TOLERANCE': 1e-12, 'MAXITER': 200, 'REFERENCE': 'RKS', 'SCF_TYPE': 'DF', 'function_kwargs': {}}
2026-08-22:16:18:05,514 INFO     [psi4.driver.driver:644] Compute gradient(): method=wb97x-d, basis=jun-cc-pvdz, molecule=default, nre=22.059757529795494
2026-08-22:16:18:06,326 INFO     [psi4.driver.driver:647] Return gradient(): -93.36080179835221
2026-08-22:16:18:06,326 INFO     [psi4.driver.driver:648] [[ 0.06663345 -0.0017321  -0.00276667]
 [-0.27901629 -0.02635802  0.03142777]
 [ 0.21203024  0.02799067 -0.02858234]]
2026-08-22:16:18:06,533 INFO     [psi4.driver.task_planner:259] PLANNING Atomic:  keywords={'D_CONVERGENCE': 1e-09, 'E_CONVERGENCE': 1e-09, 'SCF__INTS_TOLERANCE': 1e-12, 'MAXITER': 200, 'REFERENCE': 'RKS', 'SCF_TYPE': 'DF', 'function_kwargs': {}}
2026-08-22:16:18:06,536 INFO     [psi4.driver.driver:796] Compute properties(): method=wb97x-d, basis=jun-cc-pvdz, molecule=default, nre=22.059757529795494
2026-08-22:16:18:07,814 INFO     [psi4.driver.driver:799] Return properties(): -93.36080179835223
2026-08-22:16:18:07,880 INFO     [psi4.driver.task_planner:259] PLANNING Atomic:  keywords={'D_CONVERGENCE': 1e-09, 'E_CONVERGENCE': 1e-09, 'SCF__INTS_TOLERANCE': 1e-12, 'MAXITER': 200, 'REFERENCE': 'RKS', 'SCF_TYPE': 'DF', 'function_kwargs': {}}
2026-08-22:16:18:07,882 INFO     [psi4.driver.driver:644] Compute gradient(): method=wb97x-d, basis=jun-cc-pvdz, molecule=default, nre=23.806017793962887
2026-08-22:16:18:08,731 INFO     [psi4.driver.driver:647] Return gradient(): -93.39681507323462
2026-08-22:16:18:08,731 INFO     [psi4.driver.driver:648] [[-0.00681186 -0.00287605  0.0012996 ]
 [ 0.0067929   0.0053235  -0.00236731]
 [ 0.00061593 -0.00246837  0.00107292]]
2026-08-22:16:18:08,957 INFO     [psi4.driver.task_planner:259] PLANNING Atomic:  keywords={'D_CONVERGENCE': 1e-09, 'E_CONVERGENCE': 1e-09, 'SCF__INTS_TOLERANCE': 1e-12, 'MAXITER': 200, 'REFERENCE': 'RKS', 'SCF_TYPE': 'DF', 'function_kwargs': {}}
2026-08-22:16:18:08,960 INFO     [psi4.driver.driver:796] Compute properties(): method=wb97x-d, basis=jun-cc-pvdz, molecule=default, nre=23.806017793962887
2026-08-22:16:18:10,260 INFO     [psi4.driver.driver:799] Return properties(): -93.39681507323455
2026-08-22:16:18:10,342 INFO     [psi4.driver.task_planner:259] PLANNING Atomic:  keywords={'D_CONVERGENCE': 1e-09, 'E_CONVERGENCE': 1e-09, 'SCF__INTS_TOLERANCE': 1e-12, 'MAXITER': 200, 'REFERENCE': 'RKS', 'SCF_TYPE': 'DF', 'function_kwargs': {}}
2026-08-22:16:18:10,345 INFO     [psi4.driver.driver:644] Compute gradient(): method=wb97x-d, basis=jun-cc-pvdz, molecule=default, nre=23.668701396883623
2026-08-22:16:18:11,270 INFO     [psi4.driver.driver:647] Return gradient(): -93.39216116197917
2026-08-22:16:18:11,270 INFO     [psi4.driver.driver:648] [[ 0.06054604  0.00185068  0.00081847]
 [-0.11772876 -0.00285292  0.00188701]
 [ 0.05760218  0.00101439 -0.00270293]]
2026-08-22:16:18:11,516 INFO     [psi4.driver.task_planner:259] PLANNING Atomic:  keywords={'D_CONVERGENCE': 1e-09, 'E_CONVERGENCE': 1e-09, 'SCF__INTS_TOLERANCE': 1e-12, 'MAXITER': 200, 'REFERENCE': 'RKS', 'SCF_TYPE': 'DF', 'function_kwargs': {}}
2026-08-22:16:18:11,518 INFO     [psi4.driver.driver:796] Compute properties(): method=wb97x-d, basis=jun-cc-pvdz, molecule=default, nre=23.668701396883623
2026-08-22:16:18:12,857 INFO     [psi4.driver.driver:799] Return properties(): -93.39216116197919
2026-08-22:16:18:12,923 INFO     [psi4.driver.task_planner:259] PLANNING Atomic:  keywords={'D_CONVERGENCE': 1e-09, 'E_CONVERGENCE': 1e-09, 'SCF__INTS_TOLERANCE': 1e-12, 'MAXITER': 200, 'REFERENCE': 'RKS', 'SCF_TYPE': 'DF', 'function_kwargs': {}}
2026-08-22:16:18:12,925 INFO     [psi4.driver.driver:644] Compute gradient(): method=wb97x-d, basis=jun-cc-pvdz, molecule=default, nre=24.60214034334906
2026-08-22:16:18:13,812 INFO     [psi4.driver.driver:647] Return gradient(): -93.3895507118408
2026-08-22:16:18:13,813 INFO     [psi4.driver.driver:648] [[-0.02787627  0.00337855  0.0011783 ]
 [ 0.17161968  0.00255657 -0.00835939]
 [-0.14309965 -0.00590691  0.00714886]]
2026-08-22:16:18:14,29 INFO     [psi4.driver.task_planner:259] PLANNING Atomic:  keywords={'D_CONVERGENCE': 1e-09, 'E_CONVERGENCE': 1e-09, 'SCF__INTS_TOLERANCE': 1e-12, 'MAXITER': 200, 'REFERENCE': 'RKS', 'SCF_TYPE': 'DF', 'function_kwargs': {}}
2026-08-22:16:18:14,31 INFO     [psi4.driver.driver:796] Compute properties(): method=wb97x-d, basis=jun-cc-pvdz, molecule=default, nre=24.60214034334906
2026-08-22:16:18:15,201 INFO     [psi4.driver.driver:799] Return properties(): -93.38955071184078
2026-08-22:16:18:15,269 INFO     [psi4.driver.task_planner:259] PLANNING Atomic:  keywords={'D_CONVERGENCE': 1e-09, 'E_CONVERGENCE': 1e-09, 'SCF__INTS_TOLERANCE': 1e-12, 'MAXITER': 200, 'REFERENCE': 'RKS', 'SCF_TYPE': 'DF', 'function_kwargs': {}}
2026-08-22:16:18:15,271 INFO     [psi4.driver.driver:644] Compute gradient(): method=wb97x-d, basis=jun-cc-pvdz, molecule=default, nre=22.865558235533392
2026-08-22:16:18:16,106 INFO     [psi4.driver.driver:647] Return gradient(): -93.38477571810986
2026-08-22:16:18:16,106 INFO     [psi4.driver.driver:648] [[ 0.04412264  0.00256258 -0.00250687]
 [-0.18403891 -0.0167254   0.01540064]
 [ 0.1395322   0.01413382 -0.01286646]]
2026-08-22:16:18:16,316 INFO     [psi4.driver.task_planner:259] PLANNING Atomic:  keywords={'D_CONVERGENCE': 1e-09, 'E_CONVERGENCE': 1e-09, 'SCF__INTS_TOLERANCE': 1e-12, 'MAXITER': 200, 'REFERENCE': 'RKS', 'SCF_TYPE': 'DF', 'function_kwargs': {}}
2026-08-22:16:18:16,320 INFO     [psi4.driver.driver:796] Compute properties(): method=wb97x-d, basis=jun-cc-pvdz, molecule=default, nre=22.865558235533392
2026-08-22:16:18:17,580 INFO     [psi4.driver.driver:799] Return properties(): -93.38477571810982
2026-08-22:16:18:17,661 INFO     [psi4.driver.task_planner:259] PLANNING Atomic:  keywords={'D_CONVERGENCE': 1e-09, 'E_CONVERGENCE': 1e-09, 'SCF__INTS_TOLERANCE': 1e-12, 'MAXITER': 200, 'REFERENCE': 'RKS', 'SCF_TYPE': 'DF', 'function_kwargs': {}}
2026-08-22:16:18:17,663 INFO     [psi4.driver.driver:644] Compute gradient(): method=wb97x-d, basis=jun-cc-pvdz, molecule=default, nre=22.80034456278354
2026-08-22:16:18:18,494 INFO     [psi4.driver.driver:647] Return gradient(): -93.38400868960719
2026-08-22:16:18:18,494 INFO     [psi4.driver.driver:648] [[ 0.02513094 -0.00250839 -0.00357424]
 [-0.1609916   0.01654543  0.02393618]
 [ 0.13552791 -0.01398396 -0.02027129]]
2026-08-22:16:18:18,715 INFO     [psi4.driver.task_planner:259] PLANNING Atomic:  keywords={'D_CONVERGENCE': 1e-09, 'E_CONVERGENCE': 1e-09, 'SCF__INTS_TOLERANCE': 1e-12, 'MAXITER': 200, 'REFERENCE': 'RKS', 'SCF_TYPE': 'DF', 'function_kwargs': {}}
2026-08-22:16:18:18,718 INFO     [psi4.driver.driver:796] Compute properties(): method=wb97x-d, basis=jun-cc-pvdz, molecule=default, nre=22.80034456278354
2026-08-22:16:18:19,952 INFO     [psi4.driver.driver:799] Return properties(): -93.38400868960709
2026-08-22:16:18:20,22 INFO     [psi4.driver.task_planner:259] PLANNING Atomic:  keywords={'D_CONVERGENCE': 1e-09, 'E_CONVERGENCE': 1e-09, 'SCF__INTS_TOLERANCE': 1e-12, 'MAXITER': 200, 'REFERENCE': 'RKS', 'SCF_TYPE': 'DF', 'function_kwargs': {}}
2026-08-22:16:18:20,24 INFO     [psi4.driver.driver:644] Compute gradient(): method=wb97x-d, basis=jun-cc-pvdz, molecule=default, nre=24.716627324751958
2026-08-22:16:18:20,832 INFO     [psi4.driver.driver:647] Return gradient(): -93.37656588305241
2026-08-22:16:18:20,832 INFO     [psi4.driver.driver:648] [[ 0.1489822   0.0008602   0.01348909]
 [-0.09784125 -0.00068564 -0.00947788]
 [-0.05012388 -0.00019634 -0.00406098]]
2026-08-22:16:18:21,48 INFO     [psi4.driver.task_planner:259] PLANNING Atomic:  keywords={'D_CONVERGENCE': 1e-09, 'E_CONVERGENCE': 1e-09, 'SCF__INTS_TOLERANCE': 1e-12, 'MAXITER': 200, 'REFERENCE': 'RKS', 'SCF_TYPE': 'DF', 'function_kwargs': {}}
2026-08-22:16:18:21,50 INFO     [psi4.driver.driver:796] Compute properties(): method=wb97x-d, basis=jun-cc-pvdz, molecule=default, nre=24.716627324751958
2026-08-22:16:18:22,353 INFO     [psi4.driver.driver:799] Return properties(): -93.37656588305236
2026-08-22:16:18:22,422 INFO     [psi4.driver.task_planner:259] PLANNING Atomic:  keywords={'D_CONVERGENCE': 1e-09, 'E_CONVERGENCE': 1e-09, 'SCF__INTS_TOLERANCE': 1e-12, 'MAXITER': 200, 'REFERENCE': 'RKS', 'SCF_TYPE': 'DF', 'function_kwargs': {}}
2026-08-22:16:18:22,424 INFO     [psi4.driver.driver:644] Compute gradient(): method=wb97x-d, basis=jun-cc-pvdz, molecule=default, nre=24.760924404551904
2026-08-22:16:18:23,191 INFO     [psi4.driver.driver:647] Return gradient(): -93.3889487927878
2026-08-22:16:18:23,191 INFO     [psi4.driver.driver:648] [[-0.01720214 -0.00101801 -0.00013849]
 [ 0.17896071  0.00170504 -0.00204379]
 [-0.16130038 -0.00068055  0.00217788]]
2026-08-22:16:18:23,395 INFO     [psi4.driver.task_planner:259] PLANNING Atomic:  keywords={'D_CONVERGENCE': 1e-09, 'E_CONVERGENCE': 1e-09, 'SCF__INTS_TOLERANCE': 1e-12, 'MAXITER': 200, 'REFERENCE': 'RKS', 'SCF_TYPE': 'DF', 'function_kwargs': {}}
2026-08-22:16:18:23,397 INFO     [psi4.driver.driver:796] Compute properties(): method=wb97x-d, basis=jun-cc-pvdz, molecule=default, nre=24.760924404551904
2026-08-22:16:18:24,542 INFO     [psi4.driver.driver:799] Return properties(): -93.38894879278766
2026-08-22:16:18:24,609 INFO     [psi4.driver.task_planner:259] PLANNING Atomic:  keywords={'D_CONVERGENCE': 1e-09, 'E_CONVERGENCE': 1e-09, 'SCF__INTS_TOLERANCE': 1e-12, 'MAXITER': 200, 'REFERENCE': 'RKS', 'SCF_TYPE': 'DF', 'function_kwargs': {}}
2026-08-22:16:18:24,611 INFO     [psi4.driver.driver:644] Compute gradient(): method=wb97x-d, basis=jun-cc-pvdz, molecule=default, nre=23.470685311980493
2026-08-22:16:18:25,439 INFO     [psi4.driver.driver:647] Return gradient(): -93.39536485585478
2026-08-22:16:18:25,439 INFO     [psi4.driver.driver:648] [[-0.02328323 -0.00489084  0.00169732]
 [-0.01051988  0.00965614 -0.00366684]
 [ 0.03427605 -0.00480919  0.00198856]]
2026-08-22:16:18:25,651 INFO     [psi4.driver.task_planner:259] PLANNING Atomic:  keywords={'D_CONVERGENCE': 1e-09, 'E_CONVERGENCE': 1e-09, 'SCF__INTS_TOLERANCE': 1e-12, 'MAXITER': 200, 'REFERENCE': 'RKS', 'SCF_TYPE': 'DF', 'function_kwargs': {}}
2026-08-22:16:18:25,653 INFO     [psi4.driver.driver:796] Compute properties(): method=wb97x-d, basis=jun-cc-pvdz, molecule=default, nre=23.470685311980493
2026-08-22:16:18:26,912 INFO     [psi4.driver.driver:799] Return properties(): -93.39536485585477
2026-08-22:16:18:26,990 INFO     [psi4.driver.task_planner:259] PLANNING Atomic:  keywords={'D_CONVERGENCE': 1e-09, 'E_CONVERGENCE': 1e-09, 'SCF__INTS_TOLERANCE': 1e-12, 'MAXITER': 200, 'REFERENCE': 'RKS', 'SCF_TYPE': 'DF', 'function_kwargs': {}}
2026-08-22:16:18:26,992 INFO     [psi4.driver.driver:644] Compute gradient(): method=wb97x-d, basis=jun-cc-pvdz, molecule=default, nre=23.784123994277174
2026-08-22:16:18:27,821 INFO     [psi4.driver.driver:647] Return gradient(): -93.3941413502932
2026-08-22:16:18:27,821 INFO     [psi4.driver.driver:648] [[-0.03560745  0.00806257  0.00105761]
 [ 0.0560422  -0.01135013 -0.00133635]
 [-0.01965095  0.00335747  0.00031607]]
2026-08-22:16:18:28,34 INFO     [psi4.driver.task_planner:259] PLANNING Atomic:  keywords={'D_CONVERGENCE': 1e-09, 'E_CONVERGENCE': 1e-09, 'SCF__INTS_TOLERANCE': 1e-12, 'MAXITER': 200, 'REFERENCE': 'RKS', 'SCF_TYPE': 'DF', 'function_kwargs': {}}
2026-08-22:16:18:28,36 INFO     [psi4.driver.driver:796] Compute properties(): method=wb97x-d, basis=jun-cc-pvdz, molecule=default, nre=23.784123994277174
2026-08-22:16:18:29,243 INFO     [psi4.driver.driver:799] Return properties(): -93.39414135029325
2026-08-22:16:18:29,313 INFO     [psi4.driver.task_planner:259] PLANNING Atomic:  keywords={'D_CONVERGENCE': 1e-09, 'E_CONVERGENCE': 1e-09, 'SCF__INTS_TOLERANCE': 1e-12, 'MAXITER': 200, 'REFERENCE': 'RKS', 'SCF_TYPE': 'DF', 'function_kwargs': {}}
2026-08-22:16:18:29,316 INFO     [psi4.driver.driver:644] Compute gradient(): method=wb97x-d, basis=jun-cc-pvdz, molecule=default, nre=25.242032660282042
2026-08-22:16:18:30,122 INFO     [psi4.driver.driver:647] Return gradient(): -93.38259210123454
2026-08-22:16:18:30,123 INFO     [psi4.driver.driver:648] [[ 0.01153017 -0.00244821 -0.00149922]
 [ 0.21312188 -0.01470983 -0.00936438]
 [-0.22485603  0.01718866  0.01088251]]
2026-08-22:16:18:30,361 INFO     [psi4.driver.task_planner:259] PLANNING Atomic:  keywords={'D_CONVERGENCE': 1e-09, 'E_CONVERGENCE': 1e-09, 'SCF__INTS_TOLERANCE': 1e-12, 'MAXITER': 200, 'REFERENCE': 'RKS', 'SCF_TYPE': 'DF', 'function_kwargs': {}}
2026-08-22:16:18:30,363 INFO     [psi4.driver.driver:796] Compute properties(): method=wb97x-d, basis=jun-cc-pvdz, molecule=default, nre=25.242032660282042
2026-08-22:16:18:31,515 INFO     [psi4.driver.driver:799] Return properties(): -93.38259210123454
2026-08-22:16:18:31,584 INFO     [psi4.driver.task_planner:259] PLANNING Atomic:  keywords={'D_CONVERGENCE': 1e-09, 'E_CONVERGENCE': 1e-09, 'SCF__INTS_TOLERANCE': 1e-12, 'MAXITER': 200, 'REFERENCE': 'RKS', 'SCF_TYPE': 'DF', 'function_kwargs': {}}
2026-08-22:16:18:31,586 INFO     [psi4.driver.driver:644] Compute gradient(): method=wb97x-d, basis=jun-cc-pvdz, molecule=default, nre=40.611699650285104
2026-08-22:16:18:32,476 INFO     [psi4.driver.driver:647] Return gradient(): -151.48570227313562
2026-08-22:16:18:32,476 INFO     [psi4.driver.driver:648] [[ 0.05596354  0.12865056  0.06500767]
 [-0.05596354 -0.12865056  0.06500767]
 [ 0.03331201 -0.11816516 -0.06498685]
 [-0.03331201  0.11816516 -0.06498685]]
2026-08-22:16:18:32,820 INFO     [psi4.driver.task_planner:259] PLANNING Atomic:  keywords={'D_CONVERGENCE': 1e-09, 'E_CONVERGENCE': 1e-09, 'SCF__INTS_TOLERANCE': 1e-12, 'MAXITER': 200, 'REFERENCE': 'RKS', 'SCF_TYPE': 'DF', 'function_kwargs': {}}
2026-08-22:16:18:32,822 INFO     [psi4.driver.driver:796] Compute properties(): method=wb97x-d, basis=jun-cc-pvdz, molecule=default, nre=40.611699650285104
2026-08-22:16:18:34,324 INFO     [psi4.driver.driver:799] Return properties(): -151.4857022731356
2026-08-22:16:18:34,400 INFO     [psi4.driver.task_planner:259] PLANNING Atomic:  keywords={'D_CONVERGENCE': 1e-09, 'E_CONVERGENCE': 1e-09, 'SCF__INTS_TOLERANCE': 1e-12, 'MAXITER': 200, 'REFERENCE': 'RKS', 'SCF_TYPE': 'DF', 'function_kwargs': {}}
2026-08-22:16:18:34,402 INFO     [psi4.driver.driver:644] Compute gradient(): method=wb97x-d, basis=jun-cc-pvdz, molecule=default, nre=39.51408614622335
2026-08-22:16:18:35,267 INFO     [psi4.driver.driver:647] Return gradient(): -151.5010621084401
2026-08-22:16:18:35,268 INFO     [psi4.driver.driver:648] [[ 0.03151429  0.09723518  0.04641019]
 [-0.03151429 -0.09723518  0.04641019]
 [ 0.01761777 -0.08328458 -0.04639227]
 [-0.01761777  0.08328458 -0.04639227]]
2026-08-22:16:18:35,587 INFO     [psi4.driver.task_planner:259] PLANNING Atomic:  keywords={'D_CONVERGENCE': 1e-09, 'E_CONVERGENCE': 1e-09, 'SCF__INTS_TOLERANCE': 1e-12, 'MAXITER': 200, 'REFERENCE': 'RKS', 'SCF_TYPE': 'DF', 'function_kwargs': {}}
2026-08-22:16:18:35,589 INFO     [psi4.driver.driver:796] Compute properties(): method=wb97x-d, basis=jun-cc-pvdz, molecule=default, nre=39.51408614622335
2026-08-22:16:18:37,55 INFO     [psi4.driver.driver:799] Return properties(): -151.50106210844004
2026-08-22:16:18:37,128 INFO     [psi4.driver.task_planner:259] PLANNING Atomic:  keywords={'D_CONVERGENCE': 1e-09, 'E_CONVERGENCE': 1e-09, 'SCF__INTS_TOLERANCE': 1e-12, 'MAXITER': 200, 'REFERENCE': 'RKS', 'SCF_TYPE': 'DF', 'function_kwargs': {}}
2026-08-22:16:18:37,130 INFO     [psi4.driver.driver:644] Compute gradient(): method=wb97x-d, basis=jun-cc-pvdz, molecule=default, nre=38.47424177395431
2026-08-22:16:18:38,10 INFO     [psi4.driver.driver:647] Return gradient(): -151.51038742138815
2026-08-22:16:18:38,10 INFO     [psi4.driver.driver:648] [[ 0.0127694   0.0702629   0.03058417]
 [-0.0127694  -0.0702629   0.03058417]
 [ 0.00449072 -0.05361584 -0.03056991]
 [-0.00449072  0.05361584 -0.03056991]]
2026-08-22:16:18:38,332 INFO     [psi4.driver.task_planner:259] PLANNING Atomic:  keywords={'D_CONVERGENCE': 1e-09, 'E_CONVERGENCE': 1e-09, 'SCF__INTS_TOLERANCE': 1e-12, 'MAXITER': 200, 'REFERENCE': 'RKS', 'SCF_TYPE': 'DF', 'function_kwargs': {}}
2026-08-22:16:18:38,334 INFO     [psi4.driver.driver:796] Compute properties(): method=wb97x-d, basis=jun-cc-pvdz, molecule=default, nre=38.47424177395431
2026-08-22:16:18:39,823 INFO     [psi4.driver.driver:799] Return properties(): -151.51038742138823
2026-08-22:16:18:39,898 INFO     [psi4.driver.task_planner:259] PLANNING Atomic:  keywords={'D_CONVERGENCE': 1e-09, 'E_CONVERGENCE': 1e-09, 'SCF__INTS_TOLERANCE': 1e-12, 'MAXITER': 200, 'REFERENCE': 'RKS', 'SCF_TYPE': 'DF', 'function_kwargs': {}}
2026-08-22:16:18:39,900 INFO     [psi4.driver.driver:644] Compute gradient(): method=wb97x-d, basis=jun-cc-pvdz, molecule=default, nre=37.487722754109335
2026-08-22:16:18:40,788 INFO     [psi4.driver.driver:647] Return gradient(): -151.5147302827421
2026-08-22:16:18:40,788 INFO     [psi4.driver.driver:648] [[-0.00147395  0.04708138  0.01712486]
 [ 0.00147395 -0.04708137  0.01712486]
 [-0.0064337  -0.02840017 -0.01711452]
 [ 0.0064337   0.02840017 -0.01711452]]
2026-08-22:16:18:41,102 INFO     [psi4.driver.task_planner:259] PLANNING Atomic:  keywords={'D_CONVERGENCE': 1e-09, 'E_CONVERGENCE': 1e-09, 'SCF__INTS_TOLERANCE': 1e-12, 'MAXITER': 200, 'REFERENCE': 'RKS', 'SCF_TYPE': 'DF', 'function_kwargs': {}}
2026-08-22:16:18:41,104 INFO     [psi4.driver.driver:796] Compute properties(): method=wb97x-d, basis=jun-cc-pvdz, molecule=default, nre=37.487722754109335
2026-08-22:16:18:42,637 INFO     [psi4.driver.driver:799] Return properties(): -151.51473028274208
2026-08-22:16:18:42,720 INFO     [psi4.driver.task_planner:259] PLANNING Atomic:  keywords={'D_CONVERGENCE': 1e-09, 'E_CONVERGENCE': 1e-09, 'SCF__INTS_TOLERANCE': 1e-12, 'MAXITER': 200, 'REFERENCE': 'RKS', 'SCF_TYPE': 'DF', 'function_kwargs': {}}
2026-08-22:16:18:42,722 INFO     [psi4.driver.driver:644] Compute gradient(): method=wb97x-d, basis=jun-cc-pvdz, molecule=default, nre=35.65905335146985
2026-08-22:16:18:43,637 INFO     [psi4.driver.driver:647] Return gradient(): -151.51182779580284
2026-08-22:16:18:43,637 INFO     [psi4.driver.driver:648] [[-0.02018702  0.0099466  -0.00402828]
 [ 0.02018702 -0.0099466  -0.00402828]
 [-0.02291024  0.01117817  0.00403124]
 [ 0.02291024 -0.01117817  0.00403124]]
2026-08-22:16:18:43,941 INFO     [psi4.driver.task_planner:259] PLANNING Atomic:  keywords={'D_CONVERGENCE': 1e-09, 'E_CONVERGENCE': 1e-09, 'SCF__INTS_TOLERANCE': 1e-12, 'MAXITER': 200, 'REFERENCE': 'RKS', 'SCF_TYPE': 'DF', 'function_kwargs': {}}
2026-08-22:16:18:43,943 INFO     [psi4.driver.driver:796] Compute properties(): method=wb97x-d, basis=jun-cc-pvdz, molecule=default, nre=35.65905335146985
2026-08-22:16:18:45,438 INFO     [psi4.driver.driver:799] Return properties(): -151.51182779580273
2026-08-22:16:18:45,512 INFO     [psi4.driver.task_planner:259] PLANNING Atomic:  keywords={'D_CONVERGENCE': 1e-09, 'E_CONVERGENCE': 1e-09, 'SCF__INTS_TOLERANCE': 1e-12, 'MAXITER': 200, 'REFERENCE': 'RKS', 'SCF_TYPE': 'DF', 'function_kwargs': {}}
2026-08-22:16:18:45,514 INFO     [psi4.driver.driver:644] Compute gradient(): method=wb97x-d, basis=jun-cc-pvdz, molecule=default, nre=34.81002827167295
2026-08-22:16:18:46,396 INFO     [psi4.driver.driver:647] Return gradient(): -151.50591894316523
2026-08-22:16:18:46,396 INFO     [psi4.driver.driver:648] [[-0.02601526 -0.00487156 -0.01226847]
 [ 0.02601526  0.00487155 -0.01226847]
 [-0.02898042  0.02656847  0.01226835]
 [ 0.02898041 -0.02656847  0.01226835]]
2026-08-22:16:18:46,690 INFO     [psi4.driver.task_planner:259] PLANNING Atomic:  keywords={'D_CONVERGENCE': 1e-09, 'E_CONVERGENCE': 1e-09, 'SCF__INTS_TOLERANCE': 1e-12, 'MAXITER': 200, 'REFERENCE': 'RKS', 'SCF_TYPE': 'DF', 'function_kwargs': {}}
2026-08-22:16:18:46,692 INFO     [psi4.driver.driver:796] Compute properties(): method=wb97x-d, basis=jun-cc-pvdz, molecule=default, nre=34.81002827167295
2026-08-22:16:18:48,266 INFO     [psi4.driver.driver:799] Return properties(): -151.505918943165
2026-08-22:16:18:48,349 INFO     [psi4.driver.task_planner:259] PLANNING Atomic:  keywords={'D_CONVERGENCE': 1e-09, 'E_CONVERGENCE': 1e-09, 'SCF__INTS_TOLERANCE': 1e-12, 'MAXITER': 200, 'REFERENCE': 'RKS', 'SCF_TYPE': 'DF', 'function_kwargs': {}}
2026-08-22:16:18:48,351 INFO     [psi4.driver.driver:644] Compute gradient(): method=wb97x-d, basis=jun-cc-pvdz, molecule=default, nre=34.00049273047125
2026-08-22:16:18:49,215 INFO     [psi4.driver.driver:647] Return gradient(): -151.49773626915072
2026-08-22:16:18:49,216 INFO     [psi4.driver.driver:648] [[-0.03021482 -0.01765109 -0.01925219]
 [ 0.03021482  0.01765109 -0.01925219]
 [-0.0338946   0.03958952  0.01924781]
 [ 0.0338946  -0.03958952  0.01924781]]
2026-08-22:16:18:49,501 INFO     [psi4.driver.task_planner:259] PLANNING Atomic:  keywords={'D_CONVERGENCE': 1e-09, 'E_CONVERGENCE': 1e-09, 'SCF__INTS_TOLERANCE': 1e-12, 'MAXITER': 200, 'REFERENCE': 'RKS', 'SCF_TYPE': 'DF', 'function_kwargs': {}}
2026-08-22:16:18:49,503 INFO     [psi4.driver.driver:796] Compute properties(): method=wb97x-d, basis=jun-cc-pvdz, molecule=default, nre=34.00049273047125
2026-08-22:16:18:51,85 INFO     [psi4.driver.driver:799] Return properties(): -151.49773626915055
2026-08-22:16:18:51,159 INFO     [psi4.driver.task_planner:259] PLANNING Atomic:  keywords={'D_CONVERGENCE': 1e-09, 'E_CONVERGENCE': 1e-09, 'SCF__INTS_TOLERANCE': 1e-12, 'MAXITER': 200, 'REFERENCE': 'RKS', 'SCF_TYPE': 'DF', 'function_kwargs': {}}
2026-08-22:16:18:51,161 INFO     [psi4.driver.driver:644] Compute gradient(): method=wb97x-d, basis=jun-cc-pvdz, molecule=default, nre=33.22775425932417
2026-08-22:16:18:52,21 INFO     [psi4.driver.driver:647] Return gradient(): -151.48770618976306
2026-08-22:16:18:52,21 INFO     [psi4.driver.driver:648] [[-0.03311816 -0.02867733 -0.0251591 ]
 [ 0.03311816  0.02867733 -0.0251591 ]
 [-0.03783207  0.05058382  0.02515237]
 [ 0.03783207 -0.05058382  0.02515237]]
2026-08-22:16:18:52,301 INFO     [psi4.driver.task_planner:259] PLANNING Atomic:  keywords={'D_CONVERGENCE': 1e-09, 'E_CONVERGENCE': 1e-09, 'SCF__INTS_TOLERANCE': 1e-12, 'MAXITER': 200, 'REFERENCE': 'RKS', 'SCF_TYPE': 'DF', 'function_kwargs': {}}
2026-08-22:16:18:52,304 INFO     [psi4.driver.driver:796] Compute properties(): method=wb97x-d, basis=jun-cc-pvdz, molecule=default, nre=33.22775425932417
2026-08-22:16:18:53,899 INFO     [psi4.driver.driver:799] Return properties(): -151.48770618976303
2026-08-22:16:18:53,976 INFO     [psi4.driver.task_planner:259] PLANNING Atomic:  keywords={'D_CONVERGENCE': 1e-09, 'E_CONVERGENCE': 1e-09, 'SCF__INTS_TOLERANCE': 1e-12, 'MAXITER': 200, 'REFERENCE': 'RKS', 'SCF_TYPE': 'DF', 'function_kwargs': {}}
2026-08-22:16:18:53,978 INFO     [psi4.driver.driver:644] Compute gradient(): method=wb97x-d, basis=jun-cc-pvdz, molecule=default, nre=36.95488018190733
2026-08-22:16:18:54,889 INFO     [psi4.driver.driver:647] Return gradient(): -151.5142949384717
2026-08-22:16:18:54,890 INFO     [psi4.driver.driver:648] [[ 0.00631371  0.02467798  0.00493921]
 [-0.01165457 -0.00896172 -0.0053791 ]
 [-0.01803365 -0.00325012 -0.00455189]
 [ 0.02336943 -0.01248063  0.00504102]]
2026-08-22:16:18:55,187 INFO     [psi4.driver.task_planner:259] PLANNING Atomic:  keywords={'D_CONVERGENCE': 1e-09, 'E_CONVERGENCE': 1e-09, 'SCF__INTS_TOLERANCE': 1e-12, 'MAXITER': 200, 'REFERENCE': 'RKS', 'SCF_TYPE': 'DF', 'function_kwargs': {}}
2026-08-22:16:18:55,189 INFO     [psi4.driver.driver:796] Compute properties(): method=wb97x-d, basis=jun-cc-pvdz, molecule=default, nre=36.95488018190733
2026-08-22:16:18:56,779 INFO     [psi4.driver.driver:799] Return properties(): -151.51429493847183
2026-08-22:16:18:56,851 INFO     [psi4.driver.task_planner:259] PLANNING Atomic:  keywords={'D_CONVERGENCE': 1e-09, 'E_CONVERGENCE': 1e-09, 'SCF__INTS_TOLERANCE': 1e-12, 'MAXITER': 200, 'REFERENCE': 'RKS', 'SCF_TYPE': 'DF', 'function_kwargs': {}}
2026-08-22:16:18:56,853 INFO     [psi4.driver.driver:644] Compute gradient(): method=wb97x-d, basis=jun-cc-pvdz, molecule=default, nre=36.32998769085701
2026-08-22:16:18:57,758 INFO     [psi4.driver.driver:647] Return gradient(): -151.51222403072745
2026-08-22:16:18:57,758 INFO     [psi4.driver.driver:648] [[-0.02642585  0.0587741   0.01759317]
 [ 0.0211959  -0.0286396   0.00560772]
 [-0.01091701 -0.03551407 -0.01649613]
 [ 0.01615776  0.0054     -0.00668827]]
2026-08-22:16:18:58,69 INFO     [psi4.driver.task_planner:259] PLANNING Atomic:  keywords={'D_CONVERGENCE': 1e-09, 'E_CONVERGENCE': 1e-09, 'SCF__INTS_TOLERANCE': 1e-12, 'MAXITER': 200, 'REFERENCE': 'RKS', 'SCF_TYPE': 'DF', 'function_kwargs': {}}
2026-08-22:16:18:58,71 INFO     [psi4.driver.driver:796] Compute properties(): method=wb97x-d, basis=jun-cc-pvdz, molecule=default, nre=36.32998769085701
2026-08-22:16:18:59,717 INFO     [psi4.driver.driver:799] Return properties(): -151.51222403072765
2026-08-22:16:18:59,795 INFO     [psi4.driver.task_planner:259] PLANNING Atomic:  keywords={'D_CONVERGENCE': 1e-09, 'E_CONVERGENCE': 1e-09, 'SCF__INTS_TOLERANCE': 1e-12, 'MAXITER': 200, 'REFERENCE': 'RKS', 'SCF_TYPE': 'DF', 'function_kwargs': {}}
2026-08-22:16:18:59,797 INFO     [psi4.driver.driver:644] Compute gradient(): method=wb97x-d, basis=jun-cc-pvdz, molecule=default, nre=35.759561122641436
2026-08-22:16:19:00,700 INFO     [psi4.driver.driver:647] Return gradient(): -151.51121299852687
2026-08-22:16:19:00,700 INFO     [psi4.driver.driver:648] [[-0.00688683 -0.00085113 -0.00527698]
 [ 0.01374283  0.02671782 -0.0273034 ]
 [-0.02607742  0.01539053  0.00883433]
 [ 0.01921641 -0.04125559  0.02376414]]
2026-08-22:16:19:01,9 INFO     [psi4.driver.task_planner:259] PLANNING Atomic:  keywords={'D_CONVERGENCE': 1e-09, 'E_CONVERGENCE': 1e-09, 'SCF__INTS_TOLERANCE': 1e-12, 'MAXITER': 200, 'REFERENCE': 'RKS', 'SCF_TYPE': 'DF', 'function_kwargs': {}}
2026-08-22:16:19:01,11 INFO     [psi4.driver.driver:796] Compute properties(): method=wb97x-d, basis=jun-cc-pvdz, molecule=default, nre=35.759561122641436
2026-08-22:16:19:02,640 INFO     [psi4.driver.driver:799] Return properties(): -151.51121299852684
2026-08-22:16:19:02,725 INFO     [psi4.driver.task_planner:259] PLANNING Atomic:  keywords={'D_CONVERGENCE': 1e-09, 'E_CONVERGENCE': 1e-09, 'SCF__INTS_TOLERANCE': 1e-12, 'MAXITER': 200, 'REFERENCE': 'RKS', 'SCF_TYPE': 'DF', 'function_kwargs': {}}
2026-08-22:16:19:02,727 INFO     [psi4.driver.driver:644] Compute gradient(): method=wb97x-d, basis=jun-cc-pvdz, molecule=default, nre=35.826441492981246
2026-08-22:16:19:03,646 INFO     [psi4.driver.driver:647] Return gradient(): -151.51166960074477
2026-08-22:16:19:03,646 INFO     [psi4.driver.driver:648] [[-0.01191236 -0.0203537  -0.02493859]
 [ 0.02993864 -0.04247767  0.01290926]
 [-0.02642649  0.03635477  0.02317919]
 [ 0.00839066  0.02645164 -0.01113397]]
2026-08-22:16:19:03,965 INFO     [psi4.driver.task_planner:259] PLANNING Atomic:  keywords={'D_CONVERGENCE': 1e-09, 'E_CONVERGENCE': 1e-09, 'SCF__INTS_TOLERANCE': 1e-12, 'MAXITER': 200, 'REFERENCE': 'RKS', 'SCF_TYPE': 'DF', 'function_kwargs': {}}
2026-08-22:16:19:03,967 INFO     [psi4.driver.driver:796] Compute properties(): method=wb97x-d, basis=jun-cc-pvdz, molecule=default, nre=35.826441492981246
2026-08-22:16:19:05,641 INFO     [psi4.driver.driver:799] Return properties(): -151.5116696007448
2026-08-22:16:19:05,722 INFO     [psi4.driver.task_planner:259] PLANNING Atomic:  keywords={'D_CONVERGENCE': 1e-09, 'E_CONVERGENCE': 1e-09, 'SCF__INTS_TOLERANCE': 1e-12, 'MAXITER': 200, 'REFERENCE': 'RKS', 'SCF_TYPE': 'DF', 'function_kwargs': {}}
2026-08-22:16:19:05,724 INFO     [psi4.driver.driver:644] Compute gradient(): method=wb97x-d, basis=jun-cc-pvdz, molecule=default, nre=36.11340150907967
2026-08-22:16:19:06,693 INFO     [psi4.driver.driver:647] Return gradient(): -151.4751621201688
2026-08-22:16:19:06,693 INFO     [psi4.driver.driver:648] [[-0.09908341  0.22575143  0.09757171]
 [ 0.08056743 -0.10922471  0.04868574]
 [ 0.03384327 -0.21643526 -0.09588747]
 [-0.01534127  0.09992393 -0.05033143]]
2026-08-22:16:19:07,27 INFO     [psi4.driver.task_planner:259] PLANNING Atomic:  keywords={'D_CONVERGENCE': 1e-09, 'E_CONVERGENCE': 1e-09, 'SCF__INTS_TOLERANCE': 1e-12, 'MAXITER': 200, 'REFERENCE': 'RKS', 'SCF_TYPE': 'DF', 'function_kwargs': {}}
2026-08-22:16:19:07,29 INFO     [psi4.driver.driver:796] Compute properties(): method=wb97x-d, basis=jun-cc-pvdz, molecule=default, nre=36.11340150907967
2026-08-22:16:19:08,670 INFO     [psi4.driver.driver:799] Return properties(): -151.47516212016885
2026-08-22:16:19:08,752 INFO     [psi4.driver.task_planner:259] PLANNING Atomic:  keywords={'D_CONVERGENCE': 1e-09, 'E_CONVERGENCE': 1e-09, 'SCF__INTS_TOLERANCE': 1e-12, 'MAXITER': 200, 'REFERENCE': 'RKS', 'SCF_TYPE': 'DF', 'function_kwargs': {}}
2026-08-22:16:19:08,754 INFO     [psi4.driver.driver:644] Compute gradient(): method=wb97x-d, basis=jun-cc-pvdz, molecule=default, nre=36.48934403429961
2026-08-22:16:19:09,713 INFO     [psi4.driver.driver:647] Return gradient(): -151.5082777821674
2026-08-22:16:19:09,713 INFO     [psi4.driver.driver:648] [[-0.05824234  0.10125265  0.0465075 ]
 [ 0.02947568  0.02182015 -0.00616077]
 [ 0.02820948 -0.10293457 -0.04528913]
 [ 0.00056327 -0.02012742  0.00498828]]
2026-08-22:16:19:10,52 INFO     [psi4.driver.task_planner:259] PLANNING Atomic:  keywords={'D_CONVERGENCE': 1e-09, 'E_CONVERGENCE': 1e-09, 'SCF__INTS_TOLERANCE': 1e-12, 'MAXITER': 200, 'REFERENCE': 'RKS', 'SCF_TYPE': 'DF', 'function_kwargs': {}}
2026-08-22:16:19:10,54 INFO     [psi4.driver.driver:796] Compute properties(): method=wb97x-d, basis=jun-cc-pvdz, molecule=default, nre=36.48934403429961
2026-08-22:16:19:11,728 INFO     [psi4.driver.driver:799] Return properties(): -151.50827778216726
2026-08-22:16:19:11,814 INFO     [psi4.driver.task_planner:259] PLANNING Atomic:  keywords={'D_CONVERGENCE': 1e-09, 'E_CONVERGENCE': 1e-09, 'SCF__INTS_TOLERANCE': 1e-12, 'MAXITER': 200, 'REFERENCE': 'RKS', 'SCF_TYPE': 'DF', 'function_kwargs': {}}
2026-08-22:16:19:11,817 INFO     [psi4.driver.driver:644] Compute gradient(): method=wb97x-d, basis=jun-cc-pvdz, molecule=default, nre=36.036860605929796
2026-08-22:16:19:12,716 INFO     [psi4.driver.driver:647] Return gradient(): -151.51466700842508
2026-08-22:16:19:12,716 INFO     [psi4.driver.driver:648] [[-0.02623428  0.02037365  0.00199403]
 [ 0.02502985 -0.02538426  0.00665568]
 [-0.01324103 -0.00329767 -0.00374766]
 [ 0.01443614  0.00830206 -0.00488723]]
2026-08-22:16:19:13,34 INFO     [psi4.driver.task_planner:259] PLANNING Atomic:  keywords={'D_CONVERGENCE': 1e-09, 'E_CONVERGENCE': 1e-09, 'SCF__INTS_TOLERANCE': 1e-12, 'MAXITER': 200, 'REFERENCE': 'RKS', 'SCF_TYPE': 'DF', 'function_kwargs': {}}
2026-08-22:16:19:13,36 INFO     [psi4.driver.driver:796] Compute properties(): method=wb97x-d, basis=jun-cc-pvdz, molecule=default, nre=36.036860605929796
2026-08-22:16:19:14,731 INFO     [psi4.driver.driver:799] Return properties(): -151.5146670084251
2026-08-22:16:19:14,816 INFO     [psi4.driver.task_planner:259] PLANNING Atomic:  keywords={'D_CONVERGENCE': 1e-09, 'E_CONVERGENCE': 1e-09, 'SCF__INTS_TOLERANCE': 1e-12, 'MAXITER': 200, 'REFERENCE': 'RKS', 'SCF_TYPE': 'DF', 'function_kwargs': {}}
2026-08-22:16:19:14,818 INFO     [psi4.driver.driver:644] Compute gradient(): method=wb97x-d, basis=jun-cc-pvdz, molecule=default, nre=37.56424494937042
2026-08-22:16:19:15,756 INFO     [psi4.driver.driver:647] Return gradient(): -151.5149966945357
2026-08-22:16:19:15,757 INFO     [psi4.driver.driver:648] [[ 0.00200759  0.04927235  0.01726994]
 [-0.01253106 -0.0273616   0.00725131]
 [-0.00402126 -0.03025349 -0.01809786]
 [ 0.01455147  0.00834615 -0.00640623]]
2026-08-22:16:19:16,92 INFO     [psi4.driver.task_planner:259] PLANNING Atomic:  keywords={'D_CONVERGENCE': 1e-09, 'E_CONVERGENCE': 1e-09, 'SCF__INTS_TOLERANCE': 1e-12, 'MAXITER': 200, 'REFERENCE': 'RKS', 'SCF_TYPE': 'DF', 'function_kwargs': {}}
2026-08-22:16:19:16,94 INFO     [psi4.driver.driver:796] Compute properties(): method=wb97x-d, basis=jun-cc-pvdz, molecule=default, nre=37.56424494937042
2026-08-22:16:19:17,698 INFO     [psi4.driver.driver:799] Return properties(): -151.5149966945358
2026-08-22:16:19:17,769 INFO     [psi4.driver.task_planner:259] PLANNING Atomic:  keywords={'D_CONVERGENCE': 1e-09, 'E_CONVERGENCE': 1e-09, 'SCF__INTS_TOLERANCE': 1e-12, 'MAXITER': 200, 'REFERENCE': 'RKS', 'SCF_TYPE': 'DF', 'function_kwargs': {}}
2026-08-22:16:19:17,771 INFO     [psi4.driver.driver:644] Compute gradient(): method=wb97x-d, basis=jun-cc-pvdz, molecule=default, nre=36.77376139140739
2026-08-22:16:19:18,725 INFO     [psi4.driver.driver:647] Return gradient(): -151.51299206160422
2026-08-22:16:19:18,725 INFO     [psi4.driver.driver:648] [[ 0.00924569 -0.02464111 -0.01725835]
 [ 0.00640795 -0.04441832  0.02028076]
 [-0.02278388  0.04149787  0.01497015]
 [ 0.00709869  0.02752989 -0.01796219]]
2026-08-22:16:19:19,17 INFO     [psi4.driver.task_planner:259] PLANNING Atomic:  keywords={'D_CONVERGENCE': 1e-09, 'E_CONVERGENCE': 1e-09, 'SCF__INTS_TOLERANCE': 1e-12, 'MAXITER': 200, 'REFERENCE': 'RKS', 'SCF_TYPE': 'DF', 'function_kwargs': {}}
2026-08-22:16:19:19,20 INFO     [psi4.driver.driver:796] Compute properties(): method=wb97x-d, basis=jun-cc-pvdz, molecule=default, nre=36.77376139140739
2026-08-22:16:19:20,699 INFO     [psi4.driver.driver:799] Return properties(): -151.5129920616041
2026-08-22:16:19:20,777 INFO     [psi4.driver.task_planner:259] PLANNING Atomic:  keywords={'D_CONVERGENCE': 1e-09, 'E_CONVERGENCE': 1e-09, 'SCF__INTS_TOLERANCE': 1e-12, 'MAXITER': 200, 'REFERENCE': 'RKS', 'SCF_TYPE': 'DF', 'function_kwargs': {}}
2026-08-22:16:19:20,780 INFO     [psi4.driver.driver:644] Compute gradient(): method=wb97x-d, basis=jun-cc-pvdz, molecule=default, nre=38.669651903168955
2026-08-22:16:19:21,699 INFO     [psi4.driver.driver:647] Return gradient(): -151.48494559519386
2026-08-22:16:19:21,699 INFO     [psi4.driver.driver:648] [[ 0.03615813  0.06776278  0.02455417]
 [ 0.02075056 -0.19203553  0.09112849]
 [-0.02534481 -0.03204558 -0.02034838]
 [-0.03155197  0.15627417 -0.09527884]]
2026-08-22:16:19:22,49 INFO     [psi4.driver.task_planner:259] PLANNING Atomic:  keywords={'D_CONVERGENCE': 1e-09, 'E_CONVERGENCE': 1e-09, 'SCF__INTS_TOLERANCE': 1e-12, 'MAXITER': 200, 'REFERENCE': 'RKS', 'SCF_TYPE': 'DF', 'function_kwargs': {}}
2026-08-22:16:19:22,51 INFO     [psi4.driver.driver:796] Compute properties(): method=wb97x-d, basis=jun-cc-pvdz, molecule=default, nre=38.669651903168955
2026-08-22:16:19:23,651 INFO     [psi4.driver.driver:799] Return properties(): -151.48494559519395
2026-08-22:16:19:23,725 INFO     [psi4.driver.task_planner:259] PLANNING Atomic:  keywords={'D_CONVERGENCE': 1e-09, 'E_CONVERGENCE': 1e-09, 'SCF__INTS_TOLERANCE': 1e-12, 'MAXITER': 200, 'REFERENCE': 'RKS', 'SCF_TYPE': 'DF', 'function_kwargs': {}}
2026-08-22:16:19:23,727 INFO     [psi4.driver.driver:644] Compute gradient(): method=wb97x-d, basis=jun-cc-pvdz, molecule=default, nre=36.9500148474151
2026-08-22:16:19:24,631 INFO     [psi4.driver.driver:647] Return gradient(): -151.49910863453067
2026-08-22:16:19:24,632 INFO     [psi4.driver.driver:648] [[ 0.04116342 -0.0395183  -0.02770619]
 [ 0.01093843 -0.08359975  0.02931323]
 [-0.04690764  0.06315902  0.02952258]
 [-0.00519268  0.05991469 -0.03107169]]
2026-08-22:16:19:24,960 INFO     [psi4.driver.task_planner:259] PLANNING Atomic:  keywords={'D_CONVERGENCE': 1e-09, 'E_CONVERGENCE': 1e-09, 'SCF__INTS_TOLERANCE': 1e-12, 'MAXITER': 200, 'REFERENCE': 'RKS', 'SCF_TYPE': 'DF', 'function_kwargs': {}}
2026-08-22:16:19:24,962 INFO     [psi4.driver.driver:796] Compute properties(): method=wb97x-d, basis=jun-cc-pvdz, molecule=default, nre=36.9500148474151
2026-08-22:16:19:26,609 INFO     [psi4.driver.driver:799] Return properties(): -151.49910863453076
2026-08-22:16:19:26,682 INFO     [psi4.driver.task_planner:259] PLANNING Atomic:  keywords={'D_CONVERGENCE': 1e-09, 'E_CONVERGENCE': 1e-09, 'SCF__INTS_TOLERANCE': 1e-12, 'MAXITER': 200, 'REFERENCE': 'RKS', 'SCF_TYPE': 'DF', 'function_kwargs': {}}
2026-08-22:16:19:26,684 INFO     [psi4.driver.driver:644] Compute gradient(): method=wb97x-d, basis=jun-cc-pvdz, molecule=default, nre=40.53665310660084
2026-08-22:16:19:27,642 INFO     [psi4.driver.driver:647] Return gradient(): -151.4728055240879
2026-08-22:16:19:27,642 INFO     [psi4.driver.driver:648] [[ 0.0669912   0.12055594  0.05121227]
 [-0.02790433 -0.17646437  0.12223116]
 [ 0.00804756 -0.09682083 -0.05684558]
 [-0.04714655  0.15271805 -0.11654386]]
2026-08-22:16:19:28,13 INFO     [psi4.driver.task_planner:259] PLANNING Atomic:  keywords={'D_CONVERGENCE': 1e-09, 'E_CONVERGENCE': 1e-09, 'SCF__INTS_TOLERANCE': 1e-12, 'MAXITER': 200, 'REFERENCE': 'RKS', 'SCF_TYPE': 'DF', 'function_kwargs': {}}
2026-08-22:16:19:28,15 INFO     [psi4.driver.driver:796] Compute properties(): method=wb97x-d, basis=jun-cc-pvdz, molecule=default, nre=40.53665310660084
2026-08-22:16:19:29,653 INFO     [psi4.driver.driver:799] Return properties(): -151.47280552408802
2026-08-22:16:19:29,742 INFO     [psi4.driver.task_planner:259] PLANNING Atomic:  keywords={'D_CONVERGENCE': 1e-09, 'E_CONVERGENCE': 1e-09, 'SCF__INTS_TOLERANCE': 1e-12, 'MAXITER': 200, 'REFERENCE': 'RKS', 'SCF_TYPE': 'DF', 'function_kwargs': {}}
2026-08-22:16:19:29,744 INFO     [psi4.driver.driver:644] Compute gradient(): method=wb97x-d, basis=jun-cc-pvdz, molecule=default, nre=36.45176746985851
2026-08-22:16:19:30,766 INFO     [psi4.driver.driver:647] Return gradient(): -151.51370724072746
2026-08-22:16:19:30,767 INFO     [psi4.driver.driver:648] [[ 0.00493561 -0.0050675  -0.01019462]
 [ 0.00783194 -0.0250154   0.0037047 ]
 [-0.02811192  0.02501169  0.01069939]
 [ 0.01533378  0.00505581 -0.00419981]]
2026-08-22:16:19:31,87 INFO     [psi4.driver.task_planner:259] PLANNING Atomic:  keywords={'D_CONVERGENCE': 1e-09, 'E_CONVERGENCE': 1e-09, 'SCF__INTS_TOLERANCE': 1e-12, 'MAXITER': 200, 'REFERENCE': 'RKS', 'SCF_TYPE': 'DF', 'function_kwargs': {}}
2026-08-22:16:19:31,90 INFO     [psi4.driver.driver:796] Compute properties(): method=wb97x-d, basis=jun-cc-pvdz, molecule=default, nre=36.45176746985851
2026-08-22:16:19:32,738 INFO     [psi4.driver.driver:799] Return properties(): -151.51370724072748
2026-08-22:16:19:32,809 INFO     [psi4.driver.task_planner:259] PLANNING Atomic:  keywords={'D_CONVERGENCE': 1e-09, 'E_CONVERGENCE': 1e-09, 'SCF__INTS_TOLERANCE': 1e-12, 'MAXITER': 200, 'REFERENCE': 'RKS', 'SCF_TYPE': 'DF', 'function_kwargs': {}}
2026-08-22:16:19:32,811 INFO     [psi4.driver.driver:644] Compute gradient(): method=wb97x-d, basis=jun-cc-pvdz, molecule=default, nre=35.980615390354124
2026-08-22:16:19:33,720 INFO     [psi4.driver.driver:647] Return gradient(): -151.50609775238212
2026-08-22:16:19:33,720 INFO     [psi4.driver.driver:648] [[-0.03196552  0.03944432  0.01199716]
 [ 0.05333217 -0.09199497  0.03738492]
 [-0.01899664 -0.01631842 -0.01014285]
 [-0.00235756  0.06886314 -0.0392329 ]]
2026-08-22:16:19:34,63 INFO     [psi4.driver.task_planner:259] PLANNING Atomic:  keywords={'D_CONVERGENCE': 1e-09, 'E_CONVERGENCE': 1e-09, 'SCF__INTS_TOLERANCE': 1e-12, 'MAXITER': 200, 'REFERENCE': 'RKS', 'SCF_TYPE': 'DF', 'function_kwargs': {}}
2026-08-22:16:19:34,65 INFO     [psi4.driver.driver:796] Compute properties(): method=wb97x-d, basis=jun-cc-pvdz, molecule=default, nre=35.980615390354124
2026-08-22:16:19:35,713 INFO     [psi4.driver.driver:799] Return properties(): -151.50609775238212
2026-08-22:16:19:35,797 INFO     [psi4.driver.task_planner:259] PLANNING Atomic:  keywords={'D_CONVERGENCE': 1e-09, 'E_CONVERGENCE': 1e-09, 'SCF__INTS_TOLERANCE': 1e-12, 'MAXITER': 200, 'REFERENCE': 'RKS', 'SCF_TYPE': 'DF', 'function_kwargs': {}}
2026-08-22:16:19:35,798 INFO     [psi4.driver.driver:644] Compute gradient(): method=wb97x-d, basis=jun-cc-pvdz, molecule=default, nre=35.05588888849186
2026-08-22:16:19:36,769 INFO     [psi4.driver.driver:647] Return gradient(): -151.5070311644731
2026-08-22:16:19:36,770 INFO     [psi4.driver.driver:648] [[-0.04232034  0.03969665  0.00974028]
 [ 0.03605223 -0.02383247  0.00122823]
 [-0.01671685 -0.01347863 -0.00983906]
 [ 0.022983   -0.00238263 -0.00112756]]
2026-08-22:16:19:37,73 INFO     [psi4.driver.task_planner:259] PLANNING Atomic:  keywords={'D_CONVERGENCE': 1e-09, 'E_CONVERGENCE': 1e-09, 'SCF__INTS_TOLERANCE': 1e-12, 'MAXITER': 200, 'REFERENCE': 'RKS', 'SCF_TYPE': 'DF', 'function_kwargs': {}}
2026-08-22:16:19:37,75 INFO     [psi4.driver.driver:796] Compute properties(): method=wb97x-d, basis=jun-cc-pvdz, molecule=default, nre=35.05588888849186
2026-08-22:16:19:38,720 INFO     [psi4.driver.driver:799] Return properties(): -151.5070311644731
2026-08-22:16:19:38,793 INFO     [psi4.driver.task_planner:259] PLANNING Atomic:  keywords={'D_CONVERGENCE': 1e-09, 'E_CONVERGENCE': 1e-09, 'SCF__INTS_TOLERANCE': 1e-12, 'MAXITER': 200, 'REFERENCE': 'RKS', 'SCF_TYPE': 'DF', 'function_kwargs': {}}
2026-08-22:16:19:38,795 INFO     [psi4.driver.driver:644] Compute gradient(): method=wb97x-d, basis=jun-cc-pvdz, molecule=default, nre=36.946692008775116
2026-08-22:16:19:39,680 INFO     [psi4.driver.driver:647] Return gradient(): -151.5049110366803
2026-08-22:16:19:39,681 INFO     [psi4.driver.driver:648] [[ 0.03673946 -0.02279    -0.02091337]
 [-0.05284851  0.05306206 -0.02830386]
 [-0.01973371  0.03385812  0.02073356]
 [ 0.03584156 -0.06414013  0.02850048]]
2026-08-22:16:19:39,971 INFO     [psi4.driver.task_planner:259] PLANNING Atomic:  keywords={'D_CONVERGENCE': 1e-09, 'E_CONVERGENCE': 1e-09, 'SCF__INTS_TOLERANCE': 1e-12, 'MAXITER': 200, 'REFERENCE': 'RKS', 'SCF_TYPE': 'DF', 'function_kwargs': {}}
2026-08-22:16:19:39,973 INFO     [psi4.driver.driver:796] Compute properties(): method=wb97x-d, basis=jun-cc-pvdz, molecule=default, nre=36.946692008775116
2026-08-22:16:19:41,678 INFO     [psi4.driver.driver:799] Return properties(): -151.50491103668028
2026-08-22:16:19:41,761 INFO     [psi4.driver.task_planner:259] PLANNING Atomic:  keywords={'D_CONVERGENCE': 1e-09, 'E_CONVERGENCE': 1e-09, 'SCF__INTS_TOLERANCE': 1e-12, 'MAXITER': 200, 'REFERENCE': 'RKS', 'SCF_TYPE': 'DF', 'function_kwargs': {}}
2026-08-22:16:19:41,764 INFO     [psi4.driver.driver:644] Compute gradient(): method=wb97x-d, basis=jun-cc-pvdz, molecule=default, nre=46.67877631572618
2026-08-22:16:19:43,331 INFO     [psi4.driver.driver:647] Return gradient(): -95.7575806298522
2026-08-22:16:19:43,331 INFO     [psi4.driver.driver:648] [[ 0.00592405 -0.00076705 -0.        ]
 [-0.04083225  0.11798443  0.        ]
 [ 0.05657306 -0.10645397  0.        ]
 [ 0.04504841  0.05307442 -0.08762209]
 [ 0.04504841  0.05307442  0.08762209]
 [-0.05586519 -0.05847266 -0.10739212]
 [-0.05586519 -0.05847266  0.10739212]]
2026-08-22:16:19:44,435 INFO     [psi4.driver.task_planner:259] PLANNING Atomic:  keywords={'D_CONVERGENCE': 1e-09, 'E_CONVERGENCE': 1e-09, 'SCF__INTS_TOLERANCE': 1e-12, 'MAXITER': 200, 'REFERENCE': 'RKS', 'SCF_TYPE': 'DF', 'function_kwargs': {}}
2026-08-22:16:19:44,437 INFO     [psi4.driver.driver:796] Compute properties(): method=wb97x-d, basis=jun-cc-pvdz, molecule=default, nre=46.67877631572618
2026-08-22:16:19:47,348 INFO     [psi4.driver.driver:799] Return properties(): -95.75758062985244
2026-08-22:16:19:47,424 INFO     [psi4.driver.task_planner:259] PLANNING Atomic:  keywords={'D_CONVERGENCE': 1e-09, 'E_CONVERGENCE': 1e-09, 'SCF__INTS_TOLERANCE': 1e-12, 'MAXITER': 200, 'REFERENCE': 'RKS', 'SCF_TYPE': 'DF', 'function_kwargs': {}}
2026-08-22:16:19:47,426 INFO     [psi4.driver.driver:644] Compute gradient(): method=wb97x-d, basis=jun-cc-pvdz, molecule=default, nre=45.41718776665249
2026-08-22:16:19:48,947 INFO     [psi4.driver.driver:647] Return gradient(): -95.79225985422846
2026-08-22:16:19:48,947 INFO     [psi4.driver.driver:648] [[-0.005761   -0.00269286 -0.        ]
 [-0.02255435  0.08606392  0.        ]
 [ 0.04344255 -0.0760588   0.        ]
 [ 0.03221754  0.03790641 -0.06192425]
 [ 0.03221754  0.03790641  0.06192425]
 [-0.03967935 -0.04157047 -0.07506859]
 [-0.03967935 -0.04157047  0.07506859]]
2026-08-22:16:19:49,959 INFO     [psi4.driver.task_planner:259] PLANNING Atomic:  keywords={'D_CONVERGENCE': 1e-09, 'E_CONVERGENCE': 1e-09, 'SCF__INTS_TOLERANCE': 1e-12, 'MAXITER': 200, 'REFERENCE': 'RKS', 'SCF_TYPE': 'DF', 'function_kwargs': {}}
2026-08-22:16:19:49,962 INFO     [psi4.driver.driver:796] Compute properties(): method=wb97x-d, basis=jun-cc-pvdz, molecule=default, nre=45.41718776665249
2026-08-22:16:19:52,922 INFO     [psi4.driver.driver:799] Return properties(): -95.79225985422856
2026-08-22:16:19:53,12 INFO     [psi4.driver.task_planner:259] PLANNING Atomic:  keywords={'D_CONVERGENCE': 1e-09, 'E_CONVERGENCE': 1e-09, 'SCF__INTS_TOLERANCE': 1e-12, 'MAXITER': 200, 'REFERENCE': 'RKS', 'SCF_TYPE': 'DF', 'function_kwargs': {}}
2026-08-22:16:19:53,14 INFO     [psi4.driver.driver:644] Compute gradient(): method=wb97x-d, basis=jun-cc-pvdz, molecule=default, nre=44.221998614898475
2026-08-22:16:19:54,576 INFO     [psi4.driver.driver:647] Return gradient(): -95.81552158057272
2026-08-22:16:19:54,576 INFO     [psi4.driver.driver:648] [[-0.01389087 -0.00444756  0.        ]
 [-0.00870345  0.05908566 -0.        ]
 [ 0.0320124  -0.04975032 -0.        ]
 [ 0.02109487  0.02477006 -0.03968969]
 [ 0.02109487  0.02477006  0.03968969]
 [-0.02570925 -0.02723133 -0.04731664]
 [-0.02570925 -0.02723133  0.04731664]]
2026-08-22:16:19:55,533 INFO     [psi4.driver.task_planner:259] PLANNING Atomic:  keywords={'D_CONVERGENCE': 1e-09, 'E_CONVERGENCE': 1e-09, 'SCF__INTS_TOLERANCE': 1e-12, 'MAXITER': 200, 'REFERENCE': 'RKS', 'SCF_TYPE': 'DF', 'function_kwargs': {}}
2026-08-22:16:19:55,535 INFO     [psi4.driver.driver:796] Compute properties(): method=wb97x-d, basis=jun-cc-pvdz, molecule=default, nre=44.221998614898475
2026-08-22:16:19:58,495 INFO     [psi4.driver.driver:799] Return properties(): -95.81552158057264
2026-08-22:16:19:58,578 INFO     [psi4.driver.task_planner:259] PLANNING Atomic:  keywords={'D_CONVERGENCE': 1e-09, 'E_CONVERGENCE': 1e-09, 'SCF__INTS_TOLERANCE': 1e-12, 'MAXITER': 200, 'REFERENCE': 'RKS', 'SCF_TYPE': 'DF', 'function_kwargs': {}}
2026-08-22:16:19:58,580 INFO     [psi4.driver.driver:644] Compute gradient(): method=wb97x-d, basis=jun-cc-pvdz, molecule=default, nre=43.088101214516456
2026-08-22:16:20:00,174 INFO     [psi4.driver.driver:647] Return gradient(): -95.8290676389653
2026-08-22:16:20:00,175 INFO     [psi4.driver.driver:648] [[-0.01912791 -0.00601288  0.        ]
 [ 0.0015948   0.03638501 -0.        ]
 [ 0.02208283 -0.0270238  -0.        ]
 [ 0.01147107  0.01341734 -0.02048877]
 [ 0.01147107  0.01341734  0.02048877]
 [-0.0136757  -0.01510717 -0.02353493]
 [-0.0136757  -0.01510717  0.02353493]]
2026-08-22:16:20:00,989 INFO     [psi4.driver.task_planner:259] PLANNING Atomic:  keywords={'D_CONVERGENCE': 1e-09, 'E_CONVERGENCE': 1e-09, 'SCF__INTS_TOLERANCE': 1e-12, 'MAXITER': 200, 'REFERENCE': 'RKS', 'SCF_TYPE': 'DF', 'function_kwargs': {}}
2026-08-22:16:20:00,991 INFO     [psi4.driver.driver:796] Compute properties(): method=wb97x-d, basis=jun-cc-pvdz, molecule=default, nre=43.088101214516456
2026-08-22:16:20:03,913 INFO     [psi4.driver.driver:799] Return properties(): -95.82906763896534
2026-08-22:16:20:04,3 INFO     [psi4.driver.task_planner:259] PLANNING Atomic:  keywords={'D_CONVERGENCE': 1e-09, 'E_CONVERGENCE': 1e-09, 'SCF__INTS_TOLERANCE': 1e-12, 'MAXITER': 200, 'REFERENCE': 'RKS', 'SCF_TYPE': 'DF', 'function_kwargs': {}}
2026-08-22:16:20:04,6 INFO     [psi4.driver.driver:644] Compute gradient(): method=wb97x-d, basis=jun-cc-pvdz, molecule=default, nre=40.98624261868638
2026-08-22:16:20:05,560 INFO     [psi4.driver.driver:647] Return gradient(): -95.83270337141047
2026-08-22:16:20:05,561 INFO     [psi4.driver.driver:648] [[-0.0230176  -0.00871412 -0.        ]
 [ 0.01396907  0.00155806 -0.        ]
 [ 0.0060522   0.00940184  0.        ]
 [-0.0039894  -0.00479256  0.01028819]
 [-0.0039894  -0.00479256 -0.01028819]
 [ 0.00550949  0.00364397  0.01411578]
 [ 0.00550949  0.00364397 -0.01411578]]
2026-08-22:16:20:06,440 INFO     [psi4.driver.task_planner:259] PLANNING Atomic:  keywords={'D_CONVERGENCE': 1e-09, 'E_CONVERGENCE': 1e-09, 'SCF__INTS_TOLERANCE': 1e-12, 'MAXITER': 200, 'REFERENCE': 'RKS', 'SCF_TYPE': 'DF', 'function_kwargs': {}}
2026-08-22:16:20:06,443 INFO     [psi4.driver.driver:796] Compute properties(): method=wb97x-d, basis=jun-cc-pvdz, molecule=default, nre=40.98624261868638
2026-08-22:16:20:09,345 INFO     [psi4.driver.driver:799] Return properties(): -95.8327033714104
2026-08-22:16:20:09,439 INFO     [psi4.driver.task_planner:259] PLANNING Atomic:  keywords={'D_CONVERGENCE': 1e-09, 'E_CONVERGENCE': 1e-09, 'SCF__INTS_TOLERANCE': 1e-12, 'MAXITER': 200, 'REFERENCE': 'RKS', 'SCF_TYPE': 'DF', 'function_kwargs': {}}
2026-08-22:16:20:09,441 INFO     [psi4.driver.driver:644] Compute gradient(): method=wb97x-d, basis=jun-cc-pvdz, molecule=default, nre=40.01037969919387
2026-08-22:16:20:10,949 INFO     [psi4.driver.driver:647] Return gradient(): -95.82516630329333
2026-08-22:16:20:10,949 INFO     [psi4.driver.driver:648] [[-0.02253819 -0.00987636  0.        ]
 [ 0.01707414 -0.01149506  0.        ]
 [-0.00034231  0.02384022 -0.        ]
 [-0.01012671 -0.01201499  0.02249159]
 [-0.01012671 -0.01201499 -0.02249159]
 [ 0.01305225  0.01074667  0.0288178 ]
 [ 0.01305225  0.01074667 -0.0288178 ]]
2026-08-22:16:20:11,780 INFO     [psi4.driver.task_planner:259] PLANNING Atomic:  keywords={'D_CONVERGENCE': 1e-09, 'E_CONVERGENCE': 1e-09, 'SCF__INTS_TOLERANCE': 1e-12, 'MAXITER': 200, 'REFERENCE': 'RKS', 'SCF_TYPE': 'DF', 'function_kwargs': {}}
2026-08-22:16:20:11,782 INFO     [psi4.driver.driver:796] Compute properties(): method=wb97x-d, basis=jun-cc-pvdz, molecule=default, nre=40.01037969919387
2026-08-22:16:20:14,667 INFO     [psi4.driver.driver:799] Return properties(): -95.82516630329336
2026-08-22:16:20:14,765 INFO     [psi4.driver.task_planner:259] PLANNING Atomic:  keywords={'D_CONVERGENCE': 1e-09, 'E_CONVERGENCE': 1e-09, 'SCF__INTS_TOLERANCE': 1e-12, 'MAXITER': 200, 'REFERENCE': 'RKS', 'SCF_TYPE': 'DF', 'function_kwargs': {}}
2026-08-22:16:20:14,768 INFO     [psi4.driver.driver:644] Compute gradient(): method=wb97x-d, basis=jun-cc-pvdz, molecule=default, nre=39.07990575270095
2026-08-22:16:20:16,381 INFO     [psi4.driver.driver:647] Return gradient(): -95.81271094339365
2026-08-22:16:20:16,381 INFO     [psi4.driver.driver:648] [[-0.02095548 -0.01091754  0.        ]
 [ 0.0186636  -0.02215055 -0.        ]
 [-0.00582869  0.0361858  -0.        ]
 [-0.01537338 -0.01819111  0.03292761]
 [-0.01537338 -0.01819111 -0.03292761]
 [ 0.01945091  0.01659946  0.04123766]
 [ 0.01945091  0.01659946 -0.04123766]]
2026-08-22:16:20:17,234 INFO     [psi4.driver.task_planner:259] PLANNING Atomic:  keywords={'D_CONVERGENCE': 1e-09, 'E_CONVERGENCE': 1e-09, 'SCF__INTS_TOLERANCE': 1e-12, 'MAXITER': 200, 'REFERENCE': 'RKS', 'SCF_TYPE': 'DF', 'function_kwargs': {}}
2026-08-22:16:20:17,236 INFO     [psi4.driver.driver:796] Compute properties(): method=wb97x-d, basis=jun-cc-pvdz, molecule=default, nre=39.07990575270095
2026-08-22:16:20:20,224 INFO     [psi4.driver.driver:799] Return properties(): -95.81271094339364
2026-08-22:16:20:20,306 INFO     [psi4.driver.task_planner:259] PLANNING Atomic:  keywords={'D_CONVERGENCE': 1e-09, 'E_CONVERGENCE': 1e-09, 'SCF__INTS_TOLERANCE': 1e-12, 'MAXITER': 200, 'REFERENCE': 'RKS', 'SCF_TYPE': 'DF', 'function_kwargs': {}}
2026-08-22:16:20:20,308 INFO     [psi4.driver.driver:644] Compute gradient(): method=wb97x-d, basis=jun-cc-pvdz, molecule=default, nre=38.19172607650322
2026-08-22:16:20:21,939 INFO     [psi4.driver.driver:647] Return gradient(): -95.79615484049103
2026-08-22:16:20:21,940 INFO     [psi4.driver.driver:648] [[-0.01856363 -0.0118665  -0.        ]
 [ 0.01910513 -0.03074588  0.        ]
 [-0.01051902  0.04670723  0.        ]
 [-0.01983889 -0.02345455  0.04182277]
 [-0.01983889 -0.02345455 -0.04182277]
 [ 0.02484753  0.02136932  0.05166931]
 [ 0.02484753  0.02136932 -0.05166931]]
2026-08-22:16:20:22,820 INFO     [psi4.driver.task_planner:259] PLANNING Atomic:  keywords={'D_CONVERGENCE': 1e-09, 'E_CONVERGENCE': 1e-09, 'SCF__INTS_TOLERANCE': 1e-12, 'MAXITER': 200, 'REFERENCE': 'RKS', 'SCF_TYPE': 'DF', 'function_kwargs': {}}
2026-08-22:16:20:22,822 INFO     [psi4.driver.driver:796] Compute properties(): method=wb97x-d, basis=jun-cc-pvdz, molecule=default, nre=38.19172607650322
2026-08-22:16:20:25,901 INFO     [psi4.driver.driver:799] Return properties(): -95.79615484049097
2026-08-22:16:20:25,997 INFO     [psi4.driver.task_planner:259] PLANNING Atomic:  keywords={'D_CONVERGENCE': 1e-09, 'E_CONVERGENCE': 1e-09, 'SCF__INTS_TOLERANCE': 1e-12, 'MAXITER': 200, 'REFERENCE': 'RKS', 'SCF_TYPE': 'DF', 'function_kwargs': {}}
2026-08-22:16:20:25,999 INFO     [psi4.driver.driver:644] Compute gradient(): method=wb97x-d, basis=jun-cc-pvdz, molecule=default, nre=41.5654671180896
2026-08-22:16:20:27,560 INFO     [psi4.driver.driver:647] Return gradient(): -95.83290064479283
2026-08-22:16:20:27,561 INFO     [psi4.driver.driver:648] [[-0.0316291  -0.0071346  -0.00672404]
 [ 0.00708388 -0.00599519  0.02354668]
 [ 0.01006096 -0.00569824  0.00090755]
 [ 0.00421796  0.00395542 -0.00077727]
 [ 0.00786218  0.00628281  0.00639715]
 [-0.00279911 -0.00236456  0.00422897]
 [ 0.00522882  0.01089315 -0.0275774 ]]
2026-08-22:16:20:28,550 INFO     [psi4.driver.task_planner:259] PLANNING Atomic:  keywords={'D_CONVERGENCE': 1e-09, 'E_CONVERGENCE': 1e-09, 'SCF__INTS_TOLERANCE': 1e-12, 'MAXITER': 200, 'REFERENCE': 'RKS', 'SCF_TYPE': 'DF', 'function_kwargs': {}}
2026-08-22:16:20:28,552 INFO     [psi4.driver.driver:796] Compute properties(): method=wb97x-d, basis=jun-cc-pvdz, molecule=default, nre=41.5654671180896
2026-08-22:16:20:31,542 INFO     [psi4.driver.driver:799] Return properties(): -95.83290064479293
2026-08-22:16:20:31,637 INFO     [psi4.driver.task_planner:259] PLANNING Atomic:  keywords={'D_CONVERGENCE': 1e-09, 'E_CONVERGENCE': 1e-09, 'SCF__INTS_TOLERANCE': 1e-12, 'MAXITER': 200, 'REFERENCE': 'RKS', 'SCF_TYPE': 'DF', 'function_kwargs': {}}
2026-08-22:16:20:31,639 INFO     [psi4.driver.driver:644] Compute gradient(): method=wb97x-d, basis=jun-cc-pvdz, molecule=default, nre=41.63221002011298
2026-08-22:16:20:33,180 INFO     [psi4.driver.driver:647] Return gradient(): -95.82648689530694
2026-08-22:16:20:33,180 INFO     [psi4.driver.driver:648] [[-0.04510464 -0.01115937  0.0519393 ]
 [ 0.01897255  0.01016914  0.07197936]
 [ 0.0123463  -0.0025945  -0.00319474]
 [ 0.02145393  0.01915089 -0.04241983]
 [-0.00551785 -0.01053636 -0.01277318]
 [-0.01227943 -0.02285068 -0.0373607 ]
 [ 0.01005425  0.01794593 -0.02820168]]
2026-08-22:16:20:34,137 INFO     [psi4.driver.task_planner:259] PLANNING Atomic:  keywords={'D_CONVERGENCE': 1e-09, 'E_CONVERGENCE': 1e-09, 'SCF__INTS_TOLERANCE': 1e-12, 'MAXITER': 200, 'REFERENCE': 'RKS', 'SCF_TYPE': 'DF', 'function_kwargs': {}}
2026-08-22:16:20:34,139 INFO     [psi4.driver.driver:796] Compute properties(): method=wb97x-d, basis=jun-cc-pvdz, molecule=default, nre=41.63221002011298
2026-08-22:16:20:37,73 INFO     [psi4.driver.driver:799] Return properties(): -95.826486895307
2026-08-22:16:20:37,154 INFO     [psi4.driver.task_planner:259] PLANNING Atomic:  keywords={'D_CONVERGENCE': 1e-09, 'E_CONVERGENCE': 1e-09, 'SCF__INTS_TOLERANCE': 1e-12, 'MAXITER': 200, 'REFERENCE': 'RKS', 'SCF_TYPE': 'DF', 'function_kwargs': {}}
2026-08-22:16:20:37,156 INFO     [psi4.driver.driver:644] Compute gradient(): method=wb97x-d, basis=jun-cc-pvdz, molecule=default, nre=43.209077684087234
2026-08-22:16:20:38,762 INFO     [psi4.driver.driver:647] Return gradient(): -95.81573409046355
2026-08-22:16:20:38,763 INFO     [psi4.driver.driver:648] [[ 0.07225839 -0.03597856 -0.03200193]
 [-0.14161387 -0.02193616  0.04612808]
 [ 0.01034292  0.00830442  0.00141704]
 [ 0.00490752  0.00060231  0.01412857]
 [ 0.01545675  0.01546658  0.01577634]
 [ 0.009361    0.00429993 -0.00111389]
 [ 0.02922811  0.0293124  -0.04442046]]
2026-08-22:16:20:39,491 INFO     [psi4.driver.task_planner:259] PLANNING Atomic:  keywords={'D_CONVERGENCE': 1e-09, 'E_CONVERGENCE': 1e-09, 'SCF__INTS_TOLERANCE': 1e-12, 'MAXITER': 200, 'REFERENCE': 'RKS', 'SCF_TYPE': 'DF', 'function_kwargs': {}}
2026-08-22:16:20:39,493 INFO     [psi4.driver.driver:796] Compute properties(): method=wb97x-d, basis=jun-cc-pvdz, molecule=default, nre=43.209077684087234
2026-08-22:16:20:42,602 INFO     [psi4.driver.driver:799] Return properties(): -95.81573409046354
2026-08-22:16:20:42,703 INFO     [psi4.driver.task_planner:259] PLANNING Atomic:  keywords={'D_CONVERGENCE': 1e-09, 'E_CONVERGENCE': 1e-09, 'SCF__INTS_TOLERANCE': 1e-12, 'MAXITER': 200, 'REFERENCE': 'RKS', 'SCF_TYPE': 'DF', 'function_kwargs': {}}
2026-08-22:16:20:42,705 INFO     [psi4.driver.driver:644] Compute gradient(): method=wb97x-d, basis=jun-cc-pvdz, molecule=default, nre=42.31194737438993
2026-08-22:16:20:44,291 INFO     [psi4.driver.driver:647] Return gradient(): -95.80839163629486
2026-08-22:16:20:44,292 INFO     [psi4.driver.driver:648] [[ 0.05260162  0.0075403   0.01410323]
 [-0.00898022  0.03821969  0.15798097]
 [ 0.01505649  0.00264869  0.00227286]
 [-0.00607556 -0.00360281  0.00123011]
 [-0.02275037 -0.01832647 -0.02580611]
 [-0.04018812 -0.0521192  -0.07710399]
 [ 0.01030959  0.02586536 -0.0728317 ]]
2026-08-22:16:20:45,147 INFO     [psi4.driver.task_planner:259] PLANNING Atomic:  keywords={'D_CONVERGENCE': 1e-09, 'E_CONVERGENCE': 1e-09, 'SCF__INTS_TOLERANCE': 1e-12, 'MAXITER': 200, 'REFERENCE': 'RKS', 'SCF_TYPE': 'DF', 'function_kwargs': {}}
2026-08-22:16:20:45,149 INFO     [psi4.driver.driver:796] Compute properties(): method=wb97x-d, basis=jun-cc-pvdz, molecule=default, nre=42.31194737438993
2026-08-22:16:20:48,223 INFO     [psi4.driver.driver:799] Return properties(): -95.8083916362949
2026-08-22:16:20:48,318 INFO     [psi4.driver.task_planner:259] PLANNING Atomic:  keywords={'D_CONVERGENCE': 1e-09, 'E_CONVERGENCE': 1e-09, 'SCF__INTS_TOLERANCE': 1e-12, 'MAXITER': 200, 'REFERENCE': 'RKS', 'SCF_TYPE': 'DF', 'function_kwargs': {}}
2026-08-22:16:20:48,321 INFO     [psi4.driver.driver:644] Compute gradient(): method=wb97x-d, basis=jun-cc-pvdz, molecule=default, nre=42.23768723349415
2026-08-22:16:20:49,930 INFO     [psi4.driver.driver:647] Return gradient(): -95.80544157742955
2026-08-22:16:20:49,931 INFO     [psi4.driver.driver:648] [[-0.03966127  0.02428734 -0.10518129]
 [-0.01938221  0.01078742  0.12705535]
 [ 0.03051925 -0.04991081 -0.0001444 ]
 [ 0.00883881 -0.01717081  0.03513627]
 [ 0.0176485   0.03895301  0.05218921]
 [-0.01890642 -0.03215061 -0.04004166]
 [ 0.0208984   0.02512036 -0.06892379]]
2026-08-22:16:20:50,867 INFO     [psi4.driver.task_planner:259] PLANNING Atomic:  keywords={'D_CONVERGENCE': 1e-09, 'E_CONVERGENCE': 1e-09, 'SCF__INTS_TOLERANCE': 1e-12, 'MAXITER': 200, 'REFERENCE': 'RKS', 'SCF_TYPE': 'DF', 'function_kwargs': {}}
2026-08-22:16:20:50,869 INFO     [psi4.driver.driver:796] Compute properties(): method=wb97x-d, basis=jun-cc-pvdz, molecule=default, nre=42.23768723349415
2026-08-22:16:20:53,888 INFO     [psi4.driver.driver:799] Return properties(): -95.8054415774296
2026-08-22:16:20:53,972 INFO     [psi4.driver.task_planner:259] PLANNING Atomic:  keywords={'D_CONVERGENCE': 1e-09, 'E_CONVERGENCE': 1e-09, 'SCF__INTS_TOLERANCE': 1e-12, 'MAXITER': 200, 'REFERENCE': 'RKS', 'SCF_TYPE': 'DF', 'function_kwargs': {}}
2026-08-22:16:20:53,974 INFO     [psi4.driver.driver:644] Compute gradient(): method=wb97x-d, basis=jun-cc-pvdz, molecule=default, nre=42.13525400536876
2026-08-22:16:20:55,554 INFO     [psi4.driver.driver:647] Return gradient(): -95.745354492523
2026-08-22:16:20:55,555 INFO     [psi4.driver.driver:648] [[-0.0927747  -0.14719716 -0.18585991]
 [ 0.11218343  0.12208323 -0.28471059]
 [-0.0046559   0.03239626  0.00175591]
 [-0.01775374  0.0037318   0.00733188]
 [ 0.08464802  0.10264612  0.20663209]
 [-0.01059493  0.01963874  0.0520888 ]
 [-0.07120784 -0.13333397  0.20290799]]
2026-08-22:16:20:56,432 INFO     [psi4.driver.task_planner:259] PLANNING Atomic:  keywords={'D_CONVERGENCE': 1e-09, 'E_CONVERGENCE': 1e-09, 'SCF__INTS_TOLERANCE': 1e-12, 'MAXITER': 200, 'REFERENCE': 'RKS', 'SCF_TYPE': 'DF', 'function_kwargs': {}}
2026-08-22:16:20:56,435 INFO     [psi4.driver.driver:796] Compute properties(): method=wb97x-d, basis=jun-cc-pvdz, molecule=default, nre=42.13525400536876
2026-08-22:16:20:59,401 INFO     [psi4.driver.driver:799] Return properties(): -95.74535449252303
2026-08-22:16:20:59,484 INFO     [psi4.driver.task_planner:259] PLANNING Atomic:  keywords={'D_CONVERGENCE': 1e-09, 'E_CONVERGENCE': 1e-09, 'SCF__INTS_TOLERANCE': 1e-12, 'MAXITER': 200, 'REFERENCE': 'RKS', 'SCF_TYPE': 'DF', 'function_kwargs': {}}
2026-08-22:16:20:59,486 INFO     [psi4.driver.driver:644] Compute gradient(): method=wb97x-d, basis=jun-cc-pvdz, molecule=default, nre=42.20712563609024
2026-08-22:16:21:01,12 INFO     [psi4.driver.driver:647] Return gradient(): -95.83237516286306
2026-08-22:16:21:01,12 INFO     [psi4.driver.driver:648] [[-0.01753484  0.04228835  0.01386037]
 [-0.00501404  0.00832567 -0.02042932]
 [ 0.02191578 -0.03690338 -0.0022275 ]
 [-0.00057222 -0.00496808  0.00259504]
 [ 0.00388768 -0.00334259 -0.00502685]
 [-0.00315134  0.0004062   0.00459782]
 [ 0.00047372 -0.0058207   0.00648039]]
2026-08-22:16:21:01,963 INFO     [psi4.driver.task_planner:259] PLANNING Atomic:  keywords={'D_CONVERGENCE': 1e-09, 'E_CONVERGENCE': 1e-09, 'SCF__INTS_TOLERANCE': 1e-12, 'MAXITER': 200, 'REFERENCE': 'RKS', 'SCF_TYPE': 'DF', 'function_kwargs': {}}
2026-08-22:16:21:01,965 INFO     [psi4.driver.driver:796] Compute properties(): method=wb97x-d, basis=jun-cc-pvdz, molecule=default, nre=42.20712563609024
2026-08-22:16:21:04,939 INFO     [psi4.driver.driver:799] Return properties(): -95.8323751628631
2026-08-22:16:21:05,37 INFO     [psi4.driver.task_planner:259] PLANNING Atomic:  keywords={'D_CONVERGENCE': 1e-09, 'E_CONVERGENCE': 1e-09, 'SCF__INTS_TOLERANCE': 1e-12, 'MAXITER': 200, 'REFERENCE': 'RKS', 'SCF_TYPE': 'DF', 'function_kwargs': {}}
2026-08-22:16:21:05,40 INFO     [psi4.driver.driver:644] Compute gradient(): method=wb97x-d, basis=jun-cc-pvdz, molecule=default, nre=41.78006047675951
2026-08-22:16:21:06,604 INFO     [psi4.driver.driver:647] Return gradient(): -95.82717576343626
2026-08-22:16:21:06,604 INFO     [psi4.driver.driver:648] [[-0.02403752  0.00209273  0.03731718]
 [ 0.04651238  0.05021295 -0.00231263]
 [ 0.01531692 -0.00309218  0.00263677]
 [ 0.00355958  0.00909211 -0.0113963 ]
 [-0.0086006  -0.01783271 -0.02891031]
 [-0.01425779 -0.01960488 -0.02261558]
 [-0.01825448 -0.02096645  0.02542872]]
2026-08-22:16:21:07,404 INFO     [psi4.driver.task_planner:259] PLANNING Atomic:  keywords={'D_CONVERGENCE': 1e-09, 'E_CONVERGENCE': 1e-09, 'SCF__INTS_TOLERANCE': 1e-12, 'MAXITER': 200, 'REFERENCE': 'RKS', 'SCF_TYPE': 'DF', 'function_kwargs': {}}
2026-08-22:16:21:07,406 INFO     [psi4.driver.driver:796] Compute properties(): method=wb97x-d, basis=jun-cc-pvdz, molecule=default, nre=41.78006047675951
2026-08-22:16:21:10,371 INFO     [psi4.driver.driver:799] Return properties(): -95.82717576343629
2026-08-22:16:21:10,461 INFO     [psi4.driver.task_planner:259] PLANNING Atomic:  keywords={'D_CONVERGENCE': 1e-09, 'E_CONVERGENCE': 1e-09, 'SCF__INTS_TOLERANCE': 1e-12, 'MAXITER': 200, 'REFERENCE': 'RKS', 'SCF_TYPE': 'DF', 'function_kwargs': {}}
2026-08-22:16:21:10,463 INFO     [psi4.driver.driver:644] Compute gradient(): method=wb97x-d, basis=jun-cc-pvdz, molecule=default, nre=41.78336382991902
2026-08-22:16:21:12,6 INFO     [psi4.driver.driver:647] Return gradient(): -95.81709672535143
2026-08-22:16:21:12,7 INFO     [psi4.driver.driver:648] [[-0.04221359 -0.09059484 -0.00658415]
 [-0.05279005 -0.02534238  0.01592954]
 [ 0.01757721  0.02633716  0.00327492]
 [ 0.02216633  0.02456419 -0.02883968]
 [ 0.01702302  0.02094057  0.02583468]
 [ 0.02104149  0.01975137  0.02892827]
 [ 0.01718071  0.0242251  -0.0384654 ]]
2026-08-22:16:21:12,965 INFO     [psi4.driver.task_planner:259] PLANNING Atomic:  keywords={'D_CONVERGENCE': 1e-09, 'E_CONVERGENCE': 1e-09, 'SCF__INTS_TOLERANCE': 1e-12, 'MAXITER': 200, 'REFERENCE': 'RKS', 'SCF_TYPE': 'DF', 'function_kwargs': {}}
2026-08-22:16:21:12,968 INFO     [psi4.driver.driver:796] Compute properties(): method=wb97x-d, basis=jun-cc-pvdz, molecule=default, nre=41.78336382991902
2026-08-22:16:21:15,977 INFO     [psi4.driver.driver:799] Return properties(): -95.81709672535136
2026-08-22:16:21:16,59 INFO     [psi4.driver.task_planner:259] PLANNING Atomic:  keywords={'D_CONVERGENCE': 1e-09, 'E_CONVERGENCE': 1e-09, 'SCF__INTS_TOLERANCE': 1e-12, 'MAXITER': 200, 'REFERENCE': 'RKS', 'SCF_TYPE': 'DF', 'function_kwargs': {}}
2026-08-22:16:21:16,60 INFO     [psi4.driver.driver:644] Compute gradient(): method=wb97x-d, basis=jun-cc-pvdz, molecule=default, nre=42.940770941233154
2026-08-22:16:21:17,684 INFO     [psi4.driver.driver:647] Return gradient(): -95.79323045211304
2026-08-22:16:21:17,684 INFO     [psi4.driver.driver:648] [[-0.02817244 -0.05618269 -0.01545568]
 [ 0.04282448  0.07220425  0.24063265]
 [ 0.01332259 -0.00838631 -0.00588544]
 [ 0.01710068  0.01970007 -0.02398112]
 [ 0.01262972  0.0323587   0.03738333]
 [-0.08073306 -0.08751755 -0.16932201]
 [ 0.02296661  0.02794755 -0.06339072]]
2026-08-22:16:21:18,685 INFO     [psi4.driver.task_planner:259] PLANNING Atomic:  keywords={'D_CONVERGENCE': 1e-09, 'E_CONVERGENCE': 1e-09, 'SCF__INTS_TOLERANCE': 1e-12, 'MAXITER': 200, 'REFERENCE': 'RKS', 'SCF_TYPE': 'DF', 'function_kwargs': {}}
2026-08-22:16:21:18,687 INFO     [psi4.driver.driver:796] Compute properties(): method=wb97x-d, basis=jun-cc-pvdz, molecule=default, nre=42.940770941233154
2026-08-22:16:21:21,717 INFO     [psi4.driver.driver:799] Return properties(): -95.79323045211306
2026-08-22:16:21:21,815 INFO     [psi4.driver.task_planner:259] PLANNING Atomic:  keywords={'D_CONVERGENCE': 1e-09, 'E_CONVERGENCE': 1e-09, 'SCF__INTS_TOLERANCE': 1e-12, 'MAXITER': 200, 'REFERENCE': 'RKS', 'SCF_TYPE': 'DF', 'function_kwargs': {}}
2026-08-22:16:21:21,817 INFO     [psi4.driver.driver:644] Compute gradient(): method=wb97x-d, basis=jun-cc-pvdz, molecule=default, nre=42.75357946371011
2026-08-22:16:21:23,417 INFO     [psi4.driver.driver:647] Return gradient(): -95.80605493863071
2026-08-22:16:21:23,418 INFO     [psi4.driver.driver:648] [[-0.0766757  -0.11987961  0.05229918]
 [ 0.00912769  0.05350859 -0.01090283]
 [ 0.02641427  0.00372586 -0.00414044]
 [ 0.03126628  0.05968267 -0.08223122]
 [ 0.0205783   0.02960347  0.03799054]
 [-0.0070535  -0.01058981 -0.02488602]
 [-0.00366683 -0.01584864  0.03169899]]
2026-08-22:16:21:24,364 INFO     [psi4.driver.task_planner:259] PLANNING Atomic:  keywords={'D_CONVERGENCE': 1e-09, 'E_CONVERGENCE': 1e-09, 'SCF__INTS_TOLERANCE': 1e-12, 'MAXITER': 200, 'REFERENCE': 'RKS', 'SCF_TYPE': 'DF', 'function_kwargs': {}}
2026-08-22:16:21:24,366 INFO     [psi4.driver.driver:796] Compute properties(): method=wb97x-d, basis=jun-cc-pvdz, molecule=default, nre=42.75357946371011
2026-08-22:16:21:27,421 INFO     [psi4.driver.driver:799] Return properties(): -95.8060549386307
2026-08-22:16:21:27,509 INFO     [psi4.driver.task_planner:259] PLANNING Atomic:  keywords={'D_CONVERGENCE': 1e-09, 'E_CONVERGENCE': 1e-09, 'SCF__INTS_TOLERANCE': 1e-12, 'MAXITER': 200, 'REFERENCE': 'RKS', 'SCF_TYPE': 'DF', 'function_kwargs': {}}
2026-08-22:16:21:27,511 INFO     [psi4.driver.driver:644] Compute gradient(): method=wb97x-d, basis=jun-cc-pvdz, molecule=default, nre=42.91691219737536
2026-08-22:16:21:29,141 INFO     [psi4.driver.driver:647] Return gradient(): -95.80243877872296
2026-08-22:16:21:29,141 INFO     [psi4.driver.driver:648] [[-0.04550402  0.11235096  0.02712709]
 [ 0.08290492  0.09043369  0.04899191]
 [ 0.03948011 -0.11046038  0.00247643]
 [ 0.01036664  0.00879168 -0.00884176]
 [-0.00964997 -0.01496392 -0.02984452]
 [-0.04888743 -0.05571314 -0.10681818]
 [-0.02860708 -0.03074365  0.06703778]]
2026-08-22:16:21:30,62 INFO     [psi4.driver.task_planner:259] PLANNING Atomic:  keywords={'D_CONVERGENCE': 1e-09, 'E_CONVERGENCE': 1e-09, 'SCF__INTS_TOLERANCE': 1e-12, 'MAXITER': 200, 'REFERENCE': 'RKS', 'SCF_TYPE': 'DF', 'function_kwargs': {}}
2026-08-22:16:21:30,65 INFO     [psi4.driver.driver:796] Compute properties(): method=wb97x-d, basis=jun-cc-pvdz, molecule=default, nre=42.91691219737536
2026-08-22:16:21:32,993 INFO     [psi4.driver.driver:799] Return properties(): -95.80243877872289
2026-08-22:16:21:33,76 INFO     [psi4.driver.task_planner:259] PLANNING Atomic:  keywords={'D_CONVERGENCE': 1e-09, 'E_CONVERGENCE': 1e-09, 'SCF__INTS_TOLERANCE': 1e-12, 'MAXITER': 200, 'REFERENCE': 'RKS', 'SCF_TYPE': 'DF', 'function_kwargs': {}}
2026-08-22:16:21:33,78 INFO     [psi4.driver.driver:644] Compute gradient(): method=wb97x-d, basis=jun-cc-pvdz, molecule=default, nre=42.10268158448843
2026-08-22:16:21:34,672 INFO     [psi4.driver.driver:647] Return gradient(): -95.8320681430371
2026-08-22:16:21:34,673 INFO     [psi4.driver.driver:648] [[-0.03448836  0.00201382  0.00718771]
 [ 0.01553967  0.02243113  0.02714881]
 [ 0.01894286 -0.01685513 -0.00326345]
 [ 0.01073481  0.00445708 -0.00728794]
 [ 0.00255302  0.00413982 -0.00022347]
 [-0.01049685 -0.01490186 -0.02310877]
 [-0.00269441 -0.00129124 -0.00047079]]
2026-08-22:16:21:35,630 INFO     [psi4.driver.task_planner:259] PLANNING Atomic:  keywords={'D_CONVERGENCE': 1e-09, 'E_CONVERGENCE': 1e-09, 'SCF__INTS_TOLERANCE': 1e-12, 'MAXITER': 200, 'REFERENCE': 'RKS', 'SCF_TYPE': 'DF', 'function_kwargs': {}}
2026-08-22:16:21:35,632 INFO     [psi4.driver.driver:796] Compute properties(): method=wb97x-d, basis=jun-cc-pvdz, molecule=default, nre=42.10268158448843
2026-08-22:16:21:38,608 INFO     [psi4.driver.driver:799] Return properties(): -95.83206814303709
2026-08-22:16:21:38,713 INFO     [psi4.driver.task_planner:259] PLANNING Atomic:  keywords={'D_CONVERGENCE': 1e-09, 'E_CONVERGENCE': 1e-09, 'SCF__INTS_TOLERANCE': 1e-12, 'MAXITER': 200, 'REFERENCE': 'RKS', 'SCF_TYPE': 'DF', 'function_kwargs': {}}
2026-08-22:16:21:38,715 INFO     [psi4.driver.driver:644] Compute gradient(): method=wb97x-d, basis=jun-cc-pvdz, molecule=default, nre=42.66968071300275
2026-08-22:16:21:40,258 INFO     [psi4.driver.driver:647] Return gradient(): -95.83074713145551
2026-08-22:16:21:40,258 INFO     [psi4.driver.driver:648] [[ 0.00947436 -0.01322765 -0.04174023]
 [-0.0278843   0.00909554  0.0380001 ]
 [ 0.01163555 -0.01517036 -0.00221321]
 [ 0.00090041 -0.00079887  0.00058709]
 [ 0.00445169  0.01979528  0.03052047]
 [ 0.00014927 -0.00695371 -0.01128969]
 [ 0.00130994  0.00733772 -0.01393903]]
2026-08-22:16:21:41,189 INFO     [psi4.driver.task_planner:259] PLANNING Atomic:  keywords={'D_CONVERGENCE': 1e-09, 'E_CONVERGENCE': 1e-09, 'SCF__INTS_TOLERANCE': 1e-12, 'MAXITER': 200, 'REFERENCE': 'RKS', 'SCF_TYPE': 'DF', 'function_kwargs': {}}
2026-08-22:16:21:41,192 INFO     [psi4.driver.driver:796] Compute properties(): method=wb97x-d, basis=jun-cc-pvdz, molecule=default, nre=42.66968071300275
2026-08-22:16:21:44,150 INFO     [psi4.driver.driver:799] Return properties(): -95.83074713145561
2026-08-22:16:21:44,252 INFO     [psi4.driver.task_planner:259] PLANNING Atomic:  keywords={'D_CONVERGENCE': 1e-09, 'E_CONVERGENCE': 1e-09, 'SCF__INTS_TOLERANCE': 1e-12, 'MAXITER': 200, 'REFERENCE': 'RKS', 'SCF_TYPE': 'DF', 'function_kwargs': {}}
2026-08-22:16:21:44,255 INFO     [psi4.driver.driver:644] Compute gradient(): method=wb97x-d, basis=jun-cc-pvdz, molecule=default, nre=42.53511853561774
2026-08-22:16:21:45,818 INFO     [psi4.driver.driver:647] Return gradient(): -95.80115863790199
2026-08-22:16:21:45,819 INFO     [psi4.driver.driver:648] [[-0.05246103  0.16375804 -0.02977556]
 [ 0.04239701  0.04700594  0.13080458]
 [ 0.05874308 -0.14021569 -0.00044269]
 [-0.00522616 -0.02317365  0.03031383]
 [-0.00058087 -0.00033004 -0.00621211]
 [-0.04596379 -0.05875688 -0.10046192]
 [ 0.00308084  0.01156304 -0.02428982]]
2026-08-22:16:21:46,679 INFO     [psi4.driver.task_planner:259] PLANNING Atomic:  keywords={'D_CONVERGENCE': 1e-09, 'E_CONVERGENCE': 1e-09, 'SCF__INTS_TOLERANCE': 1e-12, 'MAXITER': 200, 'REFERENCE': 'RKS', 'SCF_TYPE': 'DF', 'function_kwargs': {}}
2026-08-22:16:21:46,681 INFO     [psi4.driver.driver:796] Compute properties(): method=wb97x-d, basis=jun-cc-pvdz, molecule=default, nre=42.53511853561774
2026-08-22:16:21:49,636 INFO     [psi4.driver.driver:799] Return properties(): -95.80115863790198
2026-08-22:16:21:49,722 INFO     [psi4.driver.task_planner:259] PLANNING Atomic:  keywords={'D_CONVERGENCE': 1e-09, 'E_CONVERGENCE': 1e-09, 'SCF__INTS_TOLERANCE': 1e-12, 'MAXITER': 200, 'REFERENCE': 'RKS', 'SCF_TYPE': 'DF', 'function_kwargs': {}}
2026-08-22:16:21:49,724 INFO     [psi4.driver.driver:644] Compute gradient(): method=wb97x-d, basis=jun-cc-pvdz, molecule=default, nre=42.95878822725625
2026-08-22:16:21:51,328 INFO     [psi4.driver.driver:647] Return gradient(): -95.81940182391097
2026-08-22:16:21:51,328 INFO     [psi4.driver.driver:648] [[ 0.05077951  0.03248249 -0.00656494]
 [-0.01007766  0.0510132   0.10765426]
 [ 0.01753323 -0.01544902  0.003645  ]
 [ 0.00265459 -0.00624696  0.00815129]
 [-0.02381488 -0.01588903 -0.01803173]
 [-0.03291883 -0.05041929 -0.07947856]
 [-0.00422594  0.00460642 -0.01527429]]
2026-08-22:16:21:52,93 INFO     [psi4.driver.task_planner:259] PLANNING Atomic:  keywords={'D_CONVERGENCE': 1e-09, 'E_CONVERGENCE': 1e-09, 'SCF__INTS_TOLERANCE': 1e-12, 'MAXITER': 200, 'REFERENCE': 'RKS', 'SCF_TYPE': 'DF', 'function_kwargs': {}}
2026-08-22:16:21:52,95 INFO     [psi4.driver.driver:796] Compute properties(): method=wb97x-d, basis=jun-cc-pvdz, molecule=default, nre=42.95878822725625
2026-08-22:16:21:55,126 INFO     [psi4.driver.driver:799] Return properties(): -95.81940182391106
2026-08-22:16:21:55,228 INFO     [psi4.driver.task_planner:259] PLANNING Atomic:  keywords={'D_CONVERGENCE': 1e-09, 'E_CONVERGENCE': 1e-09, 'SCF__INTS_TOLERANCE': 1e-12, 'MAXITER': 200, 'REFERENCE': 'RKS', 'SCF_TYPE': 'DF', 'function_kwargs': {}}
2026-08-22:16:21:55,230 INFO     [psi4.driver.driver:644] Compute gradient(): method=wb97x-d, basis=jun-cc-pvdz, molecule=default, nre=64.87996452659004
2026-08-22:16:21:56,77 INFO     [psi4.driver.driver:647] Return gradient(): -188.46863854923993
2026-08-22:16:21:56,77 INFO     [psi4.driver.driver:648] [[ 0.39944896  0.          0.        ]
 [-0.00000001 -0.          0.        ]
 [-0.39944895 -0.          0.        ]]
2026-08-22:16:21:56,395 INFO     [psi4.driver.task_planner:259] PLANNING Atomic:  keywords={'D_CONVERGENCE': 1e-09, 'E_CONVERGENCE': 1e-09, 'SCF__INTS_TOLERANCE': 1e-12, 'MAXITER': 200, 'REFERENCE': 'RKS', 'SCF_TYPE': 'DF', 'function_kwargs': {}}
2026-08-22:16:21:56,397 INFO     [psi4.driver.driver:796] Compute properties(): method=wb97x-d, basis=jun-cc-pvdz, molecule=default, nre=64.87996452659004
2026-08-22:16:21:57,604 INFO     [psi4.driver.driver:799] Return properties(): -188.46863854923993
2026-08-22:16:21:57,687 INFO     [psi4.driver.task_planner:259] PLANNING Atomic:  keywords={'D_CONVERGENCE': 1e-09, 'E_CONVERGENCE': 1e-09, 'SCF__INTS_TOLERANCE': 1e-12, 'MAXITER': 200, 'REFERENCE': 'RKS', 'SCF_TYPE': 'DF', 'function_kwargs': {}}
2026-08-22:16:21:57,689 INFO     [psi4.driver.driver:644] Compute gradient(): method=wb97x-d, basis=jun-cc-pvdz, molecule=default, nre=63.12645197181733
2026-08-22:16:21:58,571 INFO     [psi4.driver.driver:647] Return gradient(): -188.5052249183808
2026-08-22:16:21:58,571 INFO     [psi4.driver.driver:648] [[ 0.27208946  0.          0.        ]
 [-0.          0.         -0.        ]
 [-0.27208946 -0.         -0.        ]]
2026-08-22:16:21:58,861 INFO     [psi4.driver.task_planner:259] PLANNING Atomic:  keywords={'D_CONVERGENCE': 1e-09, 'E_CONVERGENCE': 1e-09, 'SCF__INTS_TOLERANCE': 1e-12, 'MAXITER': 200, 'REFERENCE': 'RKS', 'SCF_TYPE': 'DF', 'function_kwargs': {}}
2026-08-22:16:21:58,864 INFO     [psi4.driver.driver:796] Compute properties(): method=wb97x-d, basis=jun-cc-pvdz, molecule=default, nre=63.12645197181733
2026-08-22:16:22:00,57 INFO     [psi4.driver.driver:799] Return properties(): -188.5052249183808
2026-08-22:16:22:00,148 INFO     [psi4.driver.task_planner:259] PLANNING Atomic:  keywords={'D_CONVERGENCE': 1e-09, 'E_CONVERGENCE': 1e-09, 'SCF__INTS_TOLERANCE': 1e-12, 'MAXITER': 200, 'REFERENCE': 'RKS', 'SCF_TYPE': 'DF', 'function_kwargs': {}}
2026-08-22:16:22:00,150 INFO     [psi4.driver.driver:644] Compute gradient(): method=wb97x-d, basis=jun-cc-pvdz, molecule=default, nre=61.465229551506354
2026-08-22:16:22:01,66 INFO     [psi4.driver.driver:647] Return gradient(): -188.52905010626998
2026-08-22:16:22:01,66 INFO     [psi4.driver.driver:648] [[ 0.16630154 -0.          0.        ]
 [-0.00000001  0.          0.        ]
 [-0.16630154 -0.          0.        ]]
2026-08-22:16:22:01,332 INFO     [psi4.driver.task_planner:259] PLANNING Atomic:  keywords={'D_CONVERGENCE': 1e-09, 'E_CONVERGENCE': 1e-09, 'SCF__INTS_TOLERANCE': 1e-12, 'MAXITER': 200, 'REFERENCE': 'RKS', 'SCF_TYPE': 'DF', 'function_kwargs': {}}
2026-08-22:16:22:01,334 INFO     [psi4.driver.driver:796] Compute properties(): method=wb97x-d, basis=jun-cc-pvdz, molecule=default, nre=61.465229551506354
2026-08-22:16:22:02,520 INFO     [psi4.driver.driver:799] Return properties(): -188.52905010627003
2026-08-22:16:22:02,604 INFO     [psi4.driver.task_planner:259] PLANNING Atomic:  keywords={'D_CONVERGENCE': 1e-09, 'E_CONVERGENCE': 1e-09, 'SCF__INTS_TOLERANCE': 1e-12, 'MAXITER': 200, 'REFERENCE': 'RKS', 'SCF_TYPE': 'DF', 'function_kwargs': {}}
2026-08-22:16:22:02,606 INFO     [psi4.driver.driver:644] Compute gradient(): method=wb97x-d, basis=jun-cc-pvdz, molecule=default, nre=59.88919802454465
2026-08-22:16:22:03,500 INFO     [psi4.driver.driver:647] Return gradient(): -188.5423229522881
2026-08-22:16:22:03,500 INFO     [psi4.driver.driver:648] [[ 0.07870566 -0.         -0.        ]
 [ 0.          0.          0.        ]
 [-0.07870566 -0.          0.        ]]
2026-08-22:16:22:03,763 INFO     [psi4.driver.task_planner:259] PLANNING Atomic:  keywords={'D_CONVERGENCE': 1e-09, 'E_CONVERGENCE': 1e-09, 'SCF__INTS_TOLERANCE': 1e-12, 'MAXITER': 200, 'REFERENCE': 'RKS', 'SCF_TYPE': 'DF', 'function_kwargs': {}}
2026-08-22:16:22:03,765 INFO     [psi4.driver.driver:796] Compute properties(): method=wb97x-d, basis=jun-cc-pvdz, molecule=default, nre=59.88919802454465
2026-08-22:16:22:04,892 INFO     [psi4.driver.driver:799] Return properties(): -188.54232295228783
2026-08-22:16:22:04,976 INFO     [psi4.driver.task_planner:259] PLANNING Atomic:  keywords={'D_CONVERGENCE': 1e-09, 'E_CONVERGENCE': 1e-09, 'SCF__INTS_TOLERANCE': 1e-12, 'MAXITER': 200, 'REFERENCE': 'RKS', 'SCF_TYPE': 'DF', 'function_kwargs': {}}
2026-08-22:16:22:04,978 INFO     [psi4.driver.driver:644] Compute gradient(): method=wb97x-d, basis=jun-cc-pvdz, molecule=default, nre=56.967773730664426
2026-08-22:16:22:05,902 INFO     [psi4.driver.driver:647] Return gradient(): -188.54424925010807
2026-08-22:16:22:05,903 INFO     [psi4.driver.driver:648] [[-0.05237084 -0.         -0.        ]
 [-0.          0.         -0.        ]
 [ 0.05237085 -0.          0.        ]]
2026-08-22:16:22:06,147 INFO     [psi4.driver.task_planner:259] PLANNING Atomic:  keywords={'D_CONVERGENCE': 1e-09, 'E_CONVERGENCE': 1e-09, 'SCF__INTS_TOLERANCE': 1e-12, 'MAXITER': 200, 'REFERENCE': 'RKS', 'SCF_TYPE': 'DF', 'function_kwargs': {}}
2026-08-22:16:22:06,149 INFO     [psi4.driver.driver:796] Compute properties(): method=wb97x-d, basis=jun-cc-pvdz, molecule=default, nre=56.967773730664426
2026-08-22:16:22:07,360 INFO     [psi4.driver.driver:799] Return properties(): -188.54424925010812
2026-08-22:16:22:07,455 INFO     [psi4.driver.task_planner:259] PLANNING Atomic:  keywords={'D_CONVERGENCE': 1e-09, 'E_CONVERGENCE': 1e-09, 'SCF__INTS_TOLERANCE': 1e-12, 'MAXITER': 200, 'REFERENCE': 'RKS', 'SCF_TYPE': 'DF', 'function_kwargs': {}}
2026-08-22:16:22:07,457 INFO     [psi4.driver.driver:644] Compute gradient(): method=wb97x-d, basis=jun-cc-pvdz, molecule=default, nre=55.61139816564861
2026-08-22:16:22:08,390 INFO     [psi4.driver.driver:647] Return gradient(): -188.53578631825238
2026-08-22:16:22:08,390 INFO     [psi4.driver.driver:648] [[-0.10050534 -0.         -0.        ]
 [-0.         -0.          0.        ]
 [ 0.10050534 -0.         -0.        ]]
2026-08-22:16:22:08,641 INFO     [psi4.driver.task_planner:259] PLANNING Atomic:  keywords={'D_CONVERGENCE': 1e-09, 'E_CONVERGENCE': 1e-09, 'SCF__INTS_TOLERANCE': 1e-12, 'MAXITER': 200, 'REFERENCE': 'RKS', 'SCF_TYPE': 'DF', 'function_kwargs': {}}
2026-08-22:16:22:08,643 INFO     [psi4.driver.driver:796] Compute properties(): method=wb97x-d, basis=jun-cc-pvdz, molecule=default, nre=55.61139816564861
2026-08-22:16:22:09,890 INFO     [psi4.driver.driver:799] Return properties(): -188.5357863182523
2026-08-22:16:22:09,977 INFO     [psi4.driver.task_planner:259] PLANNING Atomic:  keywords={'D_CONVERGENCE': 1e-09, 'E_CONVERGENCE': 1e-09, 'SCF__INTS_TOLERANCE': 1e-12, 'MAXITER': 200, 'REFERENCE': 'RKS', 'SCF_TYPE': 'DF', 'function_kwargs': {}}
2026-08-22:16:22:09,979 INFO     [psi4.driver.driver:644] Compute gradient(): method=wb97x-d, basis=jun-cc-pvdz, molecule=default, nre=54.318109836214916
2026-08-22:16:22:10,907 INFO     [psi4.driver.driver:647] Return gradient(): -188.52256451930796
2026-08-22:16:22:10,907 INFO     [psi4.driver.driver:648] [[-0.13934219 -0.          0.        ]
 [ 0.         -0.         -0.        ]
 [ 0.13934219 -0.          0.        ]]
2026-08-22:16:22:11,150 INFO     [psi4.driver.task_planner:259] PLANNING Atomic:  keywords={'D_CONVERGENCE': 1e-09, 'E_CONVERGENCE': 1e-09, 'SCF__INTS_TOLERANCE': 1e-12, 'MAXITER': 200, 'REFERENCE': 'RKS', 'SCF_TYPE': 'DF', 'function_kwargs': {}}
2026-08-22:16:22:11,152 INFO     [psi4.driver.driver:796] Compute properties(): method=wb97x-d, basis=jun-cc-pvdz, molecule=default, nre=54.318109836214916
2026-08-22:16:22:12,486 INFO     [psi4.driver.driver:799] Return properties(): -188.52256451930828
2026-08-22:16:22:12,575 INFO     [psi4.driver.task_planner:259] PLANNING Atomic:  keywords={'D_CONVERGENCE': 1e-09, 'E_CONVERGENCE': 1e-09, 'SCF__INTS_TOLERANCE': 1e-12, 'MAXITER': 200, 'REFERENCE': 'RKS', 'SCF_TYPE': 'DF', 'function_kwargs': {}}
2026-08-22:16:22:12,577 INFO     [psi4.driver.driver:644] Compute gradient(): method=wb97x-d, basis=jun-cc-pvdz, molecule=default, nre=53.08360733993731
2026-08-22:16:22:13,523 INFO     [psi4.driver.driver:647] Return gradient(): -188.50552761824815
2026-08-22:16:22:13,523 INFO     [psi4.driver.driver:648] [[-0.17040114  0.          0.        ]
 [-0.          0.         -0.        ]
 [ 0.17040114  0.         -0.        ]]
2026-08-22:16:22:13,765 INFO     [psi4.driver.task_planner:259] PLANNING Atomic:  keywords={'D_CONVERGENCE': 1e-09, 'E_CONVERGENCE': 1e-09, 'SCF__INTS_TOLERANCE': 1e-12, 'MAXITER': 200, 'REFERENCE': 'RKS', 'SCF_TYPE': 'DF', 'function_kwargs': {}}
2026-08-22:16:22:13,768 INFO     [psi4.driver.driver:796] Compute properties(): method=wb97x-d, basis=jun-cc-pvdz, molecule=default, nre=53.08360733993731
2026-08-22:16:22:15,55 INFO     [psi4.driver.driver:799] Return properties(): -188.50552761824807
2026-08-22:16:22:15,138 INFO     [psi4.driver.task_planner:259] PLANNING Atomic:  keywords={'D_CONVERGENCE': 1e-09, 'E_CONVERGENCE': 1e-09, 'SCF__INTS_TOLERANCE': 1e-12, 'MAXITER': 200, 'REFERENCE': 'RKS', 'SCF_TYPE': 'DF', 'function_kwargs': {}}
2026-08-22:16:22:15,139 INFO     [psi4.driver.driver:644] Compute gradient(): method=wb97x-d, basis=jun-cc-pvdz, molecule=default, nre=58.56066418662974
2026-08-22:16:22:16,18 INFO     [psi4.driver.driver:647] Return gradient(): -188.5444010745694
2026-08-22:16:22:16,18 INFO     [psi4.driver.driver:648] [[-0.02992123  0.00251168  0.00260372]
 [ 0.09607113 -0.00281968 -0.00374779]
 [-0.06537404  0.00035591  0.00117596]]
2026-08-22:16:22:16,275 INFO     [psi4.driver.task_planner:259] PLANNING Atomic:  keywords={'D_CONVERGENCE': 1e-09, 'E_CONVERGENCE': 1e-09, 'SCF__INTS_TOLERANCE': 1e-12, 'MAXITER': 200, 'REFERENCE': 'RKS', 'SCF_TYPE': 'DF', 'function_kwargs': {}}
2026-08-22:16:22:16,277 INFO     [psi4.driver.driver:796] Compute properties(): method=wb97x-d, basis=jun-cc-pvdz, molecule=default, nre=58.56066418662974
2026-08-22:16:22:17,601 INFO     [psi4.driver.driver:799] Return properties(): -188.5444010745695
2026-08-22:16:22:17,685 INFO     [psi4.driver.task_planner:259] PLANNING Atomic:  keywords={'D_CONVERGENCE': 1e-09, 'E_CONVERGENCE': 1e-09, 'SCF__INTS_TOLERANCE': 1e-12, 'MAXITER': 200, 'REFERENCE': 'RKS', 'SCF_TYPE': 'DF', 'function_kwargs': {}}
2026-08-22:16:22:17,688 INFO     [psi4.driver.driver:644] Compute gradient(): method=wb97x-d, basis=jun-cc-pvdz, molecule=default, nre=59.51746762225169
2026-08-22:16:22:18,593 INFO     [psi4.driver.driver:647] Return gradient(): -188.54291733263608
2026-08-22:16:22:18,593 INFO     [psi4.driver.driver:648] [[ 0.04010965  0.00058473  0.00810799]
 [ 0.0409828  -0.0002579  -0.01106498]
 [-0.08093977 -0.00032166  0.00305445]]
2026-08-22:16:22:18,854 INFO     [psi4.driver.task_planner:259] PLANNING Atomic:  keywords={'D_CONVERGENCE': 1e-09, 'E_CONVERGENCE': 1e-09, 'SCF__INTS_TOLERANCE': 1e-12, 'MAXITER': 200, 'REFERENCE': 'RKS', 'SCF_TYPE': 'DF', 'function_kwargs': {}}
2026-08-22:16:22:18,856 INFO     [psi4.driver.driver:796] Compute properties(): method=wb97x-d, basis=jun-cc-pvdz, molecule=default, nre=59.51746762225169
2026-08-22:16:22:20,203 INFO     [psi4.driver.driver:799] Return properties(): -188.54291733263597
2026-08-22:16:22:20,292 INFO     [psi4.driver.task_planner:259] PLANNING Atomic:  keywords={'D_CONVERGENCE': 1e-09, 'E_CONVERGENCE': 1e-09, 'SCF__INTS_TOLERANCE': 1e-12, 'MAXITER': 200, 'REFERENCE': 'RKS', 'SCF_TYPE': 'DF', 'function_kwargs': {}}
2026-08-22:16:22:20,294 INFO     [psi4.driver.driver:644] Compute gradient(): method=wb97x-d, basis=jun-cc-pvdz, molecule=default, nre=58.404384402295776
2026-08-22:16:22:21,207 INFO     [psi4.driver.driver:647] Return gradient(): -188.5184844574759
2026-08-22:16:22:21,207 INFO     [psi4.driver.driver:648] [[ 0.22339883 -0.00674188  0.00691656]
 [-0.34301064 -0.00015149 -0.00922658]
 [ 0.12015891  0.00685109  0.00233038]]
2026-08-22:16:22:21,468 INFO     [psi4.driver.task_planner:259] PLANNING Atomic:  keywords={'D_CONVERGENCE': 1e-09, 'E_CONVERGENCE': 1e-09, 'SCF__INTS_TOLERANCE': 1e-12, 'MAXITER': 200, 'REFERENCE': 'RKS', 'SCF_TYPE': 'DF', 'function_kwargs': {}}
2026-08-22:16:22:21,470 INFO     [psi4.driver.driver:796] Compute properties(): method=wb97x-d, basis=jun-cc-pvdz, molecule=default, nre=58.404384402295776
2026-08-22:16:22:22,932 INFO     [psi4.driver.driver:799] Return properties(): -188.51848445747606
2026-08-22:16:22:23,21 INFO     [psi4.driver.task_planner:259] PLANNING Atomic:  keywords={'D_CONVERGENCE': 1e-09, 'E_CONVERGENCE': 1e-09, 'SCF__INTS_TOLERANCE': 1e-12, 'MAXITER': 200, 'REFERENCE': 'RKS', 'SCF_TYPE': 'DF', 'function_kwargs': {}}
2026-08-22:16:22:23,24 INFO     [psi4.driver.driver:644] Compute gradient(): method=wb97x-d, basis=jun-cc-pvdz, molecule=default, nre=56.44253633916213
2026-08-22:16:22:23,937 INFO     [psi4.driver.driver:647] Return gradient(): -188.53878874300253
2026-08-22:16:22:23,938 INFO     [psi4.driver.driver:648] [[-0.02460234  0.00125248  0.00210152]
 [-0.08616224 -0.0044527  -0.0144027 ]
 [ 0.11006054  0.00319707  0.01226533]]
2026-08-22:16:22:24,187 INFO     [psi4.driver.task_planner:259] PLANNING Atomic:  keywords={'D_CONVERGENCE': 1e-09, 'E_CONVERGENCE': 1e-09, 'SCF__INTS_TOLERANCE': 1e-12, 'MAXITER': 200, 'REFERENCE': 'RKS', 'SCF_TYPE': 'DF', 'function_kwargs': {}}
2026-08-22:16:22:24,189 INFO     [psi4.driver.driver:796] Compute properties(): method=wb97x-d, basis=jun-cc-pvdz, molecule=default, nre=56.44253633916213
2026-08-22:16:22:25,621 INFO     [psi4.driver.driver:799] Return properties(): -188.53878874300267
2026-08-22:16:22:25,716 INFO     [psi4.driver.task_planner:259] PLANNING Atomic:  keywords={'D_CONVERGENCE': 1e-09, 'E_CONVERGENCE': 1e-09, 'SCF__INTS_TOLERANCE': 1e-12, 'MAXITER': 200, 'REFERENCE': 'RKS', 'SCF_TYPE': 'DF', 'function_kwargs': {}}
2026-08-22:16:22:25,719 INFO     [psi4.driver.driver:644] Compute gradient(): method=wb97x-d, basis=jun-cc-pvdz, molecule=default, nre=61.43033967438011
2026-08-22:16:22:26,624 INFO     [psi4.driver.driver:647] Return gradient(): -188.46536372948145
2026-08-22:16:22:26,624 INFO     [psi4.driver.driver:648] [[-0.06469392 -0.02455761 -0.00214998]
 [ 0.64671326 -0.00130865  0.0055454 ]
 [-0.58190869  0.02587279 -0.00339404]]
2026-08-22:16:22:26,892 INFO     [psi4.driver.task_planner:259] PLANNING Atomic:  keywords={'D_CONVERGENCE': 1e-09, 'E_CONVERGENCE': 1e-09, 'SCF__INTS_TOLERANCE': 1e-12, 'MAXITER': 200, 'REFERENCE': 'RKS', 'SCF_TYPE': 'DF', 'function_kwargs': {}}
2026-08-22:16:22:26,895 INFO     [psi4.driver.driver:796] Compute properties(): method=wb97x-d, basis=jun-cc-pvdz, molecule=default, nre=61.43033967438011
2026-08-22:16:22:28,319 INFO     [psi4.driver.driver:799] Return properties(): -188.46536372948125
2026-08-22:16:22:28,417 INFO     [psi4.driver.task_planner:259] PLANNING Atomic:  keywords={'D_CONVERGENCE': 1e-09, 'E_CONVERGENCE': 1e-09, 'SCF__INTS_TOLERANCE': 1e-12, 'MAXITER': 200, 'REFERENCE': 'RKS', 'SCF_TYPE': 'DF', 'function_kwargs': {}}
2026-08-22:16:22:28,419 INFO     [psi4.driver.driver:644] Compute gradient(): method=wb97x-d, basis=jun-cc-pvdz, molecule=default, nre=62.67441158133606
2026-08-22:16:22:29,327 INFO     [psi4.driver.driver:647] Return gradient(): -188.44270549256981
2026-08-22:16:22:29,327 INFO     [psi4.driver.driver:648] [[ 0.72743999  0.03593535 -0.02271564]
 [-0.7595194  -0.04415444  0.01757423]
 [ 0.03077409  0.00816858  0.0051951 ]]
2026-08-22:16:22:29,611 INFO     [psi4.driver.task_planner:259] PLANNING Atomic:  keywords={'D_CONVERGENCE': 1e-09, 'E_CONVERGENCE': 1e-09, 'SCF__INTS_TOLERANCE': 1e-12, 'MAXITER': 200, 'REFERENCE': 'RKS', 'SCF_TYPE': 'DF', 'function_kwargs': {}}
2026-08-22:16:22:29,613 INFO     [psi4.driver.driver:796] Compute properties(): method=wb97x-d, basis=jun-cc-pvdz, molecule=default, nre=62.67441158133606
2026-08-22:16:22:30,989 INFO     [psi4.driver.driver:799] Return properties(): -188.44270549256973
2026-08-22:16:22:31,77 INFO     [psi4.driver.task_planner:259] PLANNING Atomic:  keywords={'D_CONVERGENCE': 1e-09, 'E_CONVERGENCE': 1e-09, 'SCF__INTS_TOLERANCE': 1e-12, 'MAXITER': 200, 'REFERENCE': 'RKS', 'SCF_TYPE': 'DF', 'function_kwargs': {}}
2026-08-22:16:22:31,79 INFO     [psi4.driver.driver:644] Compute gradient(): method=wb97x-d, basis=jun-cc-pvdz, molecule=default, nre=57.751423073725476
2026-08-22:16:22:31,947 INFO     [psi4.driver.driver:647] Return gradient(): -188.54632352303508
2026-08-22:16:22:31,948 INFO     [psi4.driver.driver:648] [[-0.008162    0.00083679 -0.00005537]
 [-0.02533461 -0.00125416 -0.00078741]
 [ 0.03325119  0.00042504  0.00083831]]
2026-08-22:16:22:32,202 INFO     [psi4.driver.task_planner:259] PLANNING Atomic:  keywords={'D_CONVERGENCE': 1e-09, 'E_CONVERGENCE': 1e-09, 'SCF__INTS_TOLERANCE': 1e-12, 'MAXITER': 200, 'REFERENCE': 'RKS', 'SCF_TYPE': 'DF', 'function_kwargs': {}}
2026-08-22:16:22:32,204 INFO     [psi4.driver.driver:796] Compute properties(): method=wb97x-d, basis=jun-cc-pvdz, molecule=default, nre=57.751423073725476
2026-08-22:16:22:33,521 INFO     [psi4.driver.driver:799] Return properties(): -188.54632352303528
2026-08-22:16:22:33,609 INFO     [psi4.driver.task_planner:259] PLANNING Atomic:  keywords={'D_CONVERGENCE': 1e-09, 'E_CONVERGENCE': 1e-09, 'SCF__INTS_TOLERANCE': 1e-12, 'MAXITER': 200, 'REFERENCE': 'RKS', 'SCF_TYPE': 'DF', 'function_kwargs': {}}
2026-08-22:16:22:33,611 INFO     [psi4.driver.driver:644] Compute gradient(): method=wb97x-d, basis=jun-cc-pvdz, molecule=default, nre=57.18486435271146
2026-08-22:16:22:34,535 INFO     [psi4.driver.driver:647] Return gradient(): -188.5391144393579
2026-08-22:16:22:34,535 INFO     [psi4.driver.driver:648] [[ 0.02993074  0.00340107 -0.0050371 ]
 [-0.13137471 -0.01066587  0.01519109]
 [ 0.10035018  0.00726415 -0.01017061]]
2026-08-22:16:22:34,795 INFO     [psi4.driver.task_planner:259] PLANNING Atomic:  keywords={'D_CONVERGENCE': 1e-09, 'E_CONVERGENCE': 1e-09, 'SCF__INTS_TOLERANCE': 1e-12, 'MAXITER': 200, 'REFERENCE': 'RKS', 'SCF_TYPE': 'DF', 'function_kwargs': {}}
2026-08-22:16:22:34,797 INFO     [psi4.driver.driver:796] Compute properties(): method=wb97x-d, basis=jun-cc-pvdz, molecule=default, nre=57.18486435271146
2026-08-22:16:22:36,266 INFO     [psi4.driver.driver:799] Return properties(): -188.53911443935795
2026-08-22:16:22:36,369 INFO     [psi4.driver.task_planner:259] PLANNING Atomic:  keywords={'D_CONVERGENCE': 1e-09, 'E_CONVERGENCE': 1e-09, 'SCF__INTS_TOLERANCE': 1e-12, 'MAXITER': 200, 'REFERENCE': 'RKS', 'SCF_TYPE': 'DF', 'function_kwargs': {}}
2026-08-22:16:22:36,371 INFO     [psi4.driver.driver:644] Compute gradient(): method=wb97x-d, basis=jun-cc-pvdz, molecule=default, nre=60.01463122650983
2026-08-22:16:22:37,259 INFO     [psi4.driver.driver:647] Return gradient(): -188.54021177256067
2026-08-22:16:22:37,260 INFO     [psi4.driver.driver:648] [[ 0.07927327  0.00380033  0.00631872]
 [ 0.01235826 -0.01081765 -0.00637185]
 [-0.0916243   0.00711925  0.0001192 ]]
2026-08-22:16:22:37,530 INFO     [psi4.driver.task_planner:259] PLANNING Atomic:  keywords={'D_CONVERGENCE': 1e-09, 'E_CONVERGENCE': 1e-09, 'SCF__INTS_TOLERANCE': 1e-12, 'MAXITER': 200, 'REFERENCE': 'RKS', 'SCF_TYPE': 'DF', 'function_kwargs': {}}
2026-08-22:16:22:37,532 INFO     [psi4.driver.driver:796] Compute properties(): method=wb97x-d, basis=jun-cc-pvdz, molecule=default, nre=60.01463122650983
2026-08-22:16:22:38,872 INFO     [psi4.driver.driver:799] Return properties(): -188.5402117725606
2026-08-22:16:22:38,957 INFO     [psi4.driver.task_planner:259] PLANNING Atomic:  keywords={'D_CONVERGENCE': 1e-09, 'E_CONVERGENCE': 1e-09, 'SCF__INTS_TOLERANCE': 1e-12, 'MAXITER': 200, 'REFERENCE': 'RKS', 'SCF_TYPE': 'DF', 'function_kwargs': {}}
2026-08-22:16:22:38,960 INFO     [psi4.driver.driver:644] Compute gradient(): method=wb97x-d, basis=jun-cc-pvdz, molecule=default, nre=61.13969068749512
2026-08-22:16:22:39,831 INFO     [psi4.driver.driver:647] Return gradient(): -188.52412225728395
2026-08-22:16:22:39,832 INFO     [psi4.driver.driver:648] [[ 0.27364919 -0.00470848  0.01424263]
 [-0.22641299  0.00157264 -0.01456232]
 [-0.04583383  0.00311285  0.00039403]]
2026-08-22:16:22:40,131 INFO     [psi4.driver.task_planner:259] PLANNING Atomic:  keywords={'D_CONVERGENCE': 1e-09, 'E_CONVERGENCE': 1e-09, 'SCF__INTS_TOLERANCE': 1e-12, 'MAXITER': 200, 'REFERENCE': 'RKS', 'SCF_TYPE': 'DF', 'function_kwargs': {}}
2026-08-22:16:22:40,133 INFO     [psi4.driver.driver:796] Compute properties(): method=wb97x-d, basis=jun-cc-pvdz, molecule=default, nre=61.13969068749512
2026-08-22:16:22:41,471 INFO     [psi4.driver.driver:799] Return properties(): -188.52412225728395
2026-08-22:16:22:41,569 INFO     [psi4.driver.task_planner:259] PLANNING Atomic:  keywords={'D_CONVERGENCE': 1e-09, 'E_CONVERGENCE': 1e-09, 'SCF__INTS_TOLERANCE': 1e-12, 'MAXITER': 200, 'REFERENCE': 'RKS', 'SCF_TYPE': 'DF', 'function_kwargs': {}}
2026-08-22:16:22:41,572 INFO     [psi4.driver.driver:644] Compute gradient(): method=wb97x-d, basis=jun-cc-pvdz, molecule=default, nre=60.85875691338723
2026-08-22:16:22:42,480 INFO     [psi4.driver.driver:647] Return gradient(): -188.45251776538208
2026-08-22:16:22:42,480 INFO     [psi4.driver.driver:648] [[-0.10573016 -0.02009709  0.00393263]
 [ 0.72375544 -0.01844341 -0.02782058]
 [-0.61756288  0.03851259  0.02387009]]
2026-08-22:16:22:42,755 INFO     [psi4.driver.task_planner:259] PLANNING Atomic:  keywords={'D_CONVERGENCE': 1e-09, 'E_CONVERGENCE': 1e-09, 'SCF__INTS_TOLERANCE': 1e-12, 'MAXITER': 200, 'REFERENCE': 'RKS', 'SCF_TYPE': 'DF', 'function_kwargs': {}}
2026-08-22:16:22:42,757 INFO     [psi4.driver.driver:796] Compute properties(): method=wb97x-d, basis=jun-cc-pvdz, molecule=default, nre=60.85875691338723
2026-08-22:16:22:44,165 INFO     [psi4.driver.driver:799] Return properties(): -188.45251776538214
2026-08-22:16:22:44,259 INFO     [psi4.driver.task_planner:259] PLANNING Atomic:  keywords={'D_CONVERGENCE': 1e-09, 'E_CONVERGENCE': 1e-09, 'SCF__INTS_TOLERANCE': 1e-12, 'MAXITER': 200, 'REFERENCE': 'RKS', 'SCF_TYPE': 'DF', 'function_kwargs': {}}
2026-08-22:16:22:44,262 INFO     [psi4.driver.driver:644] Compute gradient(): method=wb97x-d, basis=jun-cc-pvdz, molecule=default, nre=61.97923172523302
2026-08-22:16:22:45,146 INFO     [psi4.driver.driver:647] Return gradient(): -188.48613700747762
2026-08-22:16:22:45,146 INFO     [psi4.driver.driver:648] [[ 0.49253239  0.06246653 -0.00887615]
 [-0.49059997 -0.04426857  0.00719263]
 [-0.00085257 -0.01806589  0.00166451]]
2026-08-22:16:22:45,420 INFO     [psi4.driver.task_planner:259] PLANNING Atomic:  keywords={'D_CONVERGENCE': 1e-09, 'E_CONVERGENCE': 1e-09, 'SCF__INTS_TOLERANCE': 1e-12, 'MAXITER': 200, 'REFERENCE': 'RKS', 'SCF_TYPE': 'DF', 'function_kwargs': {}}
2026-08-22:16:22:45,423 INFO     [psi4.driver.driver:796] Compute properties(): method=wb97x-d, basis=jun-cc-pvdz, molecule=default, nre=61.97923172523302
2026-08-22:16:22:46,801 INFO     [psi4.driver.driver:799] Return properties(): -188.48613700747777
2026-08-22:16:22:46,890 INFO     [psi4.driver.task_planner:259] PLANNING Atomic:  keywords={'D_CONVERGENCE': 1e-09, 'E_CONVERGENCE': 1e-09, 'SCF__INTS_TOLERANCE': 1e-12, 'MAXITER': 200, 'REFERENCE': 'RKS', 'SCF_TYPE': 'DF', 'function_kwargs': {}}
2026-08-22:16:22:46,892 INFO     [psi4.driver.driver:644] Compute gradient(): method=wb97x-d, basis=jun-cc-pvdz, molecule=default, nre=58.88191318732437
2026-08-22:16:22:47,766 INFO     [psi4.driver.driver:647] Return gradient(): -188.5391247491871
2026-08-22:16:22:47,767 INFO     [psi4.driver.driver:648] [[-0.04820304  0.00007816 -0.00350225]
 [ 0.17748126  0.00042974  0.00571531]
 [-0.12874282 -0.00050353 -0.00222655]]
2026-08-22:16:22:48,22 INFO     [psi4.driver.task_planner:259] PLANNING Atomic:  keywords={'D_CONVERGENCE': 1e-09, 'E_CONVERGENCE': 1e-09, 'SCF__INTS_TOLERANCE': 1e-12, 'MAXITER': 200, 'REFERENCE': 'RKS', 'SCF_TYPE': 'DF', 'function_kwargs': {}}
2026-08-22:16:22:48,25 INFO     [psi4.driver.driver:796] Compute properties(): method=wb97x-d, basis=jun-cc-pvdz, molecule=default, nre=58.88191318732437
2026-08-22:16:22:49,384 INFO     [psi4.driver.driver:799] Return properties(): -188.53912474918684
2026-08-22:16:22:49,475 INFO     [psi4.driver.task_planner:259] PLANNING Atomic:  keywords={'D_CONVERGENCE': 1e-09, 'E_CONVERGENCE': 1e-09, 'SCF__INTS_TOLERANCE': 1e-12, 'MAXITER': 200, 'REFERENCE': 'RKS', 'SCF_TYPE': 'DF', 'function_kwargs': {}}
2026-08-22:16:22:49,477 INFO     [psi4.driver.driver:644] Compute gradient(): method=wb97x-d, basis=jun-cc-pvdz, molecule=default, nre=57.504300010308214
2026-08-22:16:22:50,407 INFO     [psi4.driver.driver:647] Return gradient(): -188.5321397865241
2026-08-22:16:22:50,407 INFO     [psi4.driver.driver:648] [[-0.11796466 -0.01032723 -0.00168923]
 [ 0.21797779  0.01351677  0.00232251]
 [-0.09904236 -0.0032251  -0.00063668]]
2026-08-22:16:22:50,661 INFO     [psi4.driver.task_planner:259] PLANNING Atomic:  keywords={'D_CONVERGENCE': 1e-09, 'E_CONVERGENCE': 1e-09, 'SCF__INTS_TOLERANCE': 1e-12, 'MAXITER': 200, 'REFERENCE': 'RKS', 'SCF_TYPE': 'DF', 'function_kwargs': {}}
2026-08-22:16:22:50,663 INFO     [psi4.driver.driver:796] Compute properties(): method=wb97x-d, basis=jun-cc-pvdz, molecule=default, nre=57.504300010308214
2026-08-22:16:22:52,47 INFO     [psi4.driver.driver:799] Return properties(): -188.53213978652434
2026-08-22:16:22:52,138 INFO     [psi4.driver.task_planner:259] PLANNING Atomic:  keywords={'D_CONVERGENCE': 1e-09, 'E_CONVERGENCE': 1e-09, 'SCF__INTS_TOLERANCE': 1e-12, 'MAXITER': 200, 'REFERENCE': 'RKS', 'SCF_TYPE': 'DF', 'function_kwargs': {}}
2026-08-22:16:22:52,140 INFO     [psi4.driver.driver:644] Compute gradient(): method=wb97x-d, basis=jun-cc-pvdz, molecule=default, nre=58.692240633293
2026-08-22:16:22:53,10 INFO     [psi4.driver.driver:647] Return gradient(): -188.54437063233746
2026-08-22:16:22:53,10 INFO     [psi4.driver.driver:648] [[ 0.07150165 -0.00146093 -0.00316517]
 [-0.09649547  0.00013484  0.00415658]
 [ 0.0242425   0.00137856 -0.00095582]]
2026-08-22:16:22:53,272 INFO     [psi4.driver.task_planner:259] PLANNING Atomic:  keywords={'D_CONVERGENCE': 1e-09, 'E_CONVERGENCE': 1e-09, 'SCF__INTS_TOLERANCE': 1e-12, 'MAXITER': 200, 'REFERENCE': 'RKS', 'SCF_TYPE': 'DF', 'function_kwargs': {}}
2026-08-22:16:22:53,274 INFO     [psi4.driver.driver:796] Compute properties(): method=wb97x-d, basis=jun-cc-pvdz, molecule=default, nre=58.692240633293
2026-08-22:16:22:54,655 INFO     [psi4.driver.driver:799] Return properties(): -188.5443706323372
2026-08-22:16:22:54,741 INFO     [psi4.driver.task_planner:259] PLANNING Atomic:  keywords={'D_CONVERGENCE': 1e-09, 'E_CONVERGENCE': 1e-09, 'SCF__INTS_TOLERANCE': 1e-12, 'MAXITER': 200, 'REFERENCE': 'RKS', 'SCF_TYPE': 'DF', 'function_kwargs': {}}
2026-08-22:16:22:54,743 INFO     [psi4.driver.driver:644] Compute gradient(): method=wb97x-d, basis=jun-cc-pvdz, molecule=default, nre=59.37295276799968
2026-08-22:16:22:55,644 INFO     [psi4.driver.driver:647] Return gradient(): -188.5386247305341
2026-08-22:16:22:55,645 INFO     [psi4.driver.driver:648] [[ 0.11752876 -0.00266146 -0.00138023]
 [-0.11994413 -0.00062531  0.01748243]
 [ 0.00200312  0.00331873 -0.01620617]]
2026-08-22:16:22:55,911 INFO     [psi4.driver.task_planner:259] PLANNING Atomic:  keywords={'D_CONVERGENCE': 1e-09, 'E_CONVERGENCE': 1e-09, 'SCF__INTS_TOLERANCE': 1e-12, 'MAXITER': 200, 'REFERENCE': 'RKS', 'SCF_TYPE': 'DF', 'function_kwargs': {}}
2026-08-22:16:22:55,914 INFO     [psi4.driver.driver:796] Compute properties(): method=wb97x-d, basis=jun-cc-pvdz, molecule=default, nre=59.37295276799968
2026-08-22:16:22:57,347 INFO     [psi4.driver.driver:799] Return properties(): -188.53862473053402
2026-08-22:16:22:57,450 INFO     [psi4.driver.task_planner:259] PLANNING Atomic:  keywords={'D_CONVERGENCE': 1e-09, 'E_CONVERGENCE': 1e-09, 'SCF__INTS_TOLERANCE': 1e-12, 'MAXITER': 200, 'REFERENCE': 'RKS', 'SCF_TYPE': 'DF', 'function_kwargs': {}}
2026-08-22:16:22:57,452 INFO     [psi4.driver.driver:644] Compute gradient(): method=wb97x-d, basis=jun-cc-pvdz, molecule=default, nre=43.213011948052056
2026-08-22:16:22:58,591 INFO     [psi4.driver.driver:647] Return gradient(): -131.6243663780816
2026-08-22:16:22:58,591 INFO     [psi4.driver.driver:648] [[-0.0121729  -0.01492042  0.13438583]
 [-0.03691558  0.14678489 -0.07685085]
 [ 0.05450128 -0.12606865 -0.0631384 ]
 [ 0.04389178  0.12903714 -0.05652268]
 [-0.04923976 -0.13480894  0.0621482 ]]
2026-08-22:16:22:59,160 INFO     [psi4.driver.task_planner:259] PLANNING Atomic:  keywords={'D_CONVERGENCE': 1e-09, 'E_CONVERGENCE': 1e-09, 'SCF__INTS_TOLERANCE': 1e-12, 'MAXITER': 200, 'REFERENCE': 'RKS', 'SCF_TYPE': 'DF', 'function_kwargs': {}}
2026-08-22:16:22:59,162 INFO     [psi4.driver.driver:796] Compute properties(): method=wb97x-d, basis=jun-cc-pvdz, molecule=default, nre=43.213011948052056
2026-08-22:16:23:01,310 INFO     [psi4.driver.driver:799] Return properties(): -131.62436637808173
2026-08-22:16:23:01,397 INFO     [psi4.driver.task_planner:259] PLANNING Atomic:  keywords={'D_CONVERGENCE': 1e-09, 'E_CONVERGENCE': 1e-09, 'SCF__INTS_TOLERANCE': 1e-12, 'MAXITER': 200, 'REFERENCE': 'RKS', 'SCF_TYPE': 'DF', 'function_kwargs': {}}
2026-08-22:16:23:01,399 INFO     [psi4.driver.driver:644] Compute gradient(): method=wb97x-d, basis=jun-cc-pvdz, molecule=default, nre=42.04509270621281
2026-08-22:16:23:02,592 INFO     [psi4.driver.driver:647] Return gradient(): -131.6467166266249
2026-08-22:16:23:02,592 INFO     [psi4.driver.driver:648] [[-0.01502052 -0.01669902  0.10651362]
 [-0.01417986  0.11106822 -0.06277692]
 [ 0.03475929 -0.0927282  -0.047813  ]
 [ 0.02405685  0.09555809 -0.04201665]
 [-0.02955372 -0.09717276  0.04613009]]
2026-08-22:16:23:03,98 INFO     [psi4.driver.task_planner:259] PLANNING Atomic:  keywords={'D_CONVERGENCE': 1e-09, 'E_CONVERGENCE': 1e-09, 'SCF__INTS_TOLERANCE': 1e-12, 'MAXITER': 200, 'REFERENCE': 'RKS', 'SCF_TYPE': 'DF', 'function_kwargs': {}}
2026-08-22:16:23:03,100 INFO     [psi4.driver.driver:796] Compute properties(): method=wb97x-d, basis=jun-cc-pvdz, molecule=default, nre=42.04509270621281
2026-08-22:16:23:05,291 INFO     [psi4.driver.driver:799] Return properties(): -131.6467166266249
2026-08-22:16:23:05,392 INFO     [psi4.driver.task_planner:259] PLANNING Atomic:  keywords={'D_CONVERGENCE': 1e-09, 'E_CONVERGENCE': 1e-09, 'SCF__INTS_TOLERANCE': 1e-12, 'MAXITER': 200, 'REFERENCE': 'RKS', 'SCF_TYPE': 'DF', 'function_kwargs': {}}
2026-08-22:16:23:05,394 INFO     [psi4.driver.driver:644] Compute gradient(): method=wb97x-d, basis=jun-cc-pvdz, molecule=default, nre=40.93864289815459
2026-08-22:16:23:06,593 INFO     [psi4.driver.driver:647] Return gradient(): -131.6609435392184
2026-08-22:16:23:06,593 INFO     [psi4.driver.driver:648] [[-0.01498057 -0.01813088  0.08295494]
 [ 0.00283158  0.08065261 -0.05076618]
 [ 0.01788938 -0.06402677 -0.0347997 ]
 [ 0.00716399  0.06671559 -0.02977137]
 [-0.01286841 -0.06518661  0.03243472]]
2026-08-22:16:23:07,79 INFO     [psi4.driver.task_planner:259] PLANNING Atomic:  keywords={'D_CONVERGENCE': 1e-09, 'E_CONVERGENCE': 1e-09, 'SCF__INTS_TOLERANCE': 1e-12, 'MAXITER': 200, 'REFERENCE': 'RKS', 'SCF_TYPE': 'DF', 'function_kwargs': {}}
2026-08-22:16:23:07,81 INFO     [psi4.driver.driver:796] Compute properties(): method=wb97x-d, basis=jun-cc-pvdz, molecule=default, nre=40.93864289815459
2026-08-22:16:23:09,198 INFO     [psi4.driver.driver:799] Return properties(): -131.66094353921844
2026-08-22:16:23:09,287 INFO     [psi4.driver.task_planner:259] PLANNING Atomic:  keywords={'D_CONVERGENCE': 1e-09, 'E_CONVERGENCE': 1e-09, 'SCF__INTS_TOLERANCE': 1e-12, 'MAXITER': 200, 'REFERENCE': 'RKS', 'SCF_TYPE': 'DF', 'function_kwargs': {}}
2026-08-22:16:23:09,290 INFO     [psi4.driver.driver:644] Compute gradient(): method=wb97x-d, basis=jun-cc-pvdz, molecule=default, nre=39.88893410589421
2026-08-22:16:23:10,436 INFO     [psi4.driver.driver:647] Return gradient(): -131.66839312221228
2026-08-22:16:23:10,436 INFO     [psi4.driver.driver:648] [[-0.01284275 -0.01923215  0.06312957]
 [ 0.01532097  0.05474702 -0.04051872]
 [ 0.00351059 -0.03935159 -0.02379401]
 [-0.00717395  0.04189962 -0.01948542]
 [ 0.00121916 -0.03803343  0.02073119]]
2026-08-22:16:23:10,944 INFO     [psi4.driver.task_planner:259] PLANNING Atomic:  keywords={'D_CONVERGENCE': 1e-09, 'E_CONVERGENCE': 1e-09, 'SCF__INTS_TOLERANCE': 1e-12, 'MAXITER': 200, 'REFERENCE': 'RKS', 'SCF_TYPE': 'DF', 'function_kwargs': {}}
2026-08-22:16:23:10,946 INFO     [psi4.driver.driver:796] Compute properties(): method=wb97x-d, basis=jun-cc-pvdz, molecule=default, nre=39.88893410589421
2026-08-22:16:23:13,248 INFO     [psi4.driver.driver:799] Return properties(): -131.66839312221236
2026-08-22:16:23:13,364 INFO     [psi4.driver.task_planner:259] PLANNING Atomic:  keywords={'D_CONVERGENCE': 1e-09, 'E_CONVERGENCE': 1e-09, 'SCF__INTS_TOLERANCE': 1e-12, 'MAXITER': 200, 'REFERENCE': 'RKS', 'SCF_TYPE': 'DF', 'function_kwargs': {}}
2026-08-22:16:23:13,366 INFO     [psi4.driver.driver:644] Compute gradient(): method=wb97x-d, basis=jun-cc-pvdz, molecule=default, nre=37.94313244219205
2026-08-22:16:23:14,782 INFO     [psi4.driver.driver:647] Return gradient(): -131.66734417326808
2026-08-22:16:23:14,783 INFO     [psi4.driver.driver:648] [[-0.00471805 -0.02060412  0.03276016]
 [ 0.03028715  0.01388703 -0.02430776]
 [-0.01902258 -0.00004463 -0.00679166]
 [-0.02946155  0.00231937 -0.00378712]
 [ 0.02294221  0.00447567  0.00220735]]
2026-08-22:16:23:15,381 INFO     [psi4.driver.task_planner:259] PLANNING Atomic:  keywords={'D_CONVERGENCE': 1e-09, 'E_CONVERGENCE': 1e-09, 'SCF__INTS_TOLERANCE': 1e-12, 'MAXITER': 200, 'REFERENCE': 'RKS', 'SCF_TYPE': 'DF', 'function_kwargs': {}}
2026-08-22:16:23:15,383 INFO     [psi4.driver.driver:796] Compute properties(): method=wb97x-d, basis=jun-cc-pvdz, molecule=default, nre=37.94313244219205
2026-08-22:16:23:17,613 INFO     [psi4.driver.driver:799] Return properties(): -131.66734417326802
2026-08-22:16:23:17,706 INFO     [psi4.driver.task_planner:259] PLANNING Atomic:  keywords={'D_CONVERGENCE': 1e-09, 'E_CONVERGENCE': 1e-09, 'SCF__INTS_TOLERANCE': 1e-12, 'MAXITER': 200, 'REFERENCE': 'RKS', 'SCF_TYPE': 'DF', 'function_kwargs': {}}
2026-08-22:16:23:17,708 INFO     [psi4.driver.driver:644] Compute gradient(): method=wb97x-d, basis=jun-cc-pvdz, molecule=default, nre=37.039724526901765
2026-08-22:16:23:18,898 INFO     [psi4.driver.driver:647] Return gradient(): -131.66063144657448
2026-08-22:16:23:18,899 INFO     [psi4.driver.driver:648] [[ 0.00039504 -0.02093062  0.02141155]
 [ 0.03413373 -0.00213137 -0.01792762]
 [-0.02768855  0.01543164 -0.00037277]
 [-0.0379345  -0.0132831   0.00204197]
 [ 0.03113973  0.02094884 -0.00506526]]
2026-08-22:16:23:19,440 INFO     [psi4.driver.task_planner:259] PLANNING Atomic:  keywords={'D_CONVERGENCE': 1e-09, 'E_CONVERGENCE': 1e-09, 'SCF__INTS_TOLERANCE': 1e-12, 'MAXITER': 200, 'REFERENCE': 'RKS', 'SCF_TYPE': 'DF', 'function_kwargs': {}}
2026-08-22:16:23:19,442 INFO     [psi4.driver.driver:796] Compute properties(): method=wb97x-d, basis=jun-cc-pvdz, molecule=default, nre=37.039724526901765
2026-08-22:16:23:21,753 INFO     [psi4.driver.driver:799] Return properties(): -131.66063144657437
2026-08-22:16:23:21,856 INFO     [psi4.driver.task_planner:259] PLANNING Atomic:  keywords={'D_CONVERGENCE': 1e-09, 'E_CONVERGENCE': 1e-09, 'SCF__INTS_TOLERANCE': 1e-12, 'MAXITER': 200, 'REFERENCE': 'RKS', 'SCF_TYPE': 'DF', 'function_kwargs': {}}
2026-08-22:16:23:21,858 INFO     [psi4.driver.driver:644] Compute gradient(): method=wb97x-d, basis=jun-cc-pvdz, molecule=default, nre=36.178335584415684
2026-08-22:16:23:23,116 INFO     [psi4.driver.driver:647] Return gradient(): -131.65076234352534
2026-08-22:16:23:23,117 INFO     [psi4.driver.driver:648] [[ 0.00576115 -0.02104512  0.01216745]
 [ 0.03620544 -0.01579552 -0.01246624]
 [-0.03490246  0.02859392  0.00489512]
 [-0.04491604 -0.02656359  0.00675875]
 [ 0.03787728  0.03484905 -0.01126122]]
2026-08-22:16:23:23,577 INFO     [psi4.driver.task_planner:259] PLANNING Atomic:  keywords={'D_CONVERGENCE': 1e-09, 'E_CONVERGENCE': 1e-09, 'SCF__INTS_TOLERANCE': 1e-12, 'MAXITER': 200, 'REFERENCE': 'RKS', 'SCF_TYPE': 'DF', 'function_kwargs': {}}
2026-08-22:16:23:23,579 INFO     [psi4.driver.driver:796] Compute properties(): method=wb97x-d, basis=jun-cc-pvdz, molecule=default, nre=36.178335584415684
2026-08-22:16:23:25,837 INFO     [psi4.driver.driver:799] Return properties(): -131.65076234352537
2026-08-22:16:23:25,928 INFO     [psi4.driver.task_planner:259] PLANNING Atomic:  keywords={'D_CONVERGENCE': 1e-09, 'E_CONVERGENCE': 1e-09, 'SCF__INTS_TOLERANCE': 1e-12, 'MAXITER': 200, 'REFERENCE': 'RKS', 'SCF_TYPE': 'DF', 'function_kwargs': {}}
2026-08-22:16:23:25,931 INFO     [psi4.driver.driver:644] Compute gradient(): method=wb97x-d, basis=jun-cc-pvdz, molecule=default, nre=35.35610068476987
2026-08-22:16:23:27,165 INFO     [psi4.driver.driver:647] Return gradient(): -131.63833010409857
2026-08-22:16:23:27,166 INFO     [psi4.driver.driver:648] [[ 0.01116698 -0.0209819   0.00473935]
 [ 0.03691074 -0.02745595 -0.00777885]
 [-0.04084042  0.03973782  0.00916345]
 [-0.05058529 -0.03781552  0.01051151]
 [ 0.04335543  0.04655684 -0.01653544]]
2026-08-22:16:23:27,617 INFO     [psi4.driver.task_planner:259] PLANNING Atomic:  keywords={'D_CONVERGENCE': 1e-09, 'E_CONVERGENCE': 1e-09, 'SCF__INTS_TOLERANCE': 1e-12, 'MAXITER': 200, 'REFERENCE': 'RKS', 'SCF_TYPE': 'DF', 'function_kwargs': {}}
2026-08-22:16:23:27,619 INFO     [psi4.driver.driver:796] Compute properties(): method=wb97x-d, basis=jun-cc-pvdz, molecule=default, nre=35.35610068476987
2026-08-22:16:23:29,917 INFO     [psi4.driver.driver:799] Return properties(): -131.63833010409857
2026-08-22:16:23:30,22 INFO     [psi4.driver.task_planner:259] PLANNING Atomic:  keywords={'D_CONVERGENCE': 1e-09, 'E_CONVERGENCE': 1e-09, 'SCF__INTS_TOLERANCE': 1e-12, 'MAXITER': 200, 'REFERENCE': 'RKS', 'SCF_TYPE': 'DF', 'function_kwargs': {}}
2026-08-22:16:23:30,24 INFO     [psi4.driver.driver:644] Compute gradient(): method=wb97x-d, basis=jun-cc-pvdz, molecule=default, nre=38.677781044678696
2026-08-22:16:23:31,253 INFO     [psi4.driver.driver:647] Return gradient(): -131.6638653934282
2026-08-22:16:23:31,253 INFO     [psi4.driver.driver:648] [[-0.03342021 -0.07218059  0.05447164]
 [ 0.05878518  0.08613296 -0.05217455]
 [-0.01458292 -0.00082171 -0.00539186]
 [-0.00468139  0.05228668 -0.02860352]
 [-0.00607485 -0.06536961  0.03183067]]
2026-08-22:16:23:31,747 INFO     [psi4.driver.task_planner:259] PLANNING Atomic:  keywords={'D_CONVERGENCE': 1e-09, 'E_CONVERGENCE': 1e-09, 'SCF__INTS_TOLERANCE': 1e-12, 'MAXITER': 200, 'REFERENCE': 'RKS', 'SCF_TYPE': 'DF', 'function_kwargs': {}}
2026-08-22:16:23:31,749 INFO     [psi4.driver.driver:796] Compute properties(): method=wb97x-d, basis=jun-cc-pvdz, molecule=default, nre=38.677781044678696
2026-08-22:16:23:33,882 INFO     [psi4.driver.driver:799] Return properties(): -131.66386539342832
2026-08-22:16:23:33,974 INFO     [psi4.driver.task_planner:259] PLANNING Atomic:  keywords={'D_CONVERGENCE': 1e-09, 'E_CONVERGENCE': 1e-09, 'SCF__INTS_TOLERANCE': 1e-12, 'MAXITER': 200, 'REFERENCE': 'RKS', 'SCF_TYPE': 'DF', 'function_kwargs': {}}
2026-08-22:16:23:33,976 INFO     [psi4.driver.driver:644] Compute gradient(): method=wb97x-d, basis=jun-cc-pvdz, molecule=default, nre=38.685323444577236
2026-08-22:16:23:35,194 INFO     [psi4.driver.driver:647] Return gradient(): -131.66346738614013
2026-08-22:16:23:35,195 INFO     [psi4.driver.driver:648] [[-0.03839043  0.04088806  0.06758324]
 [ 0.02482914  0.02640601 -0.02965804]
 [ 0.01959584 -0.07335215 -0.04206176]
 [-0.0291266   0.01028033 -0.0030553 ]
 [ 0.0230877  -0.00419731  0.00724983]]
2026-08-22:16:23:35,704 INFO     [psi4.driver.task_planner:259] PLANNING Atomic:  keywords={'D_CONVERGENCE': 1e-09, 'E_CONVERGENCE': 1e-09, 'SCF__INTS_TOLERANCE': 1e-12, 'MAXITER': 200, 'REFERENCE': 'RKS', 'SCF_TYPE': 'DF', 'function_kwargs': {}}
2026-08-22:16:23:35,706 INFO     [psi4.driver.driver:796] Compute properties(): method=wb97x-d, basis=jun-cc-pvdz, molecule=default, nre=38.685323444577236
2026-08-22:16:23:37,888 INFO     [psi4.driver.driver:799] Return properties(): -131.66346738613996
2026-08-22:16:23:37,993 INFO     [psi4.driver.task_planner:259] PLANNING Atomic:  keywords={'D_CONVERGENCE': 1e-09, 'E_CONVERGENCE': 1e-09, 'SCF__INTS_TOLERANCE': 1e-12, 'MAXITER': 200, 'REFERENCE': 'RKS', 'SCF_TYPE': 'DF', 'function_kwargs': {}}
2026-08-22:16:23:37,995 INFO     [psi4.driver.driver:644] Compute gradient(): method=wb97x-d, basis=jun-cc-pvdz, molecule=default, nre=39.64017912510384
2026-08-22:16:23:39,199 INFO     [psi4.driver.driver:647] Return gradient(): -131.64301347772195
2026-08-22:16:23:39,200 INFO     [psi4.driver.driver:648] [[-0.04715105 -0.09024351  0.07530719]
 [ 0.03869208  0.109713   -0.05165156]
 [ 0.00031605 -0.03671523 -0.01329943]
 [ 0.00865107  0.09145021 -0.03695553]
 [-0.00052167 -0.07415574  0.02658948]]
2026-08-22:16:23:39,741 INFO     [psi4.driver.task_planner:259] PLANNING Atomic:  keywords={'D_CONVERGENCE': 1e-09, 'E_CONVERGENCE': 1e-09, 'SCF__INTS_TOLERANCE': 1e-12, 'MAXITER': 200, 'REFERENCE': 'RKS', 'SCF_TYPE': 'DF', 'function_kwargs': {}}
2026-08-22:16:23:39,743 INFO     [psi4.driver.driver:796] Compute properties(): method=wb97x-d, basis=jun-cc-pvdz, molecule=default, nre=39.64017912510384
2026-08-22:16:23:41,825 INFO     [psi4.driver.driver:799] Return properties(): -131.64301347772212
2026-08-22:16:23:41,916 INFO     [psi4.driver.task_planner:259] PLANNING Atomic:  keywords={'D_CONVERGENCE': 1e-09, 'E_CONVERGENCE': 1e-09, 'SCF__INTS_TOLERANCE': 1e-12, 'MAXITER': 200, 'REFERENCE': 'RKS', 'SCF_TYPE': 'DF', 'function_kwargs': {}}
2026-08-22:16:23:41,918 INFO     [psi4.driver.driver:644] Compute gradient(): method=wb97x-d, basis=jun-cc-pvdz, molecule=default, nre=39.20343132690792
2026-08-22:16:23:43,165 INFO     [psi4.driver.driver:647] Return gradient(): -131.67395918175168
2026-08-22:16:23:43,166 INFO     [psi4.driver.driver:648] [[ 0.01700859 -0.07722055  0.02788809]
 [-0.02729072 -0.02527253 -0.00203762]
 [-0.01339947  0.03903847  0.00538318]
 [-0.00317074  0.02224279 -0.01920312]
 [ 0.02684307  0.04117736 -0.01197445]]
2026-08-22:16:23:43,698 INFO     [psi4.driver.task_planner:259] PLANNING Atomic:  keywords={'D_CONVERGENCE': 1e-09, 'E_CONVERGENCE': 1e-09, 'SCF__INTS_TOLERANCE': 1e-12, 'MAXITER': 200, 'REFERENCE': 'RKS', 'SCF_TYPE': 'DF', 'function_kwargs': {}}
2026-08-22:16:23:43,700 INFO     [psi4.driver.driver:796] Compute properties(): method=wb97x-d, basis=jun-cc-pvdz, molecule=default, nre=39.20343132690792
2026-08-22:16:23:45,946 INFO     [psi4.driver.driver:799] Return properties(): -131.67395918175148
2026-08-22:16:23:46,50 INFO     [psi4.driver.task_planner:259] PLANNING Atomic:  keywords={'D_CONVERGENCE': 1e-09, 'E_CONVERGENCE': 1e-09, 'SCF__INTS_TOLERANCE': 1e-12, 'MAXITER': 200, 'REFERENCE': 'RKS', 'SCF_TYPE': 'DF', 'function_kwargs': {}}
2026-08-22:16:23:46,52 INFO     [psi4.driver.driver:644] Compute gradient(): method=wb97x-d, basis=jun-cc-pvdz, molecule=default, nre=39.797267474304064
2026-08-22:16:23:47,261 INFO     [psi4.driver.driver:647] Return gradient(): -131.6572045597419
2026-08-22:16:23:47,262 INFO     [psi4.driver.driver:648] [[ 0.02742965  0.12141296  0.03503856]
 [ 0.00100562  0.02522407 -0.02927955]
 [ 0.0168756  -0.06576814 -0.03514087]
 [-0.04038532 -0.05558745  0.01393576]
 [-0.00493746 -0.02525204  0.01544535]]
2026-08-22:16:23:47,810 INFO     [psi4.driver.task_planner:259] PLANNING Atomic:  keywords={'D_CONVERGENCE': 1e-09, 'E_CONVERGENCE': 1e-09, 'SCF__INTS_TOLERANCE': 1e-12, 'MAXITER': 200, 'REFERENCE': 'RKS', 'SCF_TYPE': 'DF', 'function_kwargs': {}}
2026-08-22:16:23:47,812 INFO     [psi4.driver.driver:796] Compute properties(): method=wb97x-d, basis=jun-cc-pvdz, molecule=default, nre=39.797267474304064
2026-08-22:16:23:49,907 INFO     [psi4.driver.driver:799] Return properties(): -131.65720455974193
2026-08-22:16:23:49,997 INFO     [psi4.driver.task_planner:259] PLANNING Atomic:  keywords={'D_CONVERGENCE': 1e-09, 'E_CONVERGENCE': 1e-09, 'SCF__INTS_TOLERANCE': 1e-12, 'MAXITER': 200, 'REFERENCE': 'RKS', 'SCF_TYPE': 'DF', 'function_kwargs': {}}
2026-08-22:16:23:49,999 INFO     [psi4.driver.driver:644] Compute gradient(): method=wb97x-d, basis=jun-cc-pvdz, molecule=default, nre=40.3387599020291
2026-08-22:16:23:51,189 INFO     [psi4.driver.driver:647] Return gradient(): -131.61712619643575
2026-08-22:16:23:51,189 INFO     [psi4.driver.driver:648] [[-0.06048     0.12166353  0.10430566]
 [ 0.06935714  0.16778417 -0.10986582]
 [ 0.06983959 -0.18083347 -0.07230925]
 [-0.0427186   0.02087757 -0.00183888]
 [-0.03590867 -0.12951222  0.07982103]]
2026-08-22:16:23:51,726 INFO     [psi4.driver.task_planner:259] PLANNING Atomic:  keywords={'D_CONVERGENCE': 1e-09, 'E_CONVERGENCE': 1e-09, 'SCF__INTS_TOLERANCE': 1e-12, 'MAXITER': 200, 'REFERENCE': 'RKS', 'SCF_TYPE': 'DF', 'function_kwargs': {}}
2026-08-22:16:23:51,728 INFO     [psi4.driver.driver:796] Compute properties(): method=wb97x-d, basis=jun-cc-pvdz, molecule=default, nre=40.3387599020291
2026-08-22:16:23:53,820 INFO     [psi4.driver.driver:799] Return properties(): -131.6171261964356
2026-08-22:16:23:53,924 INFO     [psi4.driver.task_planner:259] PLANNING Atomic:  keywords={'D_CONVERGENCE': 1e-09, 'E_CONVERGENCE': 1e-09, 'SCF__INTS_TOLERANCE': 1e-12, 'MAXITER': 200, 'REFERENCE': 'RKS', 'SCF_TYPE': 'DF', 'function_kwargs': {}}
2026-08-22:16:23:53,926 INFO     [psi4.driver.driver:644] Compute gradient(): method=wb97x-d, basis=jun-cc-pvdz, molecule=default, nre=39.00535623547342
2026-08-22:16:23:55,111 INFO     [psi4.driver.driver:647] Return gradient(): -131.67229116634363
2026-08-22:16:23:55,111 INFO     [psi4.driver.driver:648] [[ 0.00948195 -0.01508298  0.03720804]
 [ 0.02076489  0.02762483 -0.03163592]
 [-0.01690426 -0.01583516 -0.00978024]
 [-0.0230441   0.01827055 -0.00573511]
 [ 0.00982924 -0.01487541  0.01009447]]
2026-08-22:16:23:55,586 INFO     [psi4.driver.task_planner:259] PLANNING Atomic:  keywords={'D_CONVERGENCE': 1e-09, 'E_CONVERGENCE': 1e-09, 'SCF__INTS_TOLERANCE': 1e-12, 'MAXITER': 200, 'REFERENCE': 'RKS', 'SCF_TYPE': 'DF', 'function_kwargs': {}}
2026-08-22:16:23:55,589 INFO     [psi4.driver.driver:796] Compute properties(): method=wb97x-d, basis=jun-cc-pvdz, molecule=default, nre=39.00535623547342
2026-08-22:16:23:57,649 INFO     [psi4.driver.driver:799] Return properties(): -131.67229116634357
2026-08-22:16:23:57,739 INFO     [psi4.driver.task_planner:259] PLANNING Atomic:  keywords={'D_CONVERGENCE': 1e-09, 'E_CONVERGENCE': 1e-09, 'SCF__INTS_TOLERANCE': 1e-12, 'MAXITER': 200, 'REFERENCE': 'RKS', 'SCF_TYPE': 'DF', 'function_kwargs': {}}
2026-08-22:16:23:57,741 INFO     [psi4.driver.driver:644] Compute gradient(): method=wb97x-d, basis=jun-cc-pvdz, molecule=default, nre=39.21300448995931
2026-08-22:16:23:58,918 INFO     [psi4.driver.driver:647] Return gradient(): -131.66479657115656
2026-08-22:16:23:58,919 INFO     [psi4.driver.driver:648] [[ 0.01326172  0.01297992  0.04225819]
 [ 0.01711602  0.05679539 -0.04525563]
 [-0.00020892 -0.03641022 -0.020631  ]
 [-0.04108874 -0.00224148  0.00379745]
 [ 0.01090302 -0.03102118  0.01987886]]
2026-08-22:16:23:59,392 INFO     [psi4.driver.task_planner:259] PLANNING Atomic:  keywords={'D_CONVERGENCE': 1e-09, 'E_CONVERGENCE': 1e-09, 'SCF__INTS_TOLERANCE': 1e-12, 'MAXITER': 200, 'REFERENCE': 'RKS', 'SCF_TYPE': 'DF', 'function_kwargs': {}}
2026-08-22:16:23:59,395 INFO     [psi4.driver.driver:796] Compute properties(): method=wb97x-d, basis=jun-cc-pvdz, molecule=default, nre=39.21300448995931
2026-08-22:16:24:01,525 INFO     [psi4.driver.driver:799] Return properties(): -131.6647965711565
2026-08-22:16:24:01,638 INFO     [psi4.driver.task_planner:259] PLANNING Atomic:  keywords={'D_CONVERGENCE': 1e-09, 'E_CONVERGENCE': 1e-09, 'SCF__INTS_TOLERANCE': 1e-12, 'MAXITER': 200, 'REFERENCE': 'RKS', 'SCF_TYPE': 'DF', 'function_kwargs': {}}
2026-08-22:16:24:01,640 INFO     [psi4.driver.driver:644] Compute gradient(): method=wb97x-d, basis=jun-cc-pvdz, molecule=default, nre=38.16217756510843
2026-08-22:16:24:02,816 INFO     [psi4.driver.driver:647] Return gradient(): -131.66269879247068
2026-08-22:16:24:02,816 INFO     [psi4.driver.driver:648] [[-0.07473962  0.07725423  0.08511851]
 [ 0.02656195 -0.03026746  0.00142578]
 [ 0.03282509 -0.10189651 -0.06260489]
 [-0.01228428  0.01607213 -0.0100017 ]
 [ 0.02770739  0.03879458 -0.01392943]]
2026-08-22:16:24:03,293 INFO     [psi4.driver.task_planner:259] PLANNING Atomic:  keywords={'D_CONVERGENCE': 1e-09, 'E_CONVERGENCE': 1e-09, 'SCF__INTS_TOLERANCE': 1e-12, 'MAXITER': 200, 'REFERENCE': 'RKS', 'SCF_TYPE': 'DF', 'function_kwargs': {}}
2026-08-22:16:24:03,295 INFO     [psi4.driver.driver:796] Compute properties(): method=wb97x-d, basis=jun-cc-pvdz, molecule=default, nre=38.16217756510843
2026-08-22:16:24:05,487 INFO     [psi4.driver.driver:799] Return properties(): -131.66269879247074
2026-08-22:16:24:05,594 INFO     [psi4.driver.task_planner:259] PLANNING Atomic:  keywords={'D_CONVERGENCE': 1e-09, 'E_CONVERGENCE': 1e-09, 'SCF__INTS_TOLERANCE': 1e-12, 'MAXITER': 200, 'REFERENCE': 'RKS', 'SCF_TYPE': 'DF', 'function_kwargs': {}}
2026-08-22:16:24:05,596 INFO     [psi4.driver.driver:644] Compute gradient(): method=wb97x-d, basis=jun-cc-pvdz, molecule=default, nre=39.52337782612261
2026-08-22:16:24:06,806 INFO     [psi4.driver.driver:647] Return gradient(): -131.64084572002204
2026-08-22:16:24:06,807 INFO     [psi4.driver.driver:648] [[ 0.08589048 -0.13510711  0.02491811]
 [-0.03583371  0.0417522  -0.03928707]
 [-0.04550648  0.06482901  0.02528676]
 [-0.0277004   0.03350306 -0.0205118 ]
 [ 0.02300078 -0.0049489   0.00957869]]
2026-08-22:16:24:07,267 INFO     [psi4.driver.task_planner:259] PLANNING Atomic:  keywords={'D_CONVERGENCE': 1e-09, 'E_CONVERGENCE': 1e-09, 'SCF__INTS_TOLERANCE': 1e-12, 'MAXITER': 200, 'REFERENCE': 'RKS', 'SCF_TYPE': 'DF', 'function_kwargs': {}}
2026-08-22:16:24:07,269 INFO     [psi4.driver.driver:796] Compute properties(): method=wb97x-d, basis=jun-cc-pvdz, molecule=default, nre=39.52337782612261
2026-08-22:16:24:09,403 INFO     [psi4.driver.driver:799] Return properties(): -131.640845720022
2026-08-22:16:24:09,497 INFO     [psi4.driver.task_planner:259] PLANNING Atomic:  keywords={'D_CONVERGENCE': 1e-09, 'E_CONVERGENCE': 1e-09, 'SCF__INTS_TOLERANCE': 1e-12, 'MAXITER': 200, 'REFERENCE': 'RKS', 'SCF_TYPE': 'DF', 'function_kwargs': {}}
2026-08-22:16:24:09,499 INFO     [psi4.driver.driver:644] Compute gradient(): method=wb97x-d, basis=jun-cc-pvdz, molecule=default, nre=38.925053852801184
2026-08-22:16:24:10,692 INFO     [psi4.driver.driver:647] Return gradient(): -131.62225586064855
2026-08-22:16:24:10,692 INFO     [psi4.driver.driver:648] [[-0.10788706  0.2985222   0.10955688]
 [ 0.03623664  0.00981899 -0.02456632]
 [ 0.10867882 -0.233255   -0.11127535]
 [-0.04237972 -0.0675246   0.01844021]
 [ 0.00539514 -0.00760618  0.00783398]]
2026-08-22:16:24:11,182 INFO     [psi4.driver.task_planner:259] PLANNING Atomic:  keywords={'D_CONVERGENCE': 1e-09, 'E_CONVERGENCE': 1e-09, 'SCF__INTS_TOLERANCE': 1e-12, 'MAXITER': 200, 'REFERENCE': 'RKS', 'SCF_TYPE': 'DF', 'function_kwargs': {}}
2026-08-22:16:24:11,184 INFO     [psi4.driver.driver:796] Compute properties(): method=wb97x-d, basis=jun-cc-pvdz, molecule=default, nre=38.925053852801184
2026-08-22:16:24:13,341 INFO     [psi4.driver.driver:799] Return properties(): -131.62225586064852
2026-08-22:16:24:13,442 INFO     [psi4.driver.task_planner:259] PLANNING Atomic:  keywords={'D_CONVERGENCE': 1e-09, 'E_CONVERGENCE': 1e-09, 'SCF__INTS_TOLERANCE': 1e-12, 'MAXITER': 200, 'REFERENCE': 'RKS', 'SCF_TYPE': 'DF', 'function_kwargs': {}}
2026-08-22:16:24:13,444 INFO     [psi4.driver.driver:644] Compute gradient(): method=wb97x-d, basis=jun-cc-pvdz, molecule=default, nre=35.97151916644599
2026-08-22:16:24:14,711 INFO     [psi4.driver.driver:647] Return gradient(): -131.63204043140058
2026-08-22:16:24:14,711 INFO     [psi4.driver.driver:648] [[-0.06323143  0.05792171  0.03823934]
 [ 0.11947503  0.14204396 -0.07823981]
 [-0.00092975 -0.01700116 -0.02710214]
 [-0.02494703 -0.04349257  0.00240548]
 [-0.03034076 -0.13943391  0.06481458]]
2026-08-22:16:24:15,151 INFO     [psi4.driver.task_planner:259] PLANNING Atomic:  keywords={'D_CONVERGENCE': 1e-09, 'E_CONVERGENCE': 1e-09, 'SCF__INTS_TOLERANCE': 1e-12, 'MAXITER': 200, 'REFERENCE': 'RKS', 'SCF_TYPE': 'DF', 'function_kwargs': {}}
2026-08-22:16:24:15,154 INFO     [psi4.driver.driver:796] Compute properties(): method=wb97x-d, basis=jun-cc-pvdz, molecule=default, nre=35.97151916644599
2026-08-22:16:24:17,407 INFO     [psi4.driver.driver:799] Return properties(): -131.63204043140047
2026-08-22:16:24:17,501 INFO     [psi4.driver.task_planner:259] PLANNING Atomic:  keywords={'D_CONVERGENCE': 1e-09, 'E_CONVERGENCE': 1e-09, 'SCF__INTS_TOLERANCE': 1e-12, 'MAXITER': 200, 'REFERENCE': 'RKS', 'SCF_TYPE': 'DF', 'function_kwargs': {}}
2026-08-22:16:24:17,503 INFO     [psi4.driver.driver:644] Compute gradient(): method=wb97x-d, basis=jun-cc-pvdz, molecule=default, nre=38.908145881668915
2026-08-22:16:24:18,648 INFO     [psi4.driver.driver:647] Return gradient(): -131.6645147671774
2026-08-22:16:24:18,649 INFO     [psi4.driver.driver:648] [[-0.02896501 -0.03776625  0.05622434]
 [ 0.04703043  0.08531714 -0.04925059]
 [-0.00308851 -0.02032547 -0.01625413]
 [-0.01438875  0.03245134 -0.01773799]
 [-0.00056356 -0.05964328  0.02717495]]
2026-08-22:16:24:19,114 INFO     [psi4.driver.task_planner:259] PLANNING Atomic:  keywords={'D_CONVERGENCE': 1e-09, 'E_CONVERGENCE': 1e-09, 'SCF__INTS_TOLERANCE': 1e-12, 'MAXITER': 200, 'REFERENCE': 'RKS', 'SCF_TYPE': 'DF', 'function_kwargs': {}}
2026-08-22:16:24:19,116 INFO     [psi4.driver.driver:796] Compute properties(): method=wb97x-d, basis=jun-cc-pvdz, molecule=default, nre=38.908145881668915
2026-08-22:16:24:21,219 INFO     [psi4.driver.driver:799] Return properties(): -131.66451476717754
2026-08-22:16:24:21,318 INFO     [psi4.driver.task_planner:259] PLANNING Atomic:  keywords={'D_CONVERGENCE': 1e-09, 'E_CONVERGENCE': 1e-09, 'SCF__INTS_TOLERANCE': 1e-12, 'MAXITER': 200, 'REFERENCE': 'RKS', 'SCF_TYPE': 'DF', 'function_kwargs': {}}
2026-08-22:16:24:21,320 INFO     [psi4.driver.driver:644] Compute gradient(): method=wb97x-d, basis=jun-cc-pvdz, molecule=default, nre=38.656457680694054
2026-08-22:16:24:22,511 INFO     [psi4.driver.driver:647] Return gradient(): -131.66574613916436
2026-08-22:16:24:22,511 INFO     [psi4.driver.driver:648] [[-0.0352477  -0.00704191  0.05576486]
 [ 0.02443487  0.00836381 -0.02319693]
 [-0.00207807 -0.03205277 -0.02177586]
 [-0.00889912  0.02742478 -0.01359099]
 [ 0.02178002  0.00334486  0.00275833]]
2026-08-22:16:24:23,7 INFO     [psi4.driver.task_planner:259] PLANNING Atomic:  keywords={'D_CONVERGENCE': 1e-09, 'E_CONVERGENCE': 1e-09, 'SCF__INTS_TOLERANCE': 1e-12, 'MAXITER': 200, 'REFERENCE': 'RKS', 'SCF_TYPE': 'DF', 'function_kwargs': {}}
2026-08-22:16:24:23,9 INFO     [psi4.driver.driver:796] Compute properties(): method=wb97x-d, basis=jun-cc-pvdz, molecule=default, nre=38.656457680694054
2026-08-22:16:24:25,244 INFO     [psi4.driver.driver:799] Return properties(): -131.66574613916436
2026-08-22:16:24:25,339 INFO     [psi4.driver.task_planner:259] PLANNING Atomic:  keywords={'D_CONVERGENCE': 1e-09, 'E_CONVERGENCE': 1e-09, 'SCF__INTS_TOLERANCE': 1e-12, 'MAXITER': 200, 'REFERENCE': 'RKS', 'SCF_TYPE': 'DF', 'function_kwargs': {}}
2026-08-22:16:24:25,341 INFO     [psi4.driver.driver:644] Compute gradient(): method=wb97x-d, basis=jun-cc-pvdz, molecule=default, nre=38.96894717526667
2026-08-22:16:24:26,541 INFO     [psi4.driver.driver:647] Return gradient(): -131.64685570523008
2026-08-22:16:24:26,542 INFO     [psi4.driver.driver:648] [[-0.01520586 -0.04496002  0.04676599]
 [ 0.085166    0.16626372 -0.0867819 ]
 [-0.02255988 -0.00780213 -0.00650439]
 [-0.01631802  0.03808758 -0.01818496]
 [-0.0311754  -0.15153296  0.06467758]]
2026-08-22:16:24:27,5 INFO     [psi4.driver.task_planner:259] PLANNING Atomic:  keywords={'D_CONVERGENCE': 1e-09, 'E_CONVERGENCE': 1e-09, 'SCF__INTS_TOLERANCE': 1e-12, 'MAXITER': 200, 'REFERENCE': 'RKS', 'SCF_TYPE': 'DF', 'function_kwargs': {}}
2026-08-22:16:24:27,7 INFO     [psi4.driver.driver:796] Compute properties(): method=wb97x-d, basis=jun-cc-pvdz, molecule=default, nre=38.96894717526667
2026-08-22:16:24:29,152 INFO     [psi4.driver.driver:799] Return properties(): -131.64685570523017
2026-08-22:16:24:29,249 INFO     [psi4.driver.task_planner:259] PLANNING Atomic:  keywords={'D_CONVERGENCE': 1e-09, 'E_CONVERGENCE': 1e-09, 'SCF__INTS_TOLERANCE': 1e-12, 'MAXITER': 200, 'REFERENCE': 'RKS', 'SCF_TYPE': 'DF', 'function_kwargs': {}}
2026-08-22:16:24:29,251 INFO     [psi4.driver.driver:644] Compute gradient(): method=wb97x-d, basis=jun-cc-pvdz, molecule=default, nre=39.59177830538265
2026-08-22:16:24:30,484 INFO     [psi4.driver.driver:647] Return gradient(): -131.6682851181948
2026-08-22:16:24:30,484 INFO     [psi4.driver.driver:648] [[ 0.00448055 -0.06322117  0.05016178]
 [-0.01894346  0.03016839 -0.02830555]
 [-0.00265775 -0.01452596 -0.00848982]
 [-0.01430306  0.04373864 -0.0185266 ]
 [ 0.03135353  0.00382296  0.00517579]]
2026-08-22:16:24:30,946 INFO     [psi4.driver.task_planner:259] PLANNING Atomic:  keywords={'D_CONVERGENCE': 1e-09, 'E_CONVERGENCE': 1e-09, 'SCF__INTS_TOLERANCE': 1e-12, 'MAXITER': 200, 'REFERENCE': 'RKS', 'SCF_TYPE': 'DF', 'function_kwargs': {}}
2026-08-22:16:24:30,948 INFO     [psi4.driver.driver:796] Compute properties(): method=wb97x-d, basis=jun-cc-pvdz, molecule=default, nre=39.59177830538265
2026-08-22:16:24:33,69 INFO     [psi4.driver.driver:799] Return properties(): -131.66828511819483
