x_A,hstate_energy_eV,hard_energy_eV,smooth_energy_eV,oo_taper_01,oo_taper_10,hard_oo_membership_01,hard_oo_membership_10,smooth_oo_membership_01,smooth_oo_membership_10,hard_o0_h1,hard_o0_h2,hard_o1_h1,hard_o1_h2,smooth_o0_h1,smooth_o0_h2,smooth_o1_h1,smooth_o1_h2,hard_over_delta_eV,hard_angle_delta_eV,smooth_over_delta_eV,smooth_angle_delta_eV
1.08,-6.04843901732192,-13.896295506231258,-13.829953125076413,0.47963038363293214,0.47963038363293214,0.0,0.0,0.01589210392119368,0.018534848065582685,1.0,1.0,1.0,1.0,0.9930617223086422,0.9910461737701641,0.9927482636012666,0.9887168883331507,-3.578584763084658,-4.26927172582468,-3.578584763084658,-4.202929344669835
1.081,-6.125178517178985,-13.900546226450055,-13.835011287247815,0.4765906008269017,0.4765906008269017,0.0,0.0,0.015783605615492267,0.018466894419438277,1.0,1.0,1.0,1.0,0.9931085089935731,0.9911078853909346,0.9927894734832613,0.9887436320973004,-3.5333680739910895,-4.241999635279981,-3.5333680739910895,-4.1764646960777405
1.082,-6.201581827157922,-13.904792142452722,-13.840063161276026,0.47355168491995203,0.47355168491995203,0.0,0.0,0.01567448546598305,0.018397741082192078,1.0,1.0,1.0,1.0,0.9931555753134331,0.9911699392205838,0.9928310053421848,0.9887712535756229,-3.4884516406074133,-4.214758674687387,-3.4884516406074133,-4.150029693510691
1.083,-6.277646958326828,-13.909033252373726,-13.845108668274564,0.4705137484495077,0.4705137484495077,0.0,0.0,0.015564745439502991,0.018327379530708142,1.0,1.0,1.0,1.0,0.9932029205074016,0.9912323340530956,0.9928728601098441,0.9887997603594477,-3.443836864438982,-4.187549429607916,-3.443836864438982,-4.123624845508754
1.084,-6.353371966902122,-13.913269553702973,-13.850147727843858,0.46747690391671437,0.46747690391671437,0.0,0.0,0.015454387783115864,0.01825580145770512,1.0,1.0,1.0,1.0,0.9932505436918092,0.991295068525075,0.992915038626715,0.9888291599155798,-3.3995251040000842,-4.160372482800767,-3.3995251040000842,-4.097250656941651
1.085,-6.428754954162513,-13.917501043307903,-13.855180258098702,0.46444126378228906,0.46444126378228906,0.0,0.0,0.015343415032089545,0.018182998784287408,1.0,1.0,1.0,1.0,0.993298443856569,0.9913581411113415,0.992957541638047,0.9888594595776654,-3.355517674807401,-4.133228414337989,-3.355517674807401,-4.070907629128788
1.086,-6.503794066357006,-13.921727717455209,-13.860206175696355,0.4614069404623433,0.4614069404623433,0.0,0.0,0.015231830017919492,0.01810896367278599,1.0,1.0,1.0,1.0,0.9933466198615816,0.9914215501204989,0.9930003697898895,0.9888906665373244,-3.3118158493792986,-4.106117801718904,-3.3118158493792986,-4.044596259960051
1.087,-6.578487494605833,-13.92594957183216,-13.865225395865242,0.45837404632422446,0.45837404632422446,0.0,0.0,0.015119635876393131,0.01803368853991591,1.0,1.0,1.0,1.0,0.9933950704331215,0.9914852936904852,0.9930435236250431,0.9889227878350412,-3.2684208572416997,-4.079041219984627,-3.2684208572416997,-4.018317044017711
1.088,-6.652833474794931,-13.930166601567514,-13.87023783243434,0.45534269368235386,0.45534269368235386,0.0,0.0,0.015006836055684175,0.017957166070239564,1.0,1.0,1.0,1.0,0.9934437941602073,0.9915493697841081,0.9930870035789366,0.9889558303508238,-3.225333884940115,-4.051999241832469,-3.225333884940115,-3.992070472699295
1.089,-6.726830287463727,-13.934378801251988,-13.875243397863208,0.45231299479407133,0.45231299479407133,0.0,0.0,0.01489343432446865,0.017879389229939993,1.0,1.0,1.0,1.0,0.9934927894909601,0.9916137761845712,0.9931308099754342,0.9889898007946257,-3.182556076058049,-4.024992437730212,-3.182556076058049,-3.9658570343414317
1.09,-6.800476257686783,-13.938586164958412,-13.880242003272885,0.4492850618554701,0.4492850618554701,0.0,0.0,0.014779434780051129,0.017800351280895972,1.0,1.0,1.0,1.0,0.9935420547289531,0.9916785104909958,0.9931749430225709,0.9890247056965331,-3.140088531241505,-3.998021376030124,-3.140088531241505,-3.9396772143445964
1.091,-6.873769754948588,-13.942788686261387,-13.88523355847746,0.4462590069972512,0.4462590069972512,0.0,0.0,0.014664841856492321,0.017720045795057912,1.0,1.0,1.0,1.0,0.9935915880295613,0.9917435701139464,0.9932194028082224,0.9890605513967199,-3.097932308229942,-3.971086623082857,-3.097932308229942,-3.9135314952989306
1.092,-6.9467091930124125,-13.94698635825665,-13.890217972016599,0.44323494228056254,0.44323494228056254,0.0,0.0,0.01454966033272491,0.01763846666911716,1.0,1.0,1.0,1.0,0.9936413873963107,0.9918089522709646,0.9932641892957103,0.9890973440351728,-3.056088421893302,-3.9441887433509355,-3.056088421893302,-3.8874203571108836
1.093,-7.019293029782519,-13.951179173579943,-13.895195151188844,0.44021297969285483,0.44021297969285483,0.0,0.0,0.014433895340647235,0.017555608139464083,1.0,1.0,1.0,1.0,0.9936914506772365,0.9918746539821162,0.9933093023193469,0.9891350895411892,-3.0145578442753993,-3.917328299522025,-3.0145578442753993,-3.861344277130926
1.094,-7.091519767160399,-13.95536712442559,-13.900165002085956,0.43719323114373176,0.43719323114373176,0.0,0.0,0.014317552373181625,0.017471464797428414,1.0,1.0,1.0,1.0,0.9937417755612542,0.9919406720655644,0.993354741579921,0.9891737936226506,-2.9733415046434386,-3.890505852621752,-2.9733415046434386,-3.8353037302821162
1.095,-7.163387950894743,-13.95955020256462,-13.905127429628145,0.4341758084608059,0.4341758084608059,0.0,0.0,0.014200637292284001,0.017386031604792983,1.0,1.0,1.0,1.0,0.993792359574548,0.9920070031331679,0.9934005066401315,0.9892134617550755,-2.9324402895437576,-3.863721962126119,-2.9324402895437576,-3.8092991891896455
1.096,-7.234896170425138,-13.963728399362495,-13.91008233760034,0.4311608233855617,0.4311608233855617,0.0,0.0,0.014083156336892555,0.017299303909572798,1.0,1.0,1.0,1.0,0.9938432000769869,0.9920736435861205,0.9934465969199684,0.9892540991704586,-2.8918550428638516,-3.8369771860735042,-2.8918550428638516,-3.783331124311349
1.097,-7.3060430587201965,-13.967901705796555,-13.915029628689581,0.4281483875692098,0.4281483875692098,0.0,0.0,0.013965116130798916,0.01721127746205049,1.0,1.0,1.0,1.0,0.9938942942585687,0.9921405896106325,0.9934930116920512,0.9892957108458983,-2.851586565900346,-3.8102720811760133,-2.851586565900346,-3.757400004069038
1.098,-7.3768272921092155,-13.972070112472958,-13.919969204523426,0.42513861256855695,0.42513861256855695,0.0,0.0,0.013846523690429217,0.017121948431055797,1.0,1.0,1.0,1.0,0.9939456391359041,0.9922078371736666,0.9935397500769229,0.9893383014920214,-2.811635617433339,-3.783607202930403,-2.811635617433339,-3.731506294980872
1.099,-7.447247590108105,-13.976233609643312,-13.924900965709575,0.42213160984187914,0.42213160984187914,0.0,0.0,0.01372738643251762,0.017031313420479664,1.0,1.0,1.0,1.0,0.9939972315487451,0.9922753820187373,0.9935868110383108,0.9893818755412097,-2.7720029138068445,-3.756983105728363,-2.7720029138068445,-3.705650461794626
1.1,-7.5173027152398095,-13.980392187220964,-13.929824811876689,0.41912749074478023,0.41912749074478023,0.0,0.0,0.013607712181657076,0.016939369486006647,1.0,1.0,1.0,1.0,0.9940490681565642,0.9923432196617786,0.993634193378355,0.9894264371356382,-2.7326891290151365,-3.7304003429660173,-2.7326891290151365,-3.679832967621741
1.101,-7.586991472848277,-13.984545834796837,-13.934740641716393,0.41612636652608637,0.41612636652608637,0.0,0.0,0.01348750917771091,0.016846114152055763,1.0,1.0,1.0,1.0,0.9941011454351942,0.9924113453870945,0.993681895732813,0.9894719901151311,-2.6936948947955592,-3.7038594671529994,-2.6936948947955592,-3.654054274072557
1.102,-7.6563127109074065,-13.988694541654965,-13.93964835302662,0.4131283483237119,0.4131283483237119,0.0,0.0,0.01336678608306603,0.016751545428910816,1.0,1.0,1.0,1.0,0.9941534596735352,0.9924797542433987,0.993729916566244,0.9895185380048451,-2.65502080072708,-3.677361030020478,-2.65502080072708,-3.6283148413921333
1.103,-7.725265319824047,-13.992838296787664,-13.944547842756242,0.41013354716054895,0.41013354716054895,0.0,0.0,0.013245551989712064,0.016655661830025065,1.0,1.0,1.0,1.0,0.9942060069703345,0.9925484410399534,0.9937782541671828,0.9895660840027921,-2.6166673943350243,-3.6509055826285914,-2.6166673943350243,-3.6026151285971704
1.104,-7.793848232235302,-13.99697708891028,-13.949439007051033,0.40714207394035945,0.40714207394035945,0.0,0.0,0.013123816426125983,0.01655846238948399,1.0,1.0,1.0,1.0,0.9942587832310537,0.9926174003428205,0.9938269066433071,0.9896146309672089,-2.578635181201944,-3.6244936754730332,-2.578635181201944,-3.576955593613787
1.105,-7.862060422800773,-14.001110906475708,-13.954321741301126,0.4041540394436614,0.4041540394436614,0.0,0.0,0.013001589363943609,0.016459946679603356,1.0,1.0,1.0,1.0,0.9943117841648241,0.9926866264712323,0.9938758719166075,0.9896641814037891,-2.540924625084266,-3.5981258585906684,-2.540924625084266,-3.551336693416086
1.106,-7.9299009079890155,-14.005239737688417,-13.959195940189773,0.4011695543236288,0.4011695543236288,0.0,0.0,0.012878881224398397,0.01636011482864613,1.0,1.0,1.0,1.0,0.9943650052815063,0.9927561134940955,0.9939251477185671,0.9897147374527867,-2.5035361480351,-3.5718026816643027,-2.5035361480351,-3.5257588841656586
1.107,-7.9973687458586245,-14.009363570518225,-13.964061497743666,0.39818872910200126,0.39818872910200126,0.0,0.0,0.012755702884507288,0.016258967538633477,1.0,1.0,1.0,1.0,0.9944184418888559,0.9928258552266369,0.9939747315853582,0.9897663008760083,-2.4664701305330334,-3.5455246941265663,-2.4664701305330334,-3.5002226213520067
1.108,-8.064463035834608,-14.013482392713716,-13.968918307384737,0.395211674164974,0.395211674164974,0.0,0.0,0.012632065682981437,0.016156506103228614,1.0,1.0,1.0,1.0,0.9944720890898127,0.992895845227206,0.9940246208530669,0.9898188730437043,-2.4297269116165565,-3.5192924452625505,-2.4297269116165565,-3.474728359933572
1.109,-8.13118291847863,-14.017596191815269,-13.973766261983453,0.39223849975913117,0.39223849975913117,0.0,0.0,0.01250798142584271,0.01605273242566661,1.0,1.0,1.0,1.0,0.9945259417799149,0.9929660767942425,0.9940748126529522,0.9898724549213814,-2.393306789024882,-3.493106484311757,-2.393306789024882,-3.4492765544799404
1.11,-8.197527575255044,-14.02170495516783,-13.978605253913726,0.38926931598734676,0.38926931598734676,0.0,0.0,0.012383462391721466,0.015947649036706833,1.0,1.0,1.0,1.0,0.9945799946448544,0.9930365429634241,0.9941253039067494,0.9899270470565438,-2.3572100193441594,-3.4669673605686278,-2.3572100193441594,-3.423867659314523
1.111,-8.263496228291329,-14.025808669933303,-13.983435132060313,0.38630423280471354,0.38630423280471354,0.0,0.0,0.012258533720112846,0.015841275528146306,1.0,1.0,1.0,1.0,0.9946342366437076,0.9931072296361795,0.9941760850167339,0.9899826394551198,-2.321436818159832,-3.4408756234821425,-2.321436818159832,-3.3985020856091523
1.112,-8.329088140133582,-14.02990732310259,-13.988247259659062,0.3833433600144747,0.3833433600144747,0.0,0.0,0.012135678206008306,0.01573690267038033,1.0,1.0,1.0,1.0,0.9946875622229316,0.9931767595710601,0.9942258920812452,0.9900372052483745,-2.285987360214763,-3.4148318227542447,-2.285987360214763,-3.3731717593107167
1.113,-8.39430261349743,-14.034000901507389,-13.993036403675571,0.3803868072639496,0.3803868072639496,0.0,0.0,0.012016452320132952,0.015636636154784597,1.0,1.0,1.0,1.0,0.9947392780622426,0.9932442696176245,0.9942739232706039,0.9900894405746115,-2.2508617795730133,-3.388836508436946,-2.2508617795730133,-3.347872010605129
1.114,-8.459138991013756,-14.038089391831635,-13.99780417787466,0.3774346840404794,0.3774346840404794,0.0,0.0,0.011900445343757872,0.015539976527920357,1.0,1.0,1.0,1.0,0.9947895668248711,0.9933099878313711,0.9943203776900668,0.9901396457820127,-2.2160601697895532,-3.3628902310283255,-2.2160601697895532,-3.322605017071351
1.115,-8.523596654969824,-14.042172780622572,-14.002552069738334,0.3744870996673699,0.3744870996673699,0.0,0.0,0.011787273060546319,0.015446452148489411,1.0,1.0,1.0,1.0,0.9948385994037034,0.9933741275357503,0.9943654424742943,0.9901881053772165,-2.181582584085584,-3.336993541567165,-2.181582584085584,-3.2973728306829257
1.116,-8.587675027045753,-14.046251054301628,-14.007281450414641,0.3715441632998431,0.3715441632998431,0.0,0.0,0.011676575659582862,0.015355616863036808,1.0,1.0,1.0,1.0,0.9948865358595682,0.9934368884808489,0.9944092937917631,0.9902350893452002,-2.147429035529599,-3.311146991726276,-2.147429035529599,-3.272177387839288
1.117,-8.651373568046226,-14.050324199174877,-14.011993583453872,0.36860598392099914,0.36860598392099914,0.0,0.0,0.011568015921752342,0.015267048014293162,1.0,1.0,1.0,1.0,0.994933526232155,0.9934984578460928,0.9944520977099089,0.9902808542757977,-2.113599497224115,-3.285351133904536,-2.113599497224115,-3.2470205181835303
1.118,-8.71469177762796,-14.054392201443296,-14.016689632494064,0.36567267033777284,0.36567267033777284,0.0,0.0,0.011461277653385657,0.015180344742066688,1.0,1.0,1.0,1.0,0.9949797112397921,0.9935590111068222,0.9944940109381423,0.9903256443197911,-2.080093902497931,-3.259606521317406,-2.080093902497931,-3.221903952368174
1.119,-8.77762919402242,-14.058455047212645,-14.021370668035988,0.362744331176909,0.362744331176909,0.0,0.0,0.011356064335743557,0.015095126541754787,1.0,1.0,1.0,1.0,0.9950252228822136,0.9936187127820428,0.9945351814636452,0.9903696919946,-2.046912145104094,-3.2339137080861295,-2.046912145104094,-3.1968293289094736
1.12,-8.840185393754268,-14.06251272250311,-14.026037673430041,0.3598210748809424,0.3598210748809424,0.0,0.0,0.01125209796279926,0.015011032049830973,1.0,1.0,1.0,1.0,0.995070184958687,0.9936777170785137,0.9945757490929982,0.9904132188571708,-2.0140540794233854,-3.208273249325457,-2.0140540794233854,-3.171798200252388
1.121,-8.902359991355617,-14.06656521325864,-14.030691550181984,0.3569030097041754,0.3569030097041754,0.0,0.0,0.011149118043036896,0.014927718029210998,1.0,1.0,1.0,1.0,0.9951147135124137,0.9937361684445494,0.9946158459111344,0.9904564360596546,-1.9815195206732386,-3.1826857012297847,-1.9815195206732386,-3.1468120381531293
1.122,-8.964152639075941,-14.070612505356,-14.035333122671569,0.35399024370867177,0.35399024370867177,0.0,0.0,0.011046880743729434,0.01484485853036156,1.0,1.0,1.0,1.0,0.9951589172108717,0.9937942020453989,0.9946555966678303,0.9904995448018081,-1.949308245122226,-3.1571516211578334,-1.949308245122226,-3.1218722384734026
1.123,-9.025563026587767,-14.074654584613555,-14.03996314236694,0.3510828847602596,0.3510828847602596,0.0,0.0,0.010945158158473835,0.014762144206469312,1.0,1.0,1.0,1.0,0.995202897670736,0.9938519441707903,0.994695119100863,0.9905427366926678,-1.9174199903099876,-3.1316715677158014,-1.9174199903099876,-3.0969801254691847
1.124,-9.086590880688563,-14.078691436799794,-14.044582291608155,0.3481810405245293,0.3481810405245293,0.0,0.0,0.010843737680734739,0.014679281763051603,1.0,1.0,1.0,1.0,0.9952467497351206,0.9939095125841447,0.9947345242040528,0.9905861940328956,-1.885854455272453,-3.106246100838777,-1.885854455272453,-3.072136955647138
1.125,-9.147235964998355,-14.082723047641528,-14.049191187024789,0.34528481846285025,0.34528481846285025,0.0,0.0,0.010742421467838471,0.014595993524109207,1.0,1.0,1.0,1.0,0.9952905617101304,0.9939670168220311,0.9947739164476518,0.9906300900282392,-1.8546113007725258,-3.080875781870647,-1.8546113007725258,-3.0473439212539075
1.1260000000000001,-9.20749807965358,-14.086749402831906,-14.053790382645436,0.3423943258283906,0.3423943258283906,0.0,0.0,0.010641025981318983,0.014512017098388875,1.0,1.0,1.0,1.0,0.9953344155670563,0.9940245584516247,0.994813393957877,0.9906745889437343,-1.8236901495360411,-3.0555611736422827,-1.8236901495360411,-3.022602153455814
1.127,-9.267377060997003,-14.090770488038116,-14.058380372750392,0.339509669662149,0.339509669662149,0.0,0.0,0.0105393815907973,0.014427105130567573,1.0,1.0,1.0,1.0,0.9953783871159734,0.9940822312932296,0.9948530486618414,0.990719846207591,-1.7930905864930424,-3.0303028405480714,-1.7930905864930424,-2.9979127252603477
1.1280000000000001,-9.326872781264022,-14.094786288908839,-14.06296159451309,0.336630956788984,0.336630956788984,0.0,0.0,0.010437332229708284,0.014341025123253285,1.0,1.0,1.0,1.0,0.9954225461559953,0.9941401216142963,0.9948929664036352,0.9907660084731117,-1.7628121590241812,-3.005101348620637,-1.7628121590241812,-2.9732766542248887
1.129,-9.385985148265172,-14.098796791081496,-14.06753443047085,0.33375829381366273,0.33375829381366273,0.0,0.0,0.010334735092209803,0.01425355931665315,1.0,1.0,1.0,1.0,0.9954669566069844,0.9941983083008059,0.9949332270368871,0.9908132136464597,-1.7328543772124188,-2.9799572656039044,-1.7328543772124188,-2.9486949049932587
1.1300000000000001,-9.444714105065037,-14.102801980189161,-14.07209921086052,0.33089178711691053,0.33089178711691053,0.0,0.0,0.010231460361540552,0.014164504613618522,1.0,1.0,1.0,1.0,0.9955116766270924,0.9942568630113671,0.9949739044987481,0.9908615908876334,-1.703216714099814,-2.9548711610243115,-1.703216714099814,-2.924168391695669
1.131,-9.503059629657576,-14.106801841867327,-14.076656215850653,0.32803154285147695,0.32803154285147695,0.0,0.0,0.010127390960960242,0.014073672538571695,1.0,1.0,1.0,1.0,0.9955567587201332,0.9943158503189067,0.9950150668698736,0.9909112605915549,-1.6738986059494736,-2.9298436062602766,-1.6738986059494736,-2.8996979802436034
1.1320000000000001,-9.561021734638238,-14.11079636176039,-14.081205677697563,0.32517766693819616,0.32517766693819616,0.0,0.0,0.010022422319223722,0.013980889219569321,1.0,1.0,1.0,1.0,0.995602249836408,0.9943753278443684,0.9950567764246551,0.9909623343557756,-1.6448994525124325,-2.9048751746097174,-1.6448994525124325,-2.8752844905468904
1.133,-9.618600466872405,-14.11478552552789,-14.085747782848955,0.32233026506207124,0.32233026506207124,0.0,0.0,0.009916462143325474,0.013885995383491778,1.0,1.0,1.0,1.0,0.9956481914702651,0.9944353463864095,0.9950990896756197,0.9910149149408888,-1.6162186172996678,-2.879966441355818,-1.6162186172996678,-2.850928698676884
1.1340000000000001,-9.67579590716075,-14.118769318850573,-14.090282674015484,0.31948944266835577,0.31948944266835577,0.0,0.0,0.009809430192008538,0.013788846355060813,1.0,1.0,1.0,1.0,0.9956946197573295,0.9944959500506619,0.9951420574156036,0.9910690962293358,-1.587855427859002,-2.8551179838308194,-1.587855427859002,-2.82663133899573
1.135,-9.732608169901177,-14.122747727436145,-14.09481045222693,0.3166553049586557,0.3166553049586557,0.0,0.0,0.009701258044278026,0.01368931205112427,1.0,1.0,1.0,1.0,0.9957415655740085,0.9945571763817135,0.9951857247609924,0.9911249631878833,-1.5598091760569905,-2.830330381477978,-1.5598091760569905,-2.802393106268763
1.1360000000000001,-9.789037402747894,-14.126720737024904,-14.099331178887024,0.3138279568870253,0.3138279568870253,0.0,0.0,0.009591888857887202,0.013587276962377826,1.0,1.0,1.0,1.0,0.9957890546415489,0.9946190565005639,0.9952301311990023,0.9911825918386197,-1.5320791183655504,-2.805604215911459,-1.5320791183655504,-2.7782146577735802
1.137,-9.845083786267221,-14.13068833339511,-14.103844877837531,0.3110075031560853,0.3110075031560853,0.0,0.0,0.009481277113491133,0.013482640115458414,1.0,1.0,1.0,1.0,0.9958371076366012,0.9946816152499075,0.9952753106416594,0.9912420492428822,-1.5046644761535124,-2.7809400709743763,-1.5046644761535124,-2.7540966154167963
1.1380000000000001,-9.900747533590433,-14.134650502368132,-14.108351537439642,0.3081940482131438,0.3081940482131438,0.0,0.0,0.009369388340873685,0.013375315009121876,1.0,1.0,1.0,1.0,0.9958857403099207,0.9947448713492058,0.995321291488809,0.9913033935020692,-1.477564435982913,-2.7563385327947856,-1.477564435982913,-2.7300395678662954
1.139,-9.95602889006371,-14.138607229813415,-14.112851112678143,0.3053876962463321,0.3053876962463321,0.0,0.0,0.009256198824360275,0.013265229519021387,1.0,1.0,1.0,1.0,0.9959349636145205,0.9948088375611192,0.9953680967021606,0.9913666737788179,-1.450778149909996,-2.731800189839708,-1.450778149909996,-2.7060440727044357
1.14,-10.010928132895344,-14.14255850165323,-14.11734352729115,0.3025885511807407,0.3025885511807407,0.0,0.0,0.00914169528522005,0.013152325766424756,1.0,1.0,1.0,1.0,0.9959847838442839,0.994873520870496,0.9954157438920392,0.9914319303415359,-1.4243047357908427,-2.707325632967043,-1.4243047357908427,-2.682110658604963
1.1409999999999998,-10.065445570800078,-14.146504303867241,-14.121828675926153,0.29979671667457364,0.29979671667457364,0.0,0.0,0.009025874539538192,0.013036559947049473,1.0,1.0,1.0,1.0,0.9960352027837298,0.994938922676732,0.9954642454181791,0.9914991946347714,-1.3981432775916616,-2.682915455475502,-1.3981432775916616,-2.6582398275344135
1.142,-10.119581543640788,-14.150444622496863,-14.126306426320829,0.29701229611531055,0.29701229611531055,0.0,0.0,0.008908743130693134,0.01291790211703639,1.0,1.0,1.0,1.0,0.9960862178693389,0.995005038999968,0.995513608505565,0.9915684893773987,-1.3722928257036249,-2.658570253152452,-1.3722928257036249,-2.634432056976417
1.1429999999999998,-10.17333642206767,-14.154379443649473,-14.130776621505364,0.29423539261587517,0.29423539261587517,0.0,0.0,0.00879031693620213,0.012796335933938988,1.0,1.0,1.0,1.0,0.9961378223625595,0.9950718607012383,0.9955638353759911,0.9916398286900697,-1.346752397262182,-2.6342906243196205,-1.346752397262182,-2.61068780217551
1.144,-10.226710607154665,-14.158308753502347,-14.135239082021103,0.2914661090108226,0.2914661090108226,0.0,0.0,0.008670620749294441,0.01267185835143985,1.0,1.0,1.0,1.0,0.9961900055343418,0.9951393737163639,0.9956149233956865,0.9917132182528738,-1.32152097647089,-2.6100771698767917,-1.32152097647089,-2.587007498395549
1.1449999999999998,-10.279704530033701,-14.162232538306496,-14.139693608149244,0.28870454785252425,0.28870454785252425,0.0,0.0,0.008549687836127983,0.01254447926733544,1.0,1.0,1.0,1.0,0.9962427528608014,0.9952075593030704,0.9956668652390354,0.9917886554936292,-1.2965975149295637,-2.5859304933432306,-1.2965975149295637,-2.56339156318598
1.146,-10.332318651526514,-14.166150784390355,-14.14413998214175,0.2859508114073721,0.2859508114073721,0.0,0.0,0.00842755947008015,0.012414221125128633,1.0,1.0,1.0,1.0,0.9962960462293774,0.9952763943005425,0.9957196490681307,0.9918661298067406,-1.2719809319667785,-2.5618512008970638,-1.2719809319667785,-2.5398403986484577
1.1469999999999998,-10.384553461773848,-14.170063478163158,-14.148577970445643,0.28320500165199813,0.28320500165199813,0.0,0.0,0.008304284445005692,0.01228111847032862,1.0,1.0,1.0,1.0,0.9963498641546362,0.9953458514003581,0.9957732587276,0.9919456228020715,-1.2476701149767788,-2.537839901412531,-1.2476701149767788,-2.516354393695017
1.148,-10.43640947986306,-14.173970606118306,-14.153007325911506,0.2804672202694839,0.2804672202694839,0.0,0.0,0.008179918569764457,0.012145217463271261,1.0,1.0,1.0,1.0,0.9964041820026982,0.9954158994275374,0.9958276739538952,0.9920271085828336,-1.2236639197603714,-2.5138972064948737,-1.2236639197603714,-2.4929339262880745
1.1489999999999998,-10.487887253452847,-14.177872154836466,-14.157427789975841,0.2777375686456116,0.2777375686456116,0.0,0.0,0.008054524146675133,0.012006575350938804,1.0,1.0,1.0,1.0,0.9964589722230878,0.9954865036302372,0.9958828705979889,0.9921105540510724,-1.1999611708703068,-2.490023730513313,-1.1999611708703068,-2.469579365652687
1.15,-10.538987358396499,-14.18176811098854,-14.16183909480719,0.2750161478650974,0.2750161478650974,0.0,0.0,0.007928169436839043,0.011865259900847254,1.0,1.0,1.0,1.0,0.9965142045866887,0.995557625976472,0.9959388208602105,0.9921959192389422,-1.1765606619604827,-2.4662200906315572,-1.1765606619604827,-2.446291074450208
1.1509999999999998,-10.5897103983629,-14.185658461338507,-14.166240965405596,0.272303058707851,0.272303058707851,0.0,0.0,0.007800928115508793,0.011721348800597827,1.0,1.0,1.0,1.0,0.9965698464283758,0.9956292254561154,0.9959954935357748,0.9922831576636274,-1.1534611561393682,-2.442486906836239,-1.1534611561393682,-2.4230694109033277
1.152,-10.640057004455485,-14.189543192746065,-14.17063312164502,0.2695984016452492,0.2695984016452492,0.0,0.0,0.007672878720839444,0.011574929027137346,1.0,1.0,1.0,1.0,0.9966258628928156,0.9957012583863452,0.9960528542693992,0.9923722167034633,-1.1306613863274355,-2.418824801963143,-1.1306613863274355,-2.3999147308620983
1.1529999999999998,-10.690027834829692,-14.193422292169144,-14.17501528024893,0.26690227683640644,0.26690227683640644,0.0,0.0,0.007544104099461402,0.011426096190137947,1.0,1.0,1.0,1.0,0.9966822171818915,0.9957736787186472,0.9961108658172908,0.9924630379925711,-1.1081600556183988,-2.395234401721053,-1.1081600556183988,-2.376827389800839
1.154,-10.7396235743083,-14.197295746666292,-14.17938715668953,0.2642147841244716,0.2642147841244716,0.0,0.0,0.00741469085235517,0.011274953854192,1.0,1.0,1.0,1.0,0.9967388708021787,0.9958464383454662,0.9961694883146928,0.9925555578311153,-1.0859558376444836,-2.371716334713507,-1.0859558376444836,-2.3538077447367467
1.1549999999999998,-10.78884493399529,-14.20116354339889,-14.183748467001902,0.2615360230329285,0.2615360230329285,0.0,0.0,0.007284728784487198,0.011121612844717445,1.0,1.0,1.0,1.0,0.9967957838109064,0.9959194874046063,0.9962286795471282,0.9926497076081544,-1.0640473769454046,-2.3482712324581954,-1.0640473769454046,-2.3308561560612064
1.156,-10.837692650887963,-14.205025669633244,-14.188098929505035,0.2588660927619099,0.2588660927619099,0.0,0.0,0.0071543103615931344,0.010966190542582268,1.0,1.0,1.0,1.0,0.9968529150588794,0.9959927745795277,0.996288395223457,0.9927454142339606,-1.0424332893411574,-2.324899729404123,-1.0424332893411574,-2.307972989275915
1.1569999999999998,-10.886167487487493,-14.20888211274254,-14.19243826642277,0.25620509218452847,0.25620509218452847,0.0,0.0,0.007023530177367799,0.010808810172493608,1.0,1.0,1.0,1.0,0.9969102224288816,0.9960662473937506,0.9963485892488665,0.9928426005786399,-1.0211121623085142,-2.301602462946533,-1.0211121623085142,-2.285158616626762
1.158,-10.934270231408167,-14.212732860208678,-14.196766205398504,0.25355311984320705,0.25355311984320705,0.0,0.0,0.006892484434150687,0.010649600090149664,1.0,1.0,1.0,1.0,0.9969676630681678,0.9961398524976817,0.9964092139959561,0.9929411859138941,-1.000082555361072,-2.278380073439439,-1.000082555361072,-2.262413418629266
1.1589999999999998,-10.982001694984994,-14.216577899623966,-14.201082480898751,0.2509102739460356,0.2509102739460356,0.0,0.0,0.006761270439984208,0.010488693073037778,1.0,1.0,1.0,1.0,0.9970251936137327,0.9962135359462831,0.9964702205721431,0.9930410863548191,-0.9793430004329722,-2.255233204205998,-0.9793430004329722,-2.2397377854807834
1.16,-11.029362714880072,-14.22041721869269,-14.205386835501587,0.24827665236313506,0.24827665236313506,0.0,0.0,0.006629986124676409,0.010326225619577876,1.0,1.0,1.0,1.0,0.9970827704091721,0.9962872434661515,0.9965315590816956,0.9931422152987266,-0.9588920022660814,-2.2321625015465365,-0.9588920022660814,-2.217132118355433
1.1609999999999998,-11.076354151687747,-14.224250805232574,-14.209679021067341,0.2456523526230276,0.2456523526230276,0.0,0.0,0.006498729577226683,0.010162337261063765,1.0,1.0,1.0,1.0,0.9971403497120596,0.9963609207107138,0.9965931788808181,0.9932444838581181,-0.938728038800594,-2.209168614744233,-0.938728038800594,-2.1945968305790005
1.162,-11.122976889538503,-14.228078647176124,-14.21395879978984,0.2430374719090282,0.2430374719090282,0.0,0.0,0.006367598606680807,0.009997169890564896,1.0,1.0,1.0,1.0,0.9971978878909007,0.9964345135024185,0.9966550288243343,0.9933478012851008,-0.9188495615690494,-2.1862521960685726,-0.9188495615690494,-2.172132348682288
1.1629999999999998,-11.169231835701645,-14.231900732571823,-14.218225945127664,0.24043210705564938,0.24043210705564938,0.0,0.0,0.006236690328172079,0.009830867112604783,1.0,1.0,1.0,1.0,0.9972553416108669,0.9965079680609611,0.9967170575026557,0.9934520753847393,-0.8992549960936789,-2.1634139007765,-0.8992549960936789,-2.149739113332339
1.164,-11.215119920187256,-14.235717049585311,-14.222480242616125,0.23783635454500474,0.23783635454500474,0.0,0.0,0.006106100775589261,0.009663573617064207,1.0,1.0,1.0,1.0,0.9973126680076488,0.9965812312167619,0.9967792134678789,0.9935572129150569,-0.879942742286908,-2.140654387111149,-0.879942742286908,-2.1274175801419624
1.1649999999999998,-11.260642095346629,-14.239527586500316,-14.226721490561259,0.23525031050324918,0.23525031050324918,0.0,0.0,0.005975924541995407,0.009495434580352928,1.0,1.0,1.0,1.0,0.9973698248489156,0.996654250609089,0.9968414454480086,0.9936631199716386,-0.8609111748552091,-2.1179743162984783,-0.8609111748552091,-2.105168220359421
1.166,-11.30579933547232,-14.2433323317196,-14.230949500618578,0.23267407069700957,0.23267407069700957,0.0,0.0,0.0058462544486035896,0.009326595096476945,1.0,1.0,1.0,1.0,0.9974267706830089,0.9967269748683875,0.9969037025484767,0.9937697023550464,-0.8421586437058965,-2.0953743525413833,-0.8421586437058965,-2.0829915214403614
1.1669999999999998,-11.350592636397044,-14.247131273765762,-14.235164098259808,0.23010773052984107,0.23010773052984107,0.0,0.0,0.005717181242811597,0.009157199640197972,1.0,1.0,1.0,1.0,0.9974834649746372,0.9967993537825511,0.9969659344402857,0.9938768659195162,-0.8236834743570839,-2.072855163011633,-0.8236834743570839,-2.06088798750568
1.168,-11.39502301509187,-14.250924401281932,-14.239365123131723,0.22755138503869476,0.22755138503869476,0.0,0.0,0.005588793325502327,0.008987391564053279,1.0,1.0,1.0,1.0,0.9975398682274698,0.9968713384470281,0.9970280915342734,0.9939845169016731,-0.8054839683505884,-2.050417417839475,-0.8054839683505884,-2.038858139689265
1.1689999999999998,-11.439091509263637,-14.254711703032383,-14.243552429311885,0.22500512889040053,0.22500512889040053,0.0,0.0,0.0054611765075389986,0.00881731263058055,1.0,1.0,1.0,1.0,0.9975959420936543,0.9969428813988068,0.9970901251411571,0.9940925622282625,-0.78755840366779,-2.0280617901009568,-0.78755840366779,-2.0169025163804584
1.17,-11.482799176951938,-14.25849316790305,-14.247725885466664,0.2224690563781539,0.2224690563781539,0.0,0.0,0.005334413795126937,0.00864710258067371,1.0,1.0,1.0,1.0,0.9976516494704022,0.9970139367344708,0.9971519876171661,0.9942009098021602,-0.7699050351482507,-2.0057889558028617,-0.7699050351482507,-1.995021673366477
1.1709999999999998,-11.526147096125204,-14.262268784901963,-14.251885374917327,0.2199432614180345,0.2199432614180345,0.0,0.0,0.0052085852034788535,0.008476898738605732,1.0,1.0,1.0,1.0,0.9977069545838836,0.9970844602126373,0.997213632495223,0.9943094687661713,-0.7525220949112484,-1.9835995938655104,-0.7525220949112484,-1.9732161838808755
1.172,-11.569136364276597,-14.266038543159599,-14.256030795620395,0.2174278375455187,0.2174278375455187,0.0,0.0,0.005083767598006604,0.008306835653874562,1.0,1.0,1.0,1.0,0.9977618230607812,0.997154409341212,0.9972750146017628,0.9944181497443626,-0.7354077927798921,-1.9614943861031096,-0.7354077927798921,-1.9514866385639067
1.1729999999999998,-11.611768098019217,-14.269802431929117,-14.260162060068721,0.21492287791202114,0.21492287791202114,0.0,0.0,0.004960034562078725,0.008137044779685264,1.0,1.0,1.0,1.0,0.9978162219879266,0.9972237434499946,0.997336090159411,0.9945268650609038,-0.7185603167079736,-1.9394740172019258,-0.7185603167079736,-1.92983364534153
1.174,-11.654043432681066,-14.27356044058657,-14.264279095119988,0.2124284752814431,0.2124284752814431,0.0,0.0,0.004837456290220485,0.00796765418755756,1.0,1.0,1.0,1.0,0.9978701199605221,0.9972924237492574,0.9973968168758489,0.9946355289365936,-0.7019778332093621,-1.9175391746961423,-0.7019778332093621,-1.9082578292295596
1.1749999999999998,-11.695963521899653,-14.277312558631005,-14.268381841759284,0.20994472202673792,0.20994472202673792,0.0,0.0,0.004716099505499291,0.007798788317262804,1.0,1.0,1.0,1.0,0.9979234871195082,0.9973604133749926,0.9974571540192979,0.9947440576634391,-0.6856584877898925,-1.8956905489414595,-0.6856584877898925,-1.8867598320697387
1.176,-11.737529537216236,-14.281058775684432,-14.272470254802471,0.20747171012649307,0.20747171012649307,0.0,0.0,0.00459602739972903,0.007630567761039745,1.0,1.0,1.0,1.0,0.9979762951786886,0.9974276774215823,0.9975170624811387,0.9948523697578218,-0.669600405381737,-1.8739288330864592,-0.669600405381737,-1.865340312204499
1.1769999999999998,-11.778742667670187,-14.284799081491881,-14.276544302547215,0.20500953116151716,0.20500953116151716,0.0,0.0,0.004477299595042097,0.0074631090808131816,1.0,1.0,1.0,1.0,0.998028517442262,0.9974941829626959,0.9975765048262539,0.9949603860929329,-0.6538016907800632,-1.8522547230416304,-0.6538016907800632,-1.8439999440969652
1.178,-11.819604119392869,-14.288533465921198,-14.280603966377887,0.20255827631145373,0.20255827631145373,0.0,0.0,0.0043599721253184155,0.007296524656957813,1.0,1.0,1.0,1.0,0.998080128813437,0.9975598990612446,0.997635445331749,0.9950680300112934,-0.6382604290820677,-1.83066891744626,-0.6382604290820677,-1.8227394179029492
1.1789999999999998,-11.860115115201626,-14.292261918962915,-14.284649240330996,0.20011803635140707,0.20011803635140707,0.0,0.0,0.004244097435920731,0.007130922566989535,1.0,1.0,1.0,1.0,0.9981311057948267,0.9976247967692526,0.9976938500147419,0.9951752274182686,-0.6229746861282134,-1.8091721176330748,-0.6229746861282134,-1.8015594390011564
1.18,-11.900276894193915,-14.29598443072999,-14.288680130627062,0.19768890164856961,0.19768890164856961,0.0,0.0,0.004129724400167537,0.006966406492445204,1.0,1.0,1.0,1.0,0.9981814264813248,0.9976888491185076,0.9977516866499617,0.9952819068575931,-0.6079425089455364,-1.7877650275905377,-0.6079425089455364,-1.7804607274876108
1.1809999999999998,-11.940090711341085,-14.299700991457472,-14.292696655174781,0.19527096215889062,0.19527096215889062,0.0,0.0,0.004016898350978286,0.006803075652124164,1.0,1.0,1.0,1.0,0.998231070546167,0.9977520311028547,0.9978089247779068,0.9953879995699688,-0.5931619261932105,-1.7664483539231757,-0.5931619261932105,-1.7594440176404844
1.182,-11.979557837082789,-14.303411591502178,-14.29669884305308,0.19286430742373212,0.19286430742373212,0.0,0.0,0.0039056611261385488,0.006641024759794278,1.0,1.0,1.0,1.0,0.9982800192208724,0.9978143196529893,0.9978655357043376,0.9954934395358683,-0.5786309486099247,-1.7452228058094643,-0.5786309486099247,-1.7385100573603665
1.1829999999999998,-12.018679556921189,-14.307116221342232,-14.300686733976075,0.19046902656655923,0.19046902656655923,0.0,0.0,0.0037960511256701973,0.006480344004436953,1.0,1.0,1.0,1.0,0.9983282552697464,0.9978756936045834,0.997921492491871,0.995598163503692,-0.5643475694633435,-1.7240890949576997,-0.5643475694633435,-1.7176596075915431
1.184,-12.057457171015555,-14.310814871576593,-14.304660377745819,0.18808520828964048,0.18808520828964048,0.0,0.0,0.0036881033798334345,0.0063211190510884755,1.0,1.0,1.0,1.0,0.998375762959608,0.9979361336605586,0.9979767699444538,0.9957021110044577,-0.5503097650013737,-1.7030479355596633,-0.5503097650013737,-1.6968934417288888
1.1849999999999998,-12.095891993777212,-14.314507532924514,-14.308619833697218,0.18571294087075907,0.18571294087075907,0.0,0.0,0.003581849626345349,0.00616343106034827,1.0,1.0,1.0,1.0,0.9984225280253718,0.9979956223482831,0.9980313445854588,0.9958052243541929,-0.5365154949052089,-1.6821000442420933,-0.5365154949052089,-1.6762123450147963
1.186,-12.133985353464782,-14.31819419622497,-14.31256517013919,0.18335231215994469,0.18335231215994469,0.0,0.0,0.003477318395464515,0.006007356724654124,1.0,1.0,1.0,1.0,0.9984685376320968,0.9980541439724386,0.9980851946301477,0.9959074486451982,-0.5229627027441325,-1.6612461400160559,-0.5229627027441325,-1.655617113930274
1.1869999999999998,-12.171738591779757,-14.321874852435991,-14.316496463795636,0.18100340957622607,0.18100340957622607,0.0,0.0,0.0033745351016642618,0.005852968319472842,1.0,1.0,1.0,1.0,0.9985137803340745,0.9981116845642614,0.9981382999532057,0.9960087317273215,-0.5096493164319743,-1.6404869442242613,-0.5096493164319743,-1.6351085555839044
1.188,-12.209153063462864,-14.325549492634034,-14.320413799249648,0.1786663201043815,0.1786663201043815,0.0,0.0,0.0032735221406930844,0.005700333767613747,1.0,1.0,1.0,1.0,0.9985582460314918,0.9981682318278153,0.9981906420520275,0.9961090241803588,-0.49657324868506,-1.6198231804861094,-0.49657324868506,-1.6146874871017236
1.1889999999999998,-12.246230135890494,-14.32921810801318,-14.324317268393646,0.17634113029173198,0.17634113029173198,0.0,0.0,0.0031742989909060537,0.005549516714952547,1.0,1.0,1.0,1.0,0.9986019259251764,0.9982237750839178,0.9982422040063998,0.9962082792786477,-0.48373239748179003,-1.5992555746408952,-0.48373239748179003,-1.594354735021363
1.19,-12.28297118867217,-14.332880689884425,-14.328206969888239,0.17402792624492586,0.17402792624492586,0.0,0.0,0.003076882317831038,0.005400576615930451,1.0,1.0,1.0,1.0,0.9986448124698857,0.9982783052122833,0.998292970435187,0.9963064529488825,-0.47112464652352876,-1.5787848546887264,-0.47112464652352876,-1.574111134692541
1.1909999999999998,-12.319377613248419,-14.336537229674848,-14.332083008631828,0.1717267936267523,0.1717267936267523,0.0,0.0,0.0029812860810228482,0.0052535688272925245,1.0,1.0,1.0,1.0,0.9986868993265668,0.9983318145924104,0.9983429274505871,0.9964035037221204,-0.4587478656969027,-1.558411750729526,-0.4587478656969027,-1.5539575296865062
1.192,-12.35545081248931,-14.340187718926739,-14.335945495242918,0.1694378176529745,0.1694378176529745,0.0,0.0,0.0028875216423414874,0.005108544708621868,1.0,1.0,1.0,1.0,0.9987281813139741,0.9983842970436846,0.9983920626104847,0.9964993926808936,-0.446599911537397,-1.5381369949000314,-0.446599911537397,-1.53389477121621
1.1929999999999998,-12.391192200294,-14.343832149296755,-14.33979454555676,0.16716108308916533,0.16716108308916533,0.0,0.0,0.00279559787487531,0.004965551728332002,1.0,1.0,1.0,1.0,0.9987686543599957,0.9984357477651289,0.9984403648693857,0.9965940834022823,-0.4346786276940889,-1.5179613213086656,-0.4346786276940889,-1.5139237175686722
1.194,-12.426603201190789,-14.34747051255495,-14.34363028013751,0.16489667424757487,0.16489667424757487,0.0,0.0,0.0027055212718139878,0.004824633573882563,1.0,1.0,1.0,1.0,0.9988083154530022,0.9984861632751836,0.9984878245283753,0.9966875418977422,-0.4229818453955805,-1.4978854659685819,-0.4229818453955805,-1.4940452335511405
1.1949999999999998,-12.461685249938249,-14.351102800583853,-14.347452823807037,0.1626446749840047,0.1626446749840047,0.0,0.0,0.0026172960546536157,0.00468583026508938,1.0,1.0,1.0,1.0,0.9988471625934916,0.9985355413518548,0.9985344331844993,0.9967797365504113,-0.4115073839169518,-1.4779101667286525,-0.4115073839169518,-1.4742601899518362
1.196,-12.496439791127202,-14.354729005377463,-14.351262305191156,0.16040516869470378,0.16040516869470378,0.0,0.0,0.002530924280195009,0.004549178269504142,1.0,1.0,1.0,1.0,0.9988851947462755,0.9985838809735293,0.9985801836799298,0.9968706380505662,-0.40025305104769704,-1.4580361632025638,-0.40025305104769704,-1.4545694630162582
1.1969999999999998,-12.530868278783592,-14.35834911904022,-14.355058856283808,0.1581782383132826,0.1581782383132826,0.0,0.0,0.0024464059458682427,0.00441471061894297,1.0,1.0,1.0,1.0,0.9989224117934177,0.9986311822607142,0.9986250700512315,0.9969602193298254,-0.38921664356060004,-1.4382641966960295,-0.38921664356060004,-1.4349739339396157
1.198,-12.564972175972557,-14.36196313378598,-14.358842612029644,0.15596396630763598,0.15596396630763598,0.0,0.0,0.002363739092984674,0.004282457026342208,1.0,1.0,1.0,1.0,0.9989588144880985,0.9986774464189168,0.9986690874790137,0.9970484554946443,-0.3783959476813848,-1.4185950101320388,-0.3783959476813848,-1.4154744883757022
1.1989999999999998,-12.598752954403436,-14.365571041936933,-14.362613709925185,0.1537624346768936,0.1537624346768936,0.0,0.0,0.002282919907584029,0.004152444002219223,1.0,1.0,1.0,1.0,0.9989944044095623,0.9987226756828539,0.9987122322382069,0.9971353237595737,-0.3677887395591672,-1.3990293479743312,-0.3677887395591672,-1.3960720159625835
1.2,-12.632212094035864,-14.369172835922495,-14.36637228963857,0.1515737249483846,0.1515737249483846,0.0,0.0,0.0022039428186019583,0.004024694970106628,1.0,1.0,1.0,1.0,0.9990291839192629,0.9987668732621351,0.9987545016491797,0.9972208033807137,-0.35739278573759836,-1.3795679561490313,-0.35739278573759836,-1.3767674098651064
1.2009999999999998,-12.665403556305687,-14.3727564218715,-14.370106376899747,0.14939791817461334,0.14939791817461334,0.0,0.0,0.0021268005931398266,0.003899389357540776,1.0,1.0,1.0,1.0,0.9990631561183139,0.9988100432885463,0.9987958768801202,0.9973047337623391,-0.3471550547334369,-1.3601978108323773,-0.3471550547334369,-1.3575477658606228
1.202,-12.698378002848008,-14.376309903107666,-14.373804204206749,0.147235094930261,0.147235094930261,0.0,0.0,0.0020514844286691884,0.0037766808373620167,1.0,1.0,1.0,1.0,0.9990963248063104,0.9988521907650203,0.9988363436506497,0.9973869755119883,-0.3370254966422256,-1.3409064036174334,-0.3370254966422256,-1.3384007047165163
1.2029999999999998,-12.731131910018664,-14.379833573640138,-14.377466228117044,0.14508533530920503,0.14508533530920503,0.0,0.0,0.001977984042048916,0.0036565515609382803,1.0,1.0,1.0,1.0,0.9991286944415845,0.9988933215163667,0.998875907113599,0.9974675413254628,-0.32700637044229763,-1.3216952931791752,-0.32700637044229763,-1.3193279476560809
1.204,-12.763661535496222,-14.383327734737822,-14.381092911801405,0.1429487189215432,0.1429487189215432,0.0,0.0,0.001906287755273939,0.003538983156925676,1.0,1.0,1.0,1.0,0.9991602701029252,0.9989334421418009,0.9989145727525462,0.9975464440905281,-0.31709997048470456,-1.3025662287568944,-0.31709997048470456,-1.3003314058204782
1.2049999999999998,-12.795963093725607,-14.386792694493902,-14.384684724441534,0.14082532489065808,0.14082532489065808,0.0,0.0,0.001836382577913217,0.003423956733934465,1.0,1.0,1.0,1.0,0.9991910574527864,0.9989725599693005,0.9989523463781929,0.9976236968878727,-0.3073086257110862,-1.2835209750572094,-0.3073086257110862,-1.2814130050048411
1.206,-12.828032805289693,-14.390228767393836,-14.388242140639695,0.13871523185027756,0.13871523185027756,0.0,0.0,0.0017682542862245887,0.0033114528836377696,1.0,1.0,1.0,1.0,0.9992210627019847,0.9990106830117907,0.9989892341244239,0.9976993129919384,-0.29763469884920934,-1.2645612632549321,-0.29763469884920934,-1.2625746365007924
1.2069999999999999,-12.85986688427166,-14.39363627388692,-14.39176563984027,0.13661851794156588,0.13661851794156588,0.0,0.0,0.0017018874989653235,0.0032014516842785506,1.0,1.0,1.0,1.0,0.9992502925758816,0.9990478199251531,0.9990252424440694,0.997773305871652,-0.2880805855865839,-1.2456888040286738,-0.2880805855865839,-1.2438181699820234
1.208,-12.891461532130949,-14.397015539961783,-14.395255705763292,0.1345352608102301,0.1345352608102301,0.0,0.0,0.0016372657499404393,0.0030939327045327405,1.0,1.0,1.0,1.0,0.9992787542820286,0.999083979968031,0.9990603781043822,0.9978456891910851,-0.2786487137223276,-1.2269052941085072,-0.2786487137223276,-1.225145459910015
1.2089999999999999,-12.922812935991203,-14.400366896726002,-14.398712825849968,0.132465537603647,0.132465537603647,0.0,0.0,0.0015743715573523732,0.002988875007688126,1.0,1.0,1.0,1.0,0.9993064554792491,0.9991191729633985,0.9990946481822472,0.9979164768100647,-0.26934154229760754,-1.2082124184371916,-0.26934154229760754,-1.2065583475611572
1.21,-12.953917268440891,-14.40369067999002,-14.402137490720087,0.13040942496799962,0.13040942496799962,0.0,0.0,0.0015131864900330993,0.002886257156102861,1.0,1.0,1.0,1.0,0.9993334042481189,0.9991534092618479,0.9991280600591363,0.9979856827847607,-0.2601615607048475,-1.1896118508442806,-0.2601615607048475,-1.1880586615743463
1.2109999999999999,-12.984770687876974,-14.40698722985572,-14.405530193641404,0.12836699904544785,0.12836699904544785,0.0,0.0,0.0014536912306552978,0.002786057215910715,1.0,1.0,1.0,1.0,0.9993596090628027,0.999186699706542,0.9991606214158207,0.9980533213682684,-0.25111128777612923,-1.171105254202616,-0.25111128777612923,-1.169648217988299
1.212,-13.015369339072805,-14.410256890309714,-14.408891430010842,0.12633833547129986,0.12633833547129986,0.0,0.0,0.0013958656360291556,0.0026882527619422267,1.0,1.0,1.0,1.0,0.9993850787641986,0.9992190555997723,0.9991923402268552,0.9981194070112027,-0.24219327085092912,-1.1526942803859797,-0.24219327085092912,-1.1513288200871066
1.2129999999999999,-13.045709353855324,-14.413500008821815,-14.4122216968477,0.12432350937121733,0.12432350937121733,0.0,0.0,0.0013396887946024942,0.0025928208828371515,1.0,1.0,1.0,1.0,0.9994098225343371,0.9992504886710605,0.9992232247548423,0.9981839543623204,-0.23341008482363496,-1.134380570142856,-0.23341008482363496,-1.1331022581687409
1.214,-13.07578685184614,-14.416716935948605,-14.415521492298556,0.12232259535843043,0.12232259535843043,0.0,0.0,0.001285139081286742,0.002499738186325705,1.0,1.0,1.0,1.0,0.9994338498719815,0.9992810110467317,0.9992532835444906,0.9982469782691838,-0.22476433117107417,-1.1161657529313902,-0.22476433117107417,-1.1149703092813408
1.2149999999999999,-13.10559794124719,-14.41990802494263,-14.418791315154152,0.12033566753097502,0.12033566753097502,0.0,0.0,0.0012321942097369982,0.0024089808046615134,1.0,1.0,1.0,1.0,0.9994571705693694,0.9993106352208935,0.99928252541647,0.9983084937788683,-0.21625863696040531,-1.0980514467350346,-0.21625863696040531,-1.0969347369465559
1.216,-13.135138719661684,-14.423073631367258,-14.422031664378059,0.11836279946895234,0.11836279946895234,0.0,0.0,0.0011808312822165997,0.0023205244001939553,1.0,1.0,1.0,1.0,0.9994797946900388,0.9993393740277444,0.9993109594610778,0.9983685161387282,-0.20789565383774444,-1.0800392578678293,-0.20789565383774444,-1.0789972908786307
1.2169999999999999,-13.16440527494611,-14.426214112717426,-14.425243038647151,0.11640406423179733,0.11640406423179733,0.0,0.0,0.001131026837177008,0.002234344171070714,1.0,1.0,1.0,1.0,0.9995017325476787,0.9993672406151443,0.9993385950317155,0.9984270607972136,-0.19967805699778263,-1.0621307807735327,-0.19967805699778263,-1.0611597067032583
1.218,-13.193393686090685,-14.429329828046601,-14.428425935903963,0.11445953435557821,0.11445953435557821,0.0,0.0,0.0010827568946843492,0.0021504148570693315,1.0,1.0,1.0,1.0,0.9995229946859462,0.9993942484193696,0.9993654417381868,0.9984841434047441,-0.19160854413485268,-1.044327597821062,-0.19160854413485268,-1.043423705678424
1.2189999999999999,-13.222100024126984,-14.43242113759999,-14.431580852920792,0.11252928185031091,0.11252928185031091,0.0,0.0,0.0010359969998208502,0.002068710745558708,1.0,1.0,1.0,1.0,0.9995435918591915,0.9994204111409877,0.9993915094398138,0.9985397798146276,-0.18368983437575062,-1.0266312790972556,-0.18368983437575062,-1.025790994418058
1.22,-13.25052035306213,-14.435488402454416,-14.434708284875763,0.1106133781972859,0.1106133781972859,0.0,0.0,0.0009907222641869053,0.0019892056775982336,1.0,1.0,1.0,1.0,0.9995635350140362,0.9994457427217769,0.9994168082383809,0.9985939860840207,-0.1759246671946541,-1.0090433821976315,-0.1759246671946541,-1.008263264618979
1.2209999999999999,-13.278650730838518,-14.438531984164847,-14.437808724940632,0.1087118943464303,0.1087118943464303,0.0,0.0,0.000946907405625945,0.0019118730541880513,1.0,1.0,1.0,1.0,0.9995828352717461,0.9994702573226282,0.9994413484708988,0.9986467784749129,-0.16831580131063012,-0.9915654520157,-0.16831580131063012,-0.9908421927914843
1.222,-13.306487210319183,-14.441552244417919,-14.440882663880524,0.10682490071367307,0.10682490071367307,0.0,0.0,0.0009045267862885268,0.001836685842687675,1.0,1.0,1.0,1.0,0.9996015039113504,0.999493969302361,0.9994651407021938,0.9986981734551184,-0.16086601356796637,-0.9741990205307692,-0.16086601356796637,-0.9735294399933742
1.2229999999999999,-13.334025840298146,-14.444549544692611,-14.443930589665596,0.10495246717833984,0.10495246717833984,0.0,0.0,0.0008635544491477846,0.0017636165834274957,1.0,1.0,1.0,1.0,0.9996195523534555,0.9995168931973968,0.999488195717317,0.9987481876992558,-0.15357809779985565,-0.9569456065946109,-0.15357809779985565,-0.9563266515675957
1.224,-13.361262666535442,-14.4475242459282,-14.446952987107544,0.10309466308056775,0.10309466308056775,0.0,0.0,0.0008239641530719487,0.0016926373389322266,1.0,1.0,1.0,1.0,0.9996369921447029,0.9995390437022251,0.9995105245331284,0.9987968381279392,-0.14645486367577598,-0.9398067157169824,-0.14645486367577598,-0.9392354568963247
1.2249999999999999,-13.388193732816816,-14.450476708199782,-14.449950337840667,0.10125155721873325,0.10125155721873325,0.0,0.0,0.0007857294065532995,0.0016237180950342332,1.0,1.0,1.0,1.0,0.999653834942832,0.9995604356506147,0.999532138898695,0.9988441430062708,-0.13949913553297352,-0.9227838398499912,-0.13949913553297352,-0.9222574694908773
1.226,-13.414815082037428,-14.45340729040138,-14.452923119924225,0.09942321784690555,0.09942321784690555,0.0,0.0,0.0007488235001870537,0.0015568266454889768,1.0,1.0,1.0,1.0,0.9996700925023002,0.9995810839975126,0.9995530513015631,0.9988901220529479,-0.1327137511924974,-0.9058784571714547,-0.1327137511924974,-0.905394286694299
1.2269999999999999,-13.44112275730958,-14.456316349937056,-14.455871807051343,0.09760971267232355,0.09760971267232355,0.0,0.0,0.0007132195379865587,0.0014919304852850652,1.0,1.0,1.0,1.0,0.9996857766604262,0.9996010038015875,0.9995732743706346,0.9989347951440803,-0.12610156076022067,-0.8890920318672555,-0.12610156076022067,-0.8886474889815428
1.228,-13.467112803094087,-14.459204242419865,-14.458796868205301,0.09581110885287902,0.09581110885287902,0.0,0.0,0.0006788904676143962,0.001428996933345324,1.0,1.0,1.0,1.0,0.9997008993240152,0.9996202102083704,0.9995928208340691,0.9989781822325854,-0.1196654254132157,-0.8724260139125617,-0.1196654254132157,-0.8720186396979983
1.2289999999999999,-13.492781266354797,-14.462071321379105,-14.46169876735353,0.09402747299464093,0.09402747299464093,0.0,0.0,0.000645809109603104,0.0013679931473672823,1.0,1.0,1.0,1.0,0.99971547245644,0.9996387184339569,0.9996117035092089,0.999020303343424,-0.11340821617205163,-0.8558818388522552,-0.11340821617205163,-0.855509284826681
1.23,-13.518124197736295,-14.464917937975823,-14.46457796315396,0.09225887114938008,0.09225887114938008,0.0,0.0,0.0006139481856313577,0.0013088861387748894,1.0,1.0,1.0,1.0,0.9997295080651404,0.9996565437492282,0.9996299352924849,0.9990611785687404,-0.10733281265932203,-0.8394609275802045,-0.10733281265932203,-0.8391209527583436
1.2309999999999999,-13.543137652764166,-14.467744440726861,-14.467434908673859,0.09050536881212645,0.09050536881212645,0.0,0.0,0.0005832803459162671,0.0012516427877760138,1.0,1.0,1.0,1.0,0.9997430181895196,0.9996737014645641,0.9996475291493173,0.9991008280629067,-0.1014421018449754,-0.8231646861177195,-0.1014421018449754,-0.8228551540647167
1.232,-13.56781769306746,-14.470551175237393,-14.470270051120956,0.08876703091874566,0.08876703091874566,0.0,0.0,0.0005537781957753118,0.0011962298585185827,1.0,1.0,1.0,1.0,0.9997560148892102,0.9996902069150145,0.999664498104018,0.9991392720374634,-0.09573897677886548,-0.8069945053910683,-0.09573897677886548,-0.8067133812746317
1.2329999999999999,-13.592160387623299,-14.473338483942344,-14.473083831587202,0.0870439218435301,0.0870439218435301,0.0,0.0,0.0005254143214055883,0.0011426140143381365,1.0,1.0,1.0,1.0,0.9997685102326899,0.9997060754459047,0.9996808552297054,0.9991765307559565,-0.09022633531097846,-0.7909517610080664,-0.09022633531097846,-0.7906971086529242
1.234,-13.616161814022805,-14.47610670585654,-14.475876684804781,0.08533610539681791,0.08533610539681791,0.0,0.0,0.0004981613149225084,0.0010907618330900258,1.0,1.0,1.0,1.0,0.9997805162862257,0.9997213223988518,0.9996966136382426,0.9992126245286675,-0.08490707879985486,-0.7750378130338798,-0.08490707879985486,-0.7748077919821212
1.2349999999999999,-13.63981805975829,-14.478856176333942,-14.478649038914726,0.08364364482262904,0.08364364482262904,0.0,0.0,0.00047199179869418344,0.0010406398225587202,1.0,1.0,1.0,1.0,0.999792045103134,0.9997359630981718,0.9997117864702072,0.9992475737072343,-0.07978411080967174,-0.7592540057659776,-0.07978411080967174,-0.7590468683467634
1.236,-13.66312522353107,-14.481587226835869,-14.48140131524785,0.08196660279632251,0.08196660279632251,0.0,0.0,0.0004468784490027645,0.0009922144359364403,1.0,1.0,1.0,1.0,0.9998031087133376,0.9997500128376597,0.9997263868849058,0.9992813986791578,-0.07486033579646806,-0.7436016675083307,-0.07486033579646806,-0.7434157559203115
1.2369999999999999,-13.68607941657954,-14.484300184708502,-14.484133928118187,0.08030504142227896,0.08030504142227896,0.0,0.0,0.0004227940190591223,0.0009454520873639116,1.0,1.0,1.0,1.0,0.9998137191132109,0.9997634868677301,0.9997404280504398,0.9993141198621961,-0.07013865778404291,-0.7280821103449195,-0.07013865778404291,-0.7279158537546051
1.238,-13.708676764027182,-14.48699537296965,-14.486847284628862,0.07865902223159499,0.07865902223159499,0.0,0.0,0.0003997113613924129,0.0009003191675243468,1.0,1.0,1.0,1.0,0.9998238882557031,0.9997764003829045,0.9997539231338366,0.9993457576986392,-0.06562197902997884,-0.71269662991249,-0.06562197902997884,-0.7125485415717019
1.2389999999999999,-13.730913406249687,-14.489673110104832,-14.489541784490253,0.0770286061798085,0.0770286061798085,0.0,0.0,0.0003776034496323899,0.0008567820592836185,1.0,1.0,1.0,1.0,0.99983362804073,0.9997887685096378,0.9997668852912514,0.9993763326494651,-0.06131319868235986,-0.6974465051727852,-0.06131319868235986,-0.697315179558207
1.24,-13.752785500261021,-14.492333709872877,-14.492217819850604,0.07541385364464182,0.07541385364464182,0.0,0.0,0.0003564433996978834,0.0008148071533673777,1.0,1.0,1.0,1.0,0.9998429503058284,0.9998006062944738,0.9997793276582568,0.9994058651883758,-0.05721521142766421,-0.682332998184191,-0.05721521142766421,-0.6822171081619188
1.2409999999999999,-13.774289221117836,-14.494977481121047,-14.494875775138938,0.07381482442376286,0.07381482442376286,0.0,0.0,0.000336204490401638,0.0007743608640670919,1.0,1.0,1.0,1.0,0.9998518668170706,0.9998119286925278,0.9997912633402244,0.9994343757957085,-0.05333090613034582,-0.6673573538728652,-0.05333090613034582,-0.6672556478907559
1.242,-13.795420763341568,-14.497604727609707,-14.497516026920211,0.0722315777325721,0.0722315777325721,0.0,0.0,0.00031686018347846937,0.000735409644966077,1.0,1.0,1.0,1.0,0.9998603892602318,0.9998227505562897,0.9998027054028104,0.9994618849522235,-0.04966316446466314,-0.6525207998034765,-0.04966316446466314,-0.6524320991139796
1.2429999999999999,-13.816176342357755,-14.50021574784665,-14.500138943762694,0.07066417220201265,0.07066417220201265,0.0,0.0,0.00029838414304078967,0.0006979200046769612,1.0,1.0,1.0,1.0,0.999868529232212,0.9998330866247472,0.9998136668625575,0.9994884131327656,-0.046214859539267246,-0.6378245459496279,-0.046214859539267246,-0.6377477418656721
1.244,-13.83655219595219,-14.50281083493116,-14.50274488611756,0.06911266587639148,0.06911266587639148,0.0,0.0,0.0002807502544627662,0.0006618585225809519,1.0,1.0,1.0,1.0,0.9998762982327094,0.9998429515128278,0.9998241606776206,0.9995139807997985,-0.04298885451506595,-0.623269784463904,-0.04298885451506595,-0.6232038356503027
1.2449999999999999,-13.856544585742885,-14.505390276407741,-14.505334206210465,0.06757711621123935,0.06757711621123935,0.0,0.0,0.0002639326426926899,0.0006271918645604582,1.0,1.0,1.0,1.0,0.9998837076561471,0.9998523597011603,0.9998341997386276,0.9995386083968117,-0.03998800121696401,-0.6088576894478928,-0.03998800121696401,-0.6088016192506172
1.246,-13.876149798667738,-14.507954354129652,-14.50790724794521,0.06605758007117624,0.06605758007117624,0.0,0.0,0.0002479056899903714,0.0005938867987149053,1.0,1.0,1.0,1.0,0.9998907687838522,0.9998613255261573,0.9998437968596857,0.9995623163415995,-0.03721513873995114,-0.5945894167219622,-0.03721513873995114,-0.5945423105375223
1.2469999999999999,-13.89536414848694,-14.510503344132204,-14.510464346819262,0.06455411372780767,0.06455411372780767,0.0,0.0,0.00023264405308539448,0.0005619102110506842,1.0,1.0,1.0,1.0,0.9998974927764918,0.9998698631704228,0.9998529647695406,0.9995851250194088,-0.03467309205014454,-0.5804661035951169,-0.03467309205014454,-0.5804271062821765
1.248,-13.914183977299652,-14.513037516515885,-14.513005829851123,0.06306677285764078,0.06306677285764078,0.0,0.0,0.00021812267975025032,0.0005312291211352832,1.0,1.0,1.0,1.0,0.9999038906667649,0.9998779866534848,0.9998617161029032,0.9996070547759616,-0.032364670581314724,-0.5664888686349181,-0.032364670581314724,-0.5664571819701556
1.2489999999999999,-13.932605657074191,-14.515557135339275,-14.515532015519389,0.06159561254002455,0.06159561254002455,0.0,0.0,0.00020431682478130278,0.000501810697705693,1.0,1.0,1.0,1.0,0.9999099733523575,0.9998857098228612,0.9998700633919482,0.9996281259103461,-0.030292666827461446,-0.5526588114376216,-0.030292666827461446,-0.552633691617735
1.25,-13.95062559119127,-14.5180624585218,-14.518043213713447,0.06014068725510552,0.06014068725510552,0.0,0.0,0.0001912020653795411,0.00047362227422090015,1.0,1.0,1.0,1.0,0.9999157515891606,0.9998930463454598,0.9998780190579971,0.9996483586677818,-0.028459854931984992,-0.5389770123985456,-0.028459854931984992,-0.5389577675901931
1.251,-13.968240215999222,-14.520553737756217,-14.520539725695551,0.058702050881815626,0.058702050881815626,0.0,0.0,0.00017875431592256146,0.0004466313643483997,1.0,1.0,1.0,1.0,0.9999212359847564,0.9999000096993211,0.9998855954033954,0.9996677732322564,-0.026868989274048887,-0.5254445324829449,-0.026868989274048887,-0.5254305204222796
1.252,-13.985396229870247,-14.52303121843099,-14.523021844074357,0.057279756695872264,0.057279756695872264,0.0,0.0,0.00016694984211837542,0.0004208056773738773,1.0,1.0,1.0,1.0,0.9999264369921774,0.9999066131657043,0.9998928046035892,0.9996863897190371,-0.025519388760082074,-0.5121155998006598,-0.025519388760082074,-0.5121062254440276
1.253,-14.00203718584189,-14.52549513956233,-14.525489852789562,0.0558738573678082,0.0558738573678082,0.0,0.0,0.0001557652745316863,0.00039611313352380423,1.0,1.0,1.0,1.0,0.9999313649039417,0.9999128698215264,0.9998996586994169,0.9997042281670594,-0.024282044375216427,-0.4991759093452244,-0.024282044375216427,-0.49917062257245526
1.254,-14.018463904158864,-14.527945733736049,-14.527944027107672,0.05448440496102014,0.05448440496102014,0.0,0.0,0.00014517762147285606,0.0003725218791897197,1.0,1.0,1.0,1.0,0.9999360298463688,0.9999187925321583,0.9999061695896181,0.9997213085311923,-0.023089384886413253,-0.48639244469077114,-0.023089384886413253,-0.48639073806239586
1.255,-14.034676786466896,-14.530383227059033,-14.53038463362863,0.05311145092984021,0.05311145092984021,0.0,0.0,0.0001351642812399663,0.0003500003020433129,1.0,1.0,1.0,1.0,0.9999404417741791,0.9999243939445809,0.9999123490235718,0.999737650674385,-0.021940386338170692,-0.47376605425396545,-0.021940386338170692,-0.47376746082356347
1.256,-14.05067624487409,-14.532807839120396,-14.532811930303174,0.05175504611763326,0.05175504611763326,0.0,0.0,0.00012570305370453402,0.0003285170460310149,1.0,1.0,1.0,1.0,0.9999446104653849,0.9999296864809106,0.999918208594272,0.999753274359697,-0.020834032563809054,-0.46129756168249825,-0.020834032563809054,-0.46130165286527536
1.257,-14.066462701848092,-14.535219782962242,-14.535226166460811,0.05041524075490955,0.05041524075490955,0.0,0.0,0.00011677215123164427,0.0003080410262364363,1.0,1.0,1.0,1.0,0.9999485455164718,0.9999346823322963,0.9999237597315479,0.9997681992422157,-0.019769315379920497,-0.4489877657342307,-0.019769315379920497,-0.44899414923279957
1.258,-14.082036590118806,-14.53761926505991,-14.53762758284815,0.04909208445746749,0.04909208445746749,0.0,0.0,0.00010835020892592394,0.0002885414435991226,1.0,1.0,1.0,1.0,0.9999522563378794,0.9999393934531945,0.9999290136955366,0.9997824448608643,-0.01874523477911689,-0.4368374401619872,-0.01874523477911689,-0.4368457579502285
1.259,-14.097398352586742,-14.540006485311721,-14.540016411677462,0.04778562622455773,0.04778562622455773,0.0,0.0,0.00010041629419511598,0.00026998779947756555,1.0,1.0,1.0,1.0,0.9999557521497799,0.9999438315560252,0.9999339815704164,0.9997960306301062,-0.01776079912102968,-0.42484733360394955,-0.01776079912102968,-0.42485725996969037
1.26,-14.112548442236886,-14.54238163703807,-14.54239287668523,0.04649591443706269,0.04649591443706269,0.0,0.0,9.294991562375097e-05,0.00025234991004412146,1.0,1.0,1.0,1.0,0.9999590419781619,0.9999480081062143,0.9999386742584075,0.9998089758315482,-0.016815025321536056,-0.4130181694796464,-0.016815025321536056,-0.4130294091268081
1.261,-14.127487322057899,-14.544744906989864,-14.5447571932006,0.04522299685571296,0.04522299685571296,0.0,0.0,8.593103115030284e-05,0.00023559792049965977,1.0,1.0,1.0,1.0,0.9999621346512221,0.9999519343176276,0.999943102474048,0.9998212996054521,-0.015906939040190766,-0.40135064589177505,-0.015906939040190766,-0.4013629321025104
1.262,-14.142215464966682,-14.547096475366136,-14.547109568223364,0.043966920619311955,0.043966920619311955,0.0,0.0,7.934005554175423e-05,0.00021970231909485834,1.0,1.0,1.0,1.0,0.9999650387960637,0.9999556211483946,0.9999472767387488,0.9998330209421563,-0.015035574865817742,-0.3898454355336354,-0.015035574865817742,-0.38985852839086355
1.263,-14.156733353738122,-14.549436515840801,-14.549450200511465,0.04272773224299309,0.04272773224299309,0.0,0.0,7.315786716072928e-05,0.00020463395094533373,1.0,1.0,1.0,1.0,0.9999677628357081,0.9999590792971312,0.9999512073756373,0.9998441586734174,-0.01419997650024767,-0.3785031856024308,-0.01419997650024767,-0.3785168702730948
1.264,-14.171041480939829,-14.551765195598383,-14.551779280677604,0.04150547761649853,0.04150547761649853,0.0,0.0,6.73658140211141e-05,0.00019036403162721533,1.0,1.0,1.0,1.0,0.9999703149864201,0.9999623191995588,0.9999549045046944,0.9998547314636784,-0.013399196940166839,-0.3673245177183877,-0.013399196940166839,-0.367338602797608
1.265,-14.185140348871977,-14.554082675378712,-14.554096991294944,0.040300202002476415,0.040300202002476415,0.0,0.0,6.194571912917848e-05,0.00017686416053943894,1.0,1.0,1.0,1.0,0.9999727032553468,0.999965351025524,0.9999583780381893,0.9998647578012713,-0.012632298657043392,-0.3563100278496917,-0.012632298657043392,-0.35632434376592304
1.266,-14.199030469511854,-14.55638910953034,-14.556403507011504,0.03911195003480672,0.03911195003480672,0.0,0.0,5.687988510835699e-05,0.00016410633401889736,1.0,1.0,1.0,1.0,0.999974935438473,0.9999681846764187,0.9999616376764189,0.9998742559895623,-0.011898353775115004,-0.34546028624337133,-0.011898353775115004,-0.3454746837245366
1.267,-14.21271236446314,-14.55868464607266,-14.55869899467315,0.03794076571695015,0.03794076571695015,0.0,0.0,5.215109810689661e-05,0.00015206295819409862,1.0,1.0,1.0,1.0,0.9999770191188917,0.9999708297830014,0.9999646929037547,0.9998832441380513,-0.011196444247400152,-0.33477583736211924,-0.011196444247400152,-0.3347901859626109
1.268,-14.226186564909861,-14.560969426766581,-14.5609836134549,0.036786692420312905,0.036786692420312905,0.0,0.0,4.7742630988755106e-05,0.00014070686156253674,1.0,1.0,1.0,1.0,0.9999789616653909,0.9999732957036201,0.9999675529850037,0.9998917401534337,-0.010525662029705294,-0.3242571998270154,-0.010525662029705294,-0.32427138651533227
1.269,-14.23945361157458,-14.563243587193565,-14.563257515000284,0.03564977288264792,0.03564977288264792,0.0,0.0,4.36382458094328e-05,0.00013001130727697575,1.0,1.0,1.0,1.0,0.9999807702313559,0.9999755915228344,0.9999702269620862,0.9998997617306367,-0.009885109252613301,-0.31390486636637127,-0.009885109252613301,-0.3139187941730901
1.27,-14.25251405468104,-14.565507256842945,-14.565520843568589,0.03453004920646641,0.03453004920646641,0.0,0.0,3.982219557946517e-05,0.00011995000512487901,1.0,1.0,1.0,1.0,0.9999824517539843,0.9999777260504363,0.9999727236510326,0.9999073263438425,-0.00927389839140743,-0.30371930377049716,-0.00927389839140743,-0.30373289049614094
1.271,-14.265368453920917,-14.56776055920744,-14.567773736189752,0.033427562857480886,0.033427562857480886,0.0,0.0,3.627922531972914e-05,0.00011049712318542883,1.0,1.0,1.0,1.0,0.9999840129538131,0.9999797078208671,0.9999750516393052,0.9999144512375093,-0.008691152433919434,-0.2937009528526032,-0.008691152433919434,-0.29371412983491507
1.272,-14.27801737842443,-14.570003611886499,-14.570016322826511,0.032342354663070894,0.032342354663070894,0.0,0.0,3.299457241385785e-05,0.00010162729914766067,1.0,1.0,1.0,1.0,0.9999854603345578,0.9999815450930281,0.9999772192834455,0.9999211534174068,-0.008136005046271138,-0.28385022841579755,-0.008136005046271138,-0.283862939355811
1.273,-14.290461406734977,-14.572236526697624,-14.57224872654384,0.0312744648107684,0.0312744648107684,0.0,0.0,2.995396626435779e-05,9.331565127306476e-05,1.0,1.0,1.0,1.0,0.9999868001832558,0.9999832458504798,0.9999792347070493,0.9999274496416778,-0.0076076007364775005,-0.2741675192261702,-0.0076076007364775005,-0.2741797190723856
1.274,-14.302701126787273,-14.574459409795242,-14.574471063685138,0.030223932846771273,0.030223932846771273,0.0,0.0,2.714362726032661e-05,8.55377889854937e-05,1.0,1.0,1.0,1.0,0.9999880385707135,0.9999848178020263,0.9999811057990723,0.9999333564119424,-0.007105095015895913,-0.26465318799207227,-0.007105095015895913,-0.26466484188196904
1.275,-14.31473713588909,-14.57667236179714,-14.57668344405516,0.02919079767447852,0.02919079767447852,0.0,0.0,2.455026506590365e-05,7.82698230706984e-05,1.0,1.0,1.0,1.0,0.9999891813522543,0.9999862683826799,0.9999828402124666,0.9999388899644628,-0.006627654558488963,-0.25530757134956217,-0.006627654558488963,-0.2553186536075813
1.276,-14.326570040706287,-14.578875477918213,-14.578885971109285,0.028175097553048922,0.028175097553048922,0.0,0.0,2.2161076239882344e-05,7.148837546738585e-05,1.0,1.0,1.0,1.0,0.9999902341687605,0.9999876047549996,0.9999844453631492,0.9999440662613835,-0.00617445735787905,-0.24613097985404753,-0.00617445735787905,-0.24614147304511902
1.277,-14.33820045725098,-14.581068848111338,-14.581078742148923,0.027176870095986294,0.027176870095986294,0.0,0.0,1.996374119818107e-05,6.517058863119052e-05,1.0,1.0,1.0,1.0,0.999991202448005,0.9999888338107968,0.9999859284293017,0.9999489009820671,-0.005744692882169356,-0.23712369797818755,-0.005744692882169356,-0.23713359201577378
1.278,-14.34962901087281,-14.58325255721531,-14.583261848522893,0.026196152269743644,0.026196152269743644,0.0,0.0,1.794642053210301e-05,5.929413445238431e-05,1.0,1.0,1.0,1.0,0.9999920914062665,0.9999899621732014,0.9999872963510029,0.9999534095145447,-0.005337562226506548,-0.2282859841159932,-0.005337562226506548,-0.2282952754235762
1.279,-14.360856336252905,-14.585426685109518,-14.585435375834368,0.025232980392355775,0.025232980392355775,0.0,0.0,1.609775069659416e-05,5.38372227077618e-05,1.0,1.0,1.0,1.0,0.9999929060502235,0.99999099619908,0.9999885558301917,0.9999576069471003,-0.00495227826336326,-0.21961807059324823,-0.00495227826336326,-0.2196267613180991
1.28,-14.3718830774005,-14.587591306875229,-14.587599404153238,0.024287390132095577,0.024287390132095577,0.0,0.0,1.4406839083901758e-05,4.877860902651837e-05,1.0,1.0,1.0,1.0,0.9999936511791182,0.9999919419817979,0.9999897133309594,0.999961508060014,-0.004588065790515798,-0.21112016368421194,-0.004588065790515798,-0.21112826096222193
1.281,-14.382709887652082,-14.589746492963371,-14.589754008233665,0.023359416506150366,0.023359416506150366,0.0,0.0,1.286325849924323e-05,4.4097602349435556e-05,1.0,1.0,1.0,1.0,0.9999943313871859,0.9999928053543151,0.9999907750801695,0.9999651273174812,-0.004244161676691828,-0.20279244363459892,-0.004244161676691828,-0.20279995890489155
1.282,-14.393337429672723,-14.591892309368514,-14.591899257736499,0.02244909387932681,0.02244909387932681,0.0,0.0,1.1457041056295833e-05,3.977407186025472e-05,1.0,1.0,1.0,1.0,0.9999949510663367,0.999993591892607,0.9999917470684034,0.9999684788597362,-0.003919815004870038,-0.19463506469092184,-0.003919815004870038,-0.1946420130589055
1.283,-14.40376637545947,-14.594028817808852,-14.594035217456314,0.021556455962779553,0.021556455962779553,0.0,0.0,1.0178671511444428e-05,3.57884533675221e-05,1.0,1.0,1.0,1.0,0.9999955144090901,0.9999943069193984,0.9999926350512287,0.9999715764954039,-0.0036142872132060894,-0.18664815513617383,-0.0036142872132060894,-0.18665455478363735
1.284,-14.413997406346763,-14.596156075912134,-14.596161947552943,0.020681535812758778,0.020681535812758778,0.0,0.0,9.019080056844708e-06,3.212175511472577e-05,1.0,1.0,1.0,1.0,0.9999960254117424,0.9999949555082006,0.9999934445507837,0.9999744336941018,-0.0033268522335618686,-0.17883181733180908,-0.0033268522335618686,-0.17883768897261898
1.285,-14.424031213013322,-14.598274137407127,-14.598279503787035,0.01982436582939129,0.01982436582939129,0.0,0.0,7.969634593477787e-06,2.8755562996135726e-05,1.0,1.0,1.0,1.0,0.9999964878777682,0.9999955424876383,0.9999941808576797,0.9999770635793244,-0.0030567966276210307,-0.17118612776618414,-0.0030567966276210307,-0.17119149414609214
1.286,-14.433868495490794,-14.600383052320641,-14.600387937759665,0.018984977755476473,0.018984977755476473,0.0,0.0,7.022132506367606e-06,2.5672045155183243e-05,1.0,1.0,1.0,1.0,0.999996905421438,0.9999960724460554,0.9999948490332113,0.9999794789216335,-0.0028034197205639684,-0.1637111371092832,-0.0028034197205639684,-0.16371602254830764
1.287,-14.443509963173495,-14.602482867179663,-14.602487297155475,0.0181634026753128,0.0181634026753128,0.0,0.0,6.168791965194402e-06,2.2853955941931986e-05,1.0,1.0,1.0,1.0,0.9999972814716491,0.9999965497363857,0.9999954539118722,0.999981692132186,-0.0025660337322870297,-0.15640687027388245,-0.0025660337322870297,-0.15641130024969419
1.288,-14.452956334829373,-14.6045736252186,-14.604577625989307,0.017359671013545963,0.017359671013545963,0.0,0.0,5.402242774467538e-06,2.0284639205735686e-05,1.0,1.0,1.0,1.0,0.9999976192759498,0.9999969784812756,0.9999960001041684,0.9999837152566258,-0.0023439639061393056,-0.14927332648308822,-0.0023439639061393056,-0.1492773272537954
1.289,-14.462208338611857,-14.606655366591305,-14.606658964856006,0.016573812534043386,0.016573812534043386,0.0,0.0,4.715516798359963e-06,1.7948030898886397e-05,1.0,1.0,1.0,1.0,0.9999979219047574,0.9999973625784442,0.9999964919997264,0.9999855599693745,-0.0021365486351640726,-0.1423104793442842,-0.0021365486351640726,-0.14231407760898396
1.29,-14.471266712072408,-14.60872812858768,-14.608731351183106,0.015805856338790003,0.015805856338790003,0.0,0.0,4.102037986168472e-06,1.5828660966787858e-05,1.0,1.0,1.0,1.0,0.9999981922557473,0.9999977057062666,0.9999969337706842,0.9999872375683492,-0.0019431395858179835,-0.13551827692945428,-0.0019431395858179835,-0.13552149952488046
1.291,-14.48013220217358,-14.610791945854682,-14.610794819486284,0.015055830866812725,0.015055830866812725,0.0,0.0,3.5556120251972035e-06,1.3911654500021459e-05,1.0,1.0,1.0,1.0,0.9999984330584094,0.9999980113295653,0.9999973293753608,0.9999887589701391,-0.0017631018191546226,-0.1288966418619475,-0.0017631018191546226,-0.12889951549354817
1.292,-14.488805565302417,-14.612846850621478,-14.612849401627207,0.014323763893125396,0.014323763893125396,0.0,0.0,3.070415648615848e-06,1.2182732123536239e-05,1.0,1.0,1.0,1.0,0.9999986468787565,0.9999982827055951,0.9999976825621973,0.9999901347056791,-0.001595813909449345,-0.1224454714096107,-0.001595813909449345,-0.12244802241533859
1.293,-14.497287567283923,-14.614892872928523,-14.614895127073645,0.01360968252770145,0.01360968252770145,0.0,0.0,2.6409856265699112e-06,1.0628209598239898e-05,1.0,1.0,1.0,1.0,0.9999988361241706,0.9999985228902029,0.9999979968739556,0.9999913749164462,-0.0014406680602505534,-0.11616463758435003,-0.0014406680602505534,-0.11616689172946992
1.294,-14.505578983394408,-14.616930040860323,-14.616932023161503,0.012913613214469322,0.012913613214469322,0.0,0.0,2.2622074694654124e-06,9.234996610350229e-06,1.0,1.0,1.0,1.0,0.9999990030483795,0.9999987347441509,0.9999982756521704,0.9999924893512194,-0.0012970702178351525,-0.11005398724808102,-0.0012970702178351525,-0.11005596954926078
1.295,-14.51368059837461,-14.618958380781747,-14.618960115358716,0.0122355817303334,0.0122355817303334,0.0,0.0,1.9293038729497903e-06,7.990594724147668e-06,1.0,1.0,1.0,1.0,0.9999991497565444,0.9999989209395826,0.999998522041842,0.999993487363434,-0.0011644401820552297,-0.10411334222508217,-0.0011644401820552297,-0.10411507680205112
1.296,-14.521593206442178,-14.620977917577475,-14.620979427530523,0.011575613184220235,0.011575613184220235,0.0,0.0,1.637822934641803e-06,6.8830944741708096e-06,1.0,1.0,1.0,1.0,0.9999992782104498,0.9999990839666156,0.9999987389963603,0.9999943779091656,-0.0010422117145544427,-0.09834249942074169,-0.0010422117145544427,-0.09834400937378895
1.297,-14.529317611303558,-14.622988674894566,-14.622989982206159,0.010933732016147113,0.010933732016147113,0.0,0.0,1.3836261731294386e-06,5.901171573477616e-06,1.0,1.0,1.0,1.0,0.9999993902337807,0.9999992261400463,0.9999989292826472,0.9999951695457793,-0.0009298326443395211,-0.09274123094666864,-0.0009298326443395211,-0.09274253825826007
1.298,-14.536854626164867,-14.624990675387753,-14.624991800846557,0.01030996199631773,0.01030996199631773,0.0,0.0,1.1628763801614332e-06,5.034082215406059e-06,1.0,1.0,1.0,1.0,0.9999994875174733,0.9999993496061466,0.9999990954865074,0.9999958704312771,-0.0008267649706909645,-0.08730928425219409,-0.0008267649706909645,-0.08731040971099868
1.299,-14.544205073741622,-14.626983940967264,-14.626984904112888,0.009704326224243331,0.009704326224243331,0.0,0.0,9.720253372890588e-07,4.271657447259247e-06,1.0,1.0,1.0,1.0,0.9999995716251258,0.9999994563495368,0.9999992400181735,0.9999964883243794,-0.0007324849633947234,-0.08204638226224747,-0.0007324849633947234,-0.08204734540787029
1.3,-14.551369786267177,-14.628968493048989,-14.628969312135737,0.009116847127883854,0.009116847127883854,0.0,0.0,8.078014284804646e-07,3.604296595619758e-06,1.0,1.0,1.0,1.0,0.9999996439984551,0.9999995482001164,0.9999993651180336,0.9999970305853708,-0.0006464832602808369,-0.07695222352152997,-0.0006464832602808369,-0.07695304260827962
1.301,-14.558349605499494,-14.630944352806642,-14.63094504478466,0.008547546462821576,0.008547546462821576,0.0,0.0,6.671971804311392e-07,3.0229597245645374e-06,1.0,1.0,1.0,1.0,0.9999997059627853,0.9999996268400343,0.999999472862527,0.9999975041777486,-0.0005682649620542024,-0.07202648234509401,-0.0005682649620542024,-0.07202717432311301
1.302,-14.565145382726232,-14.632911541425809,-14.632912121937943,0.007996445311452272,0.007996445311452272,0.0,0.0,5.474567624096439e-07,2.519159109899257e-06,1.0,1.0,1.0,1.0,0.9999997587325548,0.9999996938106827,0.999999565170193,0.999997915670697,-0.00049734972440092,-0.06726880897517495,-0.00049734972440092,-0.06726938948730932
1.303,-14.571757978767813,-14.634870080359525,-14.63487056375232,0.007463564082205498,0.007463564082205498,0.0,0.0,4.460634775381432e-07,2.0849497147883076e-06,1.0,1.0,1.0,1.0,0.9999998034168273,0.9999997505196951,0.9999996438078597,0.9999982712424256,-0.00043327184735785136,-0.06267882974435401,-0.00043327184735785136,-0.06267931313714992
1.304,-14.578188263978197,-14.636819991585131,-14.636820390932398,0.006948922508789923,0.006948922508789923,0.0,0.0,3.607272773810629e-07,1.7129186547628811e-06,1.0,1.0,1.0,1.0,0.9999998410247918,0.9999997982479308,0.999999710396954,0.9999985766843912,-0.00037558036192995674,-0.05825614724500472,-0.00037558036192995674,-0.058256546592272196
1.305,-14.584437118243343,-14.63876129786225,-14.638761624999653,0.00645253964946052,0.00645253964946052,0.0,0.0,2.893723316215792e-07,1.3961736431528518e-06,1.0,1.0,1.0,1.0,0.9999998724712399,0.9999998381564287,0.9999997664199212,0.9999988374064357,-0.00032383911394290137,-0.054000340504963495,-0.00032383911394290137,-0.05400066764236566
1.306,-14.590505430977,-14.64069402299158,-14.64069428856077,0.005974433886314134,0.005974433886314134,0.0,0.0,2.3012468443829423e-07,1.1283304115399265e-06,1.0,1.0,1.0,1.0,0.9999998985820036,0.999999871293312,0.9999998132267315,0.9999990584428569,-0.00027762684511735853,-0.04991096516946325,-0.00027762684511735853,-0.04991123073865278
1.307,-14.596394101113546,-14.64261819207416,-14.642618405575012,0.005514622924609136,0.005514622924609136,0.0,0.0,1.8130002894928275e-07,9.034991038978754e-07,1.0,1.0,1.0,1.0,0.9999999200993427,0.9999998986006283,0.9999998520414622,0.9999992444594339,-0.00023653727135284876,-0.04598755368926177,-0.00023653727135284876,-0.045987767190114215
1.308,-14.602104037097888,-14.644533831771023,-14.644534001620581,0.00507312379210767,0.00507312379210767,0.0,0.0,1.4139163077404466e-07,7.162696477525914e-07,1.0,1.0,1.0,1.0,0.9999999376872654,0.999999920921104,0.9999998839689317,0.9999993997614207,-0.0002001791582081516,-0.04222961551492754,-0.0002001791582081516,-0.04222978536448574
1.309,-14.607636156871912,-14.646440970562796,-14.646441104159592,0.004649952838447935,0.004649952838447935,0.0,0.0,1.090584313731561e-07,5.616961110078859e-07,1.0,1.0,1.0,1.0,0.9999999519367696,0.9999999390047988,0.9999999100013705,0.9999995283025187,-0.00016817639356755864,-0.038636637297317145,-0.00016817639356755864,-0.03863677089411277
1.31,-14.61299138785754,-14.648339639009142,-14.64833974280161,0.004245125734536559,0.004245125734536559,0.0,0.0,8.311336135827955e-08,4.352800590896206e-07,1.0,1.0,1.0,1.0,0.9999999633709945,0.9999999535156443,0.9999999310251086,0.9999996336948321,-0.00014016805748075069,-0.035208083094121045,-0.00014016805748075069,-0.03520818688658922
1.311,-14.618170666935931,-14.650229870007616,-14.650229949565395,0.003858657471968785,0.003858657471968785,0.0,0.0,6.251189342872526e-08,3.3295293385872785e-07,1.0,1.0,1.0,1.0,0.9999999724502617,0.999999965037845,0.9999999478272599,0.9999997192198062,-0.00011580848916594325,-0.031943394582517826,-0.00011580848916594325,-0.0319434741402973
1.312,-14.623174940422746,-14.65211169905179,-14.652111759138762,0.003490562362474303,0.003490562362474303,0.0,0.0,4.634086397902607e-08,2.5105748337356615e-07,1.0,1.0,1.0,1.0,0.9999999795770033,0.9999999740821329,0.9999999611023798,0.9999997878401367,-9.476735116596494e-05,-0.02884199127787679,-9.476735116596494e-05,-0.028842051364850185
1.313,-14.62800516403926,-14.653985164488354,-14.653985209136348,0.003140854037385732,0.003140854037385732,0.0,0.0,3.38075917403465e-08,1.8632828013937407e-07,1.0,1.0,1.0,1.0,0.9999999851005559,0.9999999810918524,0.9999999714590816,0.9999998422126383,-7.672969064661942e-05,-0.025903270758446673,-7.672969064661942e-05,-0.02590331540643953
1.314,-14.632662302878945,-14.655850307772816,-14.655850340354952,0.002809545447134798,0.002809545447134798,0.0,0.0,2.422932106712134e-08,1.3587137504647622e-07,1.0,1.0,1.0,1.0,0.9999999893218126,0.9999999864488663,0.9999999794265828,0.9999998847020422,-6.139599782858718e-05,-0.023126608896042455,-6.139599782858718e-05,-0.023126641478178778
1.315,-14.637147331369468,-14.657707173723649,-14.657707197026449,0.0024966488607725545,0.0024966488607725545,0.0,0.0,1.7023016659500195e-08,9.714314484951207e-08,1.0,1.0,1.0,1.0,0.9999999924977203,0.999999990479263,0.9999999854611641,0.999999917395691,-4.8482261543425685e-05,-0.020511360092637543,-4.8482261543425685e-05,-0.020511383395437233
1.316,-14.641461233229762,-14.659555810774517,-14.659555827067887,0.002202175865514855,0.002202175865514855,0.0,0.0,1.169553562524875e-08,6.79284028809851e-08,1.0,1.0,1.0,1.0,0.9999999948456103,0.999999993458854,0.9999999899525154,0.9999999421190817,-3.772002190477154e-05,-0.018056857522851133,-3.772002190477154e-05,-0.018056873816221564
1.317,-14.64560500142198,-14.661396271224344,-14.661396282328711,0.001926137366313696,0.001926137366313696,0.0,0.0,7.834201832472784e-09,4.631785581667069e-08,1.0,1.0,1.0,1.0,0.9999999965473524,0.999999995618446,0.9999999932299473,0.9999999604521967,-2.885642008710591e-05,-0.01576241338227602,-2.885642008710591e-05,-0.015762424486643445
1.318,-14.64957963809809,-14.66322861148488,-14.663228618834799,0.0016685435854527642,0.0016685435854527642,0.0,0.0,5.097806489339897e-09,3.068500382661524e-08,1.0,1.0,1.0,1.0,0.99999999775332,0.9999999971488734,0.9999999955684428,0.9999999737465534,-2.165424520380631e-05,-0.013627319141586991,-2.165424520380631e-05,-0.013627326491505887
1.319,-14.653386154540865,-14.665052892325544,-14.665052897029206,0.0014294040621691262,0.0014294040621691262,0.0,0.0,3.2080578112108673e-09,1.9662597466421256e-08,1.0,1.0,1.0,1.0,0.9999999985861596,0.9999999982057826,0.9999999971945257,0.9999999831428769,-1.5891978277567167e-05,-0.01165084580640241,-1.5891978277567167e-05,-0.011650850510063648
1.32,-14.657025571099016,-14.66686917911515,-14.666869182009314,0.0012087276523004564,0.0012087276523004564,0.0,0.0,1.9415015014641916e-09,1.211878230768313e-08,1.0,1.0,1.0,1.0,0.9999999991443499,0.9999999989141486,0.9999999982919208,0.9999999895892969,-1.136383329617231e-05,-0.00983224418283779,-1.136383329617231e-05,-0.009832247077002365
1.321,-14.660498917116257,-14.66867754206029,-14.668677543760268,0.0010065225279562995,0.0010065225279562995,0.0,0.0,1.1219325826541833e-09,7.133081701281506e-09,1.0,1.0,1.0,1.0,0.9999999995055464,0.999999999372521,0.9999999990069801,0.9999999938599382,-7.879795347227372e-06,-0.008170745148686098,-7.879795347227372e-06,-0.008170746848662813
1.322,-14.663807230854069,-14.670478056440086,-14.670478057384482,0.0008227961772158121,0.0008227961772158121,0.0,0.0,6.133178722163934e-10,3.972389346458298e-09,1.0,1.0,1.0,1.0,0.9999999997297009,0.9999999996569813,0.9999999994538498,0.9999999965737609,-5.265655825998983e-06,-0.006665559930191911,-5.265655825998983e-06,-0.006665560874586918
1.323,-14.66695155940782,-14.672270802836879,-14.67227080332694,0.0006575554038508735,0.0006575554038508735,0.0,0.0,3.1324710464884183e-10,2.0671666428838154e-09,1.0,1.0,1.0,1.0,0.999999999861947,0.9999999998248061,0.9999999997193514,0.999999998213482,-3.363044710839681e-06,-0.005315880384348715,-3.363044710839681e-06,-0.005315880874409484
1.324,-14.669932958616162,-14.674055867362718,-14.67405586759621,0.0005108063270731211,0.0005108063270731211,0.0,0.0,1.4692936319888517e-10,9.880652818218992e-10,1.0,1.0,1.0,1.0,0.9999999999352458,0.9999999999178248,0.9999999998675514,0.9999999991443833,-2.0294599011829938e-06,-0.004120879286654278,-2.0294599011829938e-06,-0.004120879520145948
1.325,-14.672752492963236,-14.675833341881136,-14.675833341980793,0.0003825543813083532,0.0003825543813083532,0.0,0.0,6.17501018107256e-11,4.2322334216722613e-10,1.0,1.0,1.0,1.0,0.9999999999727857,0.9999999999654642,0.9999999999439917,0.9999999996327852,-1.1382936135326018e-06,-0.003079710624286469,-1.1382936135326018e-06,-0.0030797107239425303
1.326,-14.675411235473636,-14.677603324224073,-14.677603324260783,0.00027280431599474575,0.00027280431599474575,0.0,0.0,2.2402615863671413e-11,1.5651346179692313e-10,1.0,1.0,1.0,1.0,0.9999999999901268,0.9999999999874706,0.9999999999795542,0.9999999998639323,-5.788558313526008e-07,-0.0021915098946068134,-5.788558313526008e-07,-0.002191509931316671
1.327,-14.677910267599799,-14.679365918403557,-14.679365918414545,0.00018156019540704893,0.00018156019540704893,0.0,0.0,6.606361673006256e-12,4.705462674650096e-11,1.0,1.0,1.0,1.0,0.9999999999970884,0.9999999999963052,0.9999999999939331,0.9999999999590123,-2.563948052381662e-07,-0.0014553944089510384,-2.563948052381662e-07,-0.001455394419940359
1.328,-14.680250679101457,-14.681121234817683,-14.681121234820084,0.0001088253985062071,0.0001088253985062071,0.0,0.0,1.4230334763806366e-12,1.0334939769367502e-11,1.0,1.0,1.0,1.0,0.9999999999993728,0.9999999999992041,0.999999999998685,0.9999999999909802,-9.211460012597462e-08,-0.0008704636016254597,-9.211460012597462e-08,-0.0008704636040278713
1.329,-14.682433567917055,-14.682869390450787,-14.682869390451094,5.460261881407025e-05,5.460261881407025e-05,0.0,0.0,1.797865144138781e-13,1.3315835850527112e-12,1.0,1.0,1.0,1.0,0.9999999999999207,0.9999999999998994,0.9999999999998328,0.9999999999988356,-2.3189686842882225e-08,-0.0004357993440446961,-2.3189686842882225e-08,-0.000435799344352672
1.33,-14.684460040026838,-14.684610509067355,-14.684610509067369,1.8893864313695996e-05,1.8893864313695996e-05,0.0,0.0,7.449719388917961e-15,5.6277547068176194e-14,1.0,1.0,1.0,1.0,0.9999999999999967,0.9999999999999958,0.9999999999999931,0.9999999999999508,-2.7765757294535274e-09,-0.00015046626394110696,-2.7765757294535274e-09,-0.0001504662639542076
1.331,-14.686331209307204,-14.686344721399267,-14.686344721399267,1.700457375131137e-06,1.700457375131137e-06,0.0,0.0,5.431303682872986e-18,4.185510875371955e-17,1.0,1.0,1.0,1.0,1.0,1.0,1.0,1.0,-2.2490516998039804e-11,-1.3512069573118346e-05,-2.2490516998039804e-11,-1.3512069573118346e-05
1.332,-14.688071390150462,-14.688071390150462,-14.688071390150462,0.0,0.0,0.0,0.0,0.0,0.0,1.0,1.0,1.0,1.0,1.0,1.0,1.0,1.0,0.0,0.0,0.0,0.0
1.333,-14.689787139091319,-14.689787139091319,-14.689787139091319,0.0,0.0,0.0,0.0,0.0,0.0,1.0,1.0,1.0,1.0,1.0,1.0,1.0,1.0,0.0,0.0,0.0,0.0
1.334,-14.691491720924905,-14.691491720924905,-14.691491720924905,0.0,0.0,0.0,0.0,0.0,0.0,1.0,1.0,1.0,1.0,1.0,1.0,1.0,1.0,0.0,0.0,0.0,0.0
1.335,-14.693185333162823,-14.693185333162823,-14.693185333162823,0.0,0.0,0.0,0.0,0.0,0.0,1.0,1.0,1.0,1.0,1.0,1.0,1.0,1.0,0.0,0.0,0.0,0.0
1.336,-14.694868181097657,-14.694868181097657,-14.694868181097657,0.0,0.0,0.0,0.0,0.0,0.0,1.0,1.0,1.0,1.0,1.0,1.0,1.0,1.0,0.0,0.0,0.0,0.0
1.337,-14.696540477941722,-14.696540477941722,-14.696540477941722,0.0,0.0,0.0,0.0,0.0,0.0,1.0,1.0,1.0,1.0,1.0,1.0,1.0,1.0,0.0,0.0,0.0,0.0
1.338,-14.698202444956728,-14.698202444956728,-14.698202444956728,0.0,0.0,0.0,0.0,0.0,0.0,1.0,1.0,1.0,1.0,1.0,1.0,1.0,1.0,0.0,0.0,0.0,0.0
1.339,-14.699854311573977,-14.699854311573977,-14.699854311573977,0.0,0.0,0.0,0.0,0.0,0.0,1.0,1.0,1.0,1.0,1.0,1.0,1.0,1.0,0.0,0.0,0.0,0.0
1.34,-14.70149631550484,-14.70149631550484,-14.70149631550484,0.0,0.0,0.0,0.0,0.0,0.0,1.0,1.0,1.0,1.0,1.0,1.0,1.0,1.0,0.0,0.0,0.0,0.0
1.341,-14.703128702840925,-14.703128702840925,-14.703128702840925,0.0,0.0,0.0,0.0,0.0,0.0,1.0,1.0,1.0,1.0,1.0,1.0,1.0,1.0,0.0,0.0,0.0,0.0
1.342,-14.704751728143808,-14.704751728143808,-14.704751728143808,0.0,0.0,0.0,0.0,0.0,0.0,1.0,1.0,1.0,1.0,1.0,1.0,1.0,1.0,0.0,0.0,0.0,0.0
1.343,-14.706365654523749,-14.706365654523749,-14.706365654523749,0.0,0.0,0.0,0.0,0.0,0.0,1.0,1.0,1.0,1.0,1.0,1.0,1.0,1.0,0.0,0.0,0.0,0.0
1.344,-14.707970753707112,-14.707970753707112,-14.707970753707112,0.0,0.0,0.0,0.0,0.0,0.0,1.0,1.0,1.0,1.0,1.0,1.0,1.0,1.0,0.0,0.0,0.0,0.0
1.345,-14.709567306092165,-14.709567306092165,-14.709567306092165,0.0,0.0,0.0,0.0,0.0,0.0,1.0,1.0,1.0,1.0,1.0,1.0,1.0,1.0,0.0,0.0,0.0,0.0
1.346,-14.711155600792704,-14.711155600792704,-14.711155600792704,0.0,0.0,0.0,0.0,0.0,0.0,1.0,1.0,1.0,1.0,1.0,1.0,1.0,1.0,0.0,0.0,0.0,0.0
1.347,-14.712735935669313,-14.712735935669313,-14.712735935669313,0.0,0.0,0.0,0.0,0.0,0.0,1.0,1.0,1.0,1.0,1.0,1.0,1.0,1.0,0.0,0.0,0.0,0.0
1.348,-14.714308617347779,-14.714308617347779,-14.714308617347779,0.0,0.0,0.0,0.0,0.0,0.0,1.0,1.0,1.0,1.0,1.0,1.0,1.0,1.0,0.0,0.0,0.0,0.0
1.349,-14.715873961224299,-14.715873961224299,-14.715873961224299,0.0,0.0,0.0,0.0,0.0,0.0,1.0,1.0,1.0,1.0,1.0,1.0,1.0,1.0,0.0,0.0,0.0,0.0
1.35,-14.71743229145714,-14.71743229145714,-14.71743229145714,0.0,0.0,0.0,0.0,0.0,0.0,1.0,1.0,1.0,1.0,1.0,1.0,1.0,1.0,0.0,0.0,0.0,0.0
1.351,-14.71898394094432,-14.71898394094432,-14.71898394094432,0.0,0.0,0.0,0.0,0.0,0.0,1.0,1.0,1.0,1.0,1.0,1.0,1.0,1.0,0.0,0.0,0.0,0.0
1.352,-14.720529251287015,-14.720529251287015,-14.720529251287015,0.0,0.0,0.0,0.0,0.0,0.0,1.0,1.0,1.0,1.0,1.0,1.0,1.0,1.0,0.0,0.0,0.0,0.0
1.353,-14.722068572738284,-14.722068572738284,-14.722068572738284,0.0,0.0,0.0,0.0,0.0,0.0,1.0,1.0,1.0,1.0,1.0,1.0,1.0,1.0,0.0,0.0,0.0,0.0
1.354,-14.723602264136737,-14.723602264136737,-14.723602264136737,0.0,0.0,0.0,0.0,0.0,0.0,1.0,1.0,1.0,1.0,1.0,1.0,1.0,1.0,0.0,0.0,0.0,0.0
1.355,-14.725130692824855,-14.725130692824855,-14.725130692824855,0.0,0.0,0.0,0.0,0.0,0.0,1.0,1.0,1.0,1.0,1.0,1.0,1.0,1.0,0.0,0.0,0.0,0.0
1.356,-14.726654234551553,-14.726654234551553,-14.726654234551553,0.0,0.0,0.0,0.0,0.0,0.0,1.0,1.0,1.0,1.0,1.0,1.0,1.0,1.0,0.0,0.0,0.0,0.0
1.357,-14.728173273358674,-14.728173273358674,-14.728173273358674,0.0,0.0,0.0,0.0,0.0,0.0,1.0,1.0,1.0,1.0,1.0,1.0,1.0,1.0,0.0,0.0,0.0,0.0
1.358,-14.729688201451113,-14.729688201451113,-14.729688201451113,0.0,0.0,0.0,0.0,0.0,0.0,1.0,1.0,1.0,1.0,1.0,1.0,1.0,1.0,0.0,0.0,0.0,0.0
1.359,-14.731199419050167,-14.731199419050167,-14.731199419050167,0.0,0.0,0.0,0.0,0.0,0.0,1.0,1.0,1.0,1.0,1.0,1.0,1.0,1.0,0.0,0.0,0.0,0.0
1.36,-14.732707334229936,-14.732707334229936,-14.732707334229936,0.0,0.0,0.0,0.0,0.0,0.0,1.0,1.0,1.0,1.0,1.0,1.0,1.0,1.0,0.0,0.0,0.0,0.0
1.361,-14.734212362736322,-14.734212362736322,-14.734212362736322,0.0,0.0,0.0,0.0,0.0,0.0,1.0,1.0,1.0,1.0,1.0,1.0,1.0,1.0,0.0,0.0,0.0,0.0
1.362,-14.735714927788468,-14.735714927788468,-14.735714927788468,0.0,0.0,0.0,0.0,0.0,0.0,1.0,1.0,1.0,1.0,1.0,1.0,1.0,1.0,0.0,0.0,0.0,0.0
1.363,-14.737215459862322,-14.737215459862322,-14.737215459862322,0.0,0.0,0.0,0.0,0.0,0.0,1.0,1.0,1.0,1.0,1.0,1.0,1.0,1.0,0.0,0.0,0.0,0.0
1.364,-14.738714396456025,-14.738714396456025,-14.738714396456025,0.0,0.0,0.0,0.0,0.0,0.0,1.0,1.0,1.0,1.0,1.0,1.0,1.0,1.0,0.0,0.0,0.0,0.0
1.365,-14.740212181836991,-14.740212181836991,-14.740212181836991,0.0,0.0,0.0,0.0,0.0,0.0,1.0,1.0,1.0,1.0,1.0,1.0,1.0,1.0,0.0,0.0,0.0,0.0
1.366,-14.741709266770386,-14.741709266770386,-14.741709266770386,0.0,0.0,0.0,0.0,0.0,0.0,1.0,1.0,1.0,1.0,1.0,1.0,1.0,1.0,0.0,0.0,0.0,0.0
1.367,-14.743206108228794,-14.743206108228794,-14.743206108228794,0.0,0.0,0.0,0.0,0.0,0.0,1.0,1.0,1.0,1.0,1.0,1.0,1.0,1.0,0.0,0.0,0.0,0.0
1.368,-14.744703169082989,-14.744703169082989,-14.744703169082989,0.0,0.0,0.0,0.0,0.0,0.0,1.0,1.0,1.0,1.0,1.0,1.0,1.0,1.0,0.0,0.0,0.0,0.0
1.369,-14.746200917773528,-14.746200917773528,-14.746200917773528,0.0,0.0,0.0,0.0,0.0,0.0,1.0,1.0,1.0,1.0,1.0,1.0,1.0,1.0,0.0,0.0,0.0,0.0
1.37,-14.747699827963178,-14.747699827963178,-14.747699827963178,0.0,0.0,0.0,0.0,0.0,0.0,1.0,1.0,1.0,1.0,1.0,1.0,1.0,1.0,0.0,0.0,0.0,0.0
1.371,-14.749200378169931,-14.749200378169931,-14.749200378169931,0.0,0.0,0.0,0.0,0.0,0.0,1.0,1.0,1.0,1.0,1.0,1.0,1.0,1.0,0.0,0.0,0.0,0.0
1.372,-14.750703051380668,-14.750703051380668,-14.750703051380668,0.0,0.0,0.0,0.0,0.0,0.0,1.0,1.0,1.0,1.0,1.0,1.0,1.0,1.0,0.0,0.0,0.0,0.0
1.373,-14.752208334645328,-14.752208334645328,-14.752208334645328,0.0,0.0,0.0,0.0,0.0,0.0,1.0,1.0,1.0,1.0,1.0,1.0,1.0,1.0,0.0,0.0,0.0,0.0
1.374,-14.753716718651605,-14.753716718651605,-14.753716718651605,0.0,0.0,0.0,0.0,0.0,0.0,1.0,1.0,1.0,1.0,1.0,1.0,1.0,1.0,0.0,0.0,0.0,0.0
1.375,-14.755228697280177,-14.755228697280177,-14.755228697280177,0.0,0.0,0.0,0.0,0.0,0.0,1.0,1.0,1.0,1.0,1.0,1.0,1.0,1.0,0.0,0.0,0.0,0.0
1.3760000000000001,-14.7567447671406,-14.7567447671406,-14.7567447671406,0.0,0.0,0.0,0.0,0.0,0.0,1.0,1.0,1.0,1.0,1.0,1.0,1.0,1.0,0.0,0.0,0.0,0.0
1.377,-14.758265427087757,-14.758265427087757,-14.758265427087757,0.0,0.0,0.0,0.0,0.0,0.0,1.0,1.0,1.0,1.0,1.0,1.0,1.0,1.0,0.0,0.0,0.0,0.0
1.3780000000000001,-14.75979117771925,-14.75979117771925,-14.75979117771925,0.0,0.0,0.0,0.0,0.0,0.0,1.0,1.0,1.0,1.0,1.0,1.0,1.0,1.0,0.0,0.0,0.0,0.0
1.379,-14.761322520853673,-14.761322520853673,-14.761322520853673,0.0,0.0,0.0,0.0,0.0,0.0,1.0,1.0,1.0,1.0,1.0,1.0,1.0,1.0,0.0,0.0,0.0,0.0
1.38,-14.762859958990102,-14.762859958990102,-14.762859958990102,0.0,0.0,0.0,0.0,0.0,0.0,1.0,1.0,1.0,1.0,1.0,1.0,1.0,1.0,0.0,0.0,0.0,0.0
1.3809999999999998,-14.764403994749014,-14.764403994749014,-14.764403994749014,0.0,0.0,0.0,0.0,0.0,0.0,1.0,1.0,1.0,1.0,1.0,1.0,1.0,1.0,0.0,0.0,0.0,0.0
1.382,-14.765955130294916,-14.765955130294916,-14.765955130294916,0.0,0.0,0.0,0.0,0.0,0.0,1.0,1.0,1.0,1.0,1.0,1.0,1.0,1.0,0.0,0.0,0.0,0.0
1.3829999999999998,-14.76751386674104,-14.76751386674104,-14.76751386674104,0.0,0.0,0.0,0.0,0.0,0.0,1.0,1.0,1.0,1.0,1.0,1.0,1.0,1.0,0.0,0.0,0.0,0.0
1.384,-14.769080703536476,-14.769080703536476,-14.769080703536476,0.0,0.0,0.0,0.0,0.0,0.0,1.0,1.0,1.0,1.0,1.0,1.0,1.0,1.0,0.0,0.0,0.0,0.0
1.3849999999999998,-14.770656137836173,-14.770656137836173,-14.770656137836173,0.0,0.0,0.0,0.0,0.0,0.0,1.0,1.0,1.0,1.0,1.0,1.0,1.0,1.0,0.0,0.0,0.0,0.0
1.386,-14.77224066385434,-14.77224066385434,-14.77224066385434,0.0,0.0,0.0,0.0,0.0,0.0,1.0,1.0,1.0,1.0,1.0,1.0,1.0,1.0,0.0,0.0,0.0,0.0
1.3869999999999998,-14.773834772201692,-14.773834772201692,-14.773834772201692,0.0,0.0,0.0,0.0,0.0,0.0,1.0,1.0,1.0,1.0,1.0,1.0,1.0,1.0,0.0,0.0,0.0,0.0
1.388,-14.775438949207238,-14.775438949207238,-14.775438949207238,0.0,0.0,0.0,0.0,0.0,0.0,1.0,1.0,1.0,1.0,1.0,1.0,1.0,1.0,0.0,0.0,0.0,0.0
1.3889999999999998,-14.777053676225139,-14.777053676225139,-14.777053676225139,0.0,0.0,0.0,0.0,0.0,0.0,1.0,1.0,1.0,1.0,1.0,1.0,1.0,1.0,0.0,0.0,0.0,0.0
1.39,-14.778679428927443,-14.778679428927443,-14.778679428927443,0.0,0.0,0.0,0.0,0.0,0.0,1.0,1.0,1.0,1.0,1.0,1.0,1.0,1.0,0.0,0.0,0.0,0.0
1.3909999999999998,-14.780316676583386,-14.780316676583386,-14.780316676583386,0.0,0.0,0.0,0.0,0.0,0.0,1.0,1.0,1.0,1.0,1.0,1.0,1.0,1.0,0.0,0.0,0.0,0.0
1.392,-14.781965881326057,-14.781965881326057,-14.781965881326057,0.0,0.0,0.0,0.0,0.0,0.0,1.0,1.0,1.0,1.0,1.0,1.0,1.0,1.0,0.0,0.0,0.0,0.0
1.3929999999999998,-14.783627497407377,-14.783627497407377,-14.783627497407377,0.0,0.0,0.0,0.0,0.0,0.0,1.0,1.0,1.0,1.0,1.0,1.0,1.0,1.0,0.0,0.0,0.0,0.0
1.394,-14.785301970442191,-14.785301970442191,-14.785301970442191,0.0,0.0,0.0,0.0,0.0,0.0,1.0,1.0,1.0,1.0,1.0,1.0,1.0,1.0,0.0,0.0,0.0,0.0
1.3949999999999998,-14.78698973664261,-14.78698973664261,-14.78698973664261,0.0,0.0,0.0,0.0,0.0,0.0,1.0,1.0,1.0,1.0,1.0,1.0,1.0,1.0,0.0,0.0,0.0,0.0
1.396,-14.788691222043523,-14.788691222043523,-14.788691222043523,0.0,0.0,0.0,0.0,0.0,0.0,1.0,1.0,1.0,1.0,1.0,1.0,1.0,1.0,0.0,0.0,0.0,0.0
1.3969999999999998,-14.790406841720415,-14.790406841720415,-14.790406841720415,0.0,0.0,0.0,0.0,0.0,0.0,1.0,1.0,1.0,1.0,1.0,1.0,1.0,1.0,0.0,0.0,0.0,0.0
1.398,-14.792136999000713,-14.792136999000713,-14.792136999000713,0.0,0.0,0.0,0.0,0.0,0.0,1.0,1.0,1.0,1.0,1.0,1.0,1.0,1.0,0.0,0.0,0.0,0.0
1.3989999999999998,-14.793882084669816,-14.793882084669816,-14.793882084669816,0.0,0.0,0.0,0.0,0.0,0.0,1.0,1.0,1.0,1.0,1.0,1.0,1.0,1.0,0.0,0.0,0.0,0.0
1.4,-14.795642476173075,-14.795642476173075,-14.795642476173075,0.0,0.0,0.0,0.0,0.0,0.0,1.0,1.0,1.0,1.0,1.0,1.0,1.0,1.0,0.0,0.0,0.0,0.0
1.4009999999999998,-14.797418536815176,-14.797418536815176,-14.797418536815176,0.0,0.0,0.0,0.0,0.0,0.0,1.0,1.0,1.0,1.0,1.0,1.0,1.0,1.0,0.0,0.0,0.0,0.0
1.402,-14.799210614958152,-14.799210614958152,-14.799210614958152,0.0,0.0,0.0,0.0,0.0,0.0,1.0,1.0,1.0,1.0,1.0,1.0,1.0,1.0,0.0,0.0,0.0,0.0
1.4029999999999998,-14.801019043219627,-14.801019043219627,-14.801019043219627,0.0,0.0,0.0,0.0,0.0,0.0,1.0,1.0,1.0,1.0,1.0,1.0,1.0,1.0,0.0,0.0,0.0,0.0
1.404,-14.8028441376727,-14.8028441376727,-14.8028441376727,0.0,0.0,0.0,0.0,0.0,0.0,1.0,1.0,1.0,1.0,1.0,1.0,1.0,1.0,0.0,0.0,0.0,0.0
1.4049999999999998,-14.804686197049095,-14.804686197049095,-14.804686197049095,0.0,0.0,0.0,0.0,0.0,0.0,1.0,1.0,1.0,1.0,1.0,1.0,1.0,1.0,0.0,0.0,0.0,0.0
1.406,-14.806545501947094,-14.806545501947094,-14.806545501947094,0.0,0.0,0.0,0.0,0.0,0.0,1.0,1.0,1.0,1.0,1.0,1.0,1.0,1.0,0.0,0.0,0.0,0.0
1.4069999999999998,-14.808422314046053,-14.808422314046053,-14.808422314046053,0.0,0.0,0.0,0.0,0.0,0.0,1.0,1.0,1.0,1.0,1.0,1.0,1.0,1.0,0.0,0.0,0.0,0.0
1.408,-14.810316875329065,-14.810316875329065,-14.810316875329065,0.0,0.0,0.0,0.0,0.0,0.0,1.0,1.0,1.0,1.0,1.0,1.0,1.0,1.0,0.0,0.0,0.0,0.0
1.4089999999999998,-14.812229407315604,-14.812229407315604,-14.812229407315604,0.0,0.0,0.0,0.0,0.0,0.0,1.0,1.0,1.0,1.0,1.0,1.0,1.0,1.0,0.0,0.0,0.0,0.0
1.41,-14.814160110305886,-14.814160110305886,-14.814160110305886,0.0,0.0,0.0,0.0,0.0,0.0,1.0,1.0,1.0,1.0,1.0,1.0,1.0,1.0,0.0,0.0,0.0,0.0
1.4109999999999998,-14.816109162638858,-14.816109162638858,-14.816109162638858,0.0,0.0,0.0,0.0,0.0,0.0,1.0,1.0,1.0,1.0,1.0,1.0,1.0,1.0,0.0,0.0,0.0,0.0
1.412,-14.818076719965593,-14.818076719965593,-14.818076719965593,0.0,0.0,0.0,0.0,0.0,0.0,1.0,1.0,1.0,1.0,1.0,1.0,1.0,1.0,0.0,0.0,0.0,0.0
1.4129999999999998,-14.820062914540003,-14.820062914540003,-14.820062914540003,0.0,0.0,0.0,0.0,0.0,0.0,1.0,1.0,1.0,1.0,1.0,1.0,1.0,1.0,0.0,0.0,0.0,0.0
1.414,-14.822067854528834,-14.822067854528834,-14.822067854528834,0.0,0.0,0.0,0.0,0.0,0.0,1.0,1.0,1.0,1.0,1.0,1.0,1.0,1.0,0.0,0.0,0.0,0.0
1.4149999999999998,-14.824091623342845,-14.824091623342845,-14.824091623342845,0.0,0.0,0.0,0.0,0.0,0.0,1.0,1.0,1.0,1.0,1.0,1.0,1.0,1.0,0.0,0.0,0.0,0.0
1.416,-14.826134278991146,-14.826134278991146,-14.826134278991146,0.0,0.0,0.0,0.0,0.0,0.0,1.0,1.0,1.0,1.0,1.0,1.0,1.0,1.0,0.0,0.0,0.0,0.0
1.4169999999999998,-14.828195853460635,-14.828195853460635,-14.828195853460635,0.0,0.0,0.0,0.0,0.0,0.0,1.0,1.0,1.0,1.0,1.0,1.0,1.0,1.0,0.0,0.0,0.0,0.0
1.418,-14.830276352122599,-14.830276352122599,-14.830276352122599,0.0,0.0,0.0,0.0,0.0,0.0,1.0,1.0,1.0,1.0,1.0,1.0,1.0,1.0,0.0,0.0,0.0,0.0
1.4189999999999998,-14.832375753168343,-14.832375753168343,-14.832375753168343,0.0,0.0,0.0,0.0,0.0,0.0,1.0,1.0,1.0,1.0,1.0,1.0,1.0,1.0,0.0,0.0,0.0,0.0
1.42,-14.83449400707593,-14.83449400707593,-14.83449400707593,0.0,0.0,0.0,0.0,0.0,0.0,1.0,1.0,1.0,1.0,1.0,1.0,1.0,1.0,0.0,0.0,0.0,0.0
1.4209999999999998,-14.836631036109956,-14.836631036109956,-14.836631036109956,0.0,0.0,0.0,0.0,0.0,0.0,1.0,1.0,1.0,1.0,1.0,1.0,1.0,1.0,0.0,0.0,0.0,0.0
1.422,-14.838786733856281,-14.838786733856281,-14.838786733856281,0.0,0.0,0.0,0.0,0.0,0.0,1.0,1.0,1.0,1.0,1.0,1.0,1.0,1.0,0.0,0.0,0.0,0.0
1.4229999999999998,-14.840960964793737,-14.840960964793737,-14.840960964793737,0.0,0.0,0.0,0.0,0.0,0.0,1.0,1.0,1.0,1.0,1.0,1.0,1.0,1.0,0.0,0.0,0.0,0.0
1.424,-14.843153563904604,-14.843153563904604,-14.843153563904604,0.0,0.0,0.0,0.0,0.0,0.0,1.0,1.0,1.0,1.0,1.0,1.0,1.0,1.0,0.0,0.0,0.0,0.0
1.4249999999999998,-14.845364336325796,-14.845364336325796,-14.845364336325796,0.0,0.0,0.0,0.0,0.0,0.0,1.0,1.0,1.0,1.0,1.0,1.0,1.0,1.0,0.0,0.0,0.0,0.0
1.426,-14.84759305704261,-14.84759305704261,-14.84759305704261,0.0,0.0,0.0,0.0,0.0,0.0,1.0,1.0,1.0,1.0,1.0,1.0,1.0,1.0,0.0,0.0,0.0,0.0
1.4269999999999998,-14.849839470626662,-14.849839470626662,-14.849839470626662,0.0,0.0,0.0,0.0,0.0,0.0,1.0,1.0,1.0,1.0,1.0,1.0,1.0,1.0,0.0,0.0,0.0,0.0
1.428,-14.852103291019903,-14.852103291019903,-14.852103291019903,0.0,0.0,0.0,0.0,0.0,0.0,1.0,1.0,1.0,1.0,1.0,1.0,1.0,1.0,0.0,0.0,0.0,0.0
1.4289999999999998,-14.854384201366274,-14.854384201366274,-14.854384201366274,0.0,0.0,0.0,0.0,0.0,0.0,1.0,1.0,1.0,1.0,1.0,1.0,1.0,1.0,0.0,0.0,0.0,0.0
1.43,-14.85668185389256,-14.85668185389256,-14.85668185389256,0.0,0.0,0.0,0.0,0.0,0.0,1.0,1.0,1.0,1.0,1.0,1.0,1.0,1.0,0.0,0.0,0.0,0.0
1.4309999999999998,-14.858995869840014,-14.858995869840014,-14.858995869840014,0.0,0.0,0.0,0.0,0.0,0.0,1.0,1.0,1.0,1.0,1.0,1.0,1.0,1.0,0.0,0.0,0.0,0.0
1.432,-14.861325839448092,-14.861325839448092,-14.861325839448092,0.0,0.0,0.0,0.0,0.0,0.0,1.0,1.0,1.0,1.0,1.0,1.0,1.0,1.0,0.0,0.0,0.0,0.0
1.4329999999999998,-14.863671321991681,-14.863671321991681,-14.863671321991681,0.0,0.0,0.0,0.0,0.0,0.0,1.0,1.0,1.0,1.0,1.0,1.0,1.0,1.0,0.0,0.0,0.0,0.0
1.434,-14.866031845872957,-14.866031845872957,-14.866031845872957,0.0,0.0,0.0,0.0,0.0,0.0,1.0,1.0,1.0,1.0,1.0,1.0,1.0,1.0,0.0,0.0,0.0,0.0
1.4349999999999998,-14.86840690876905,-14.86840690876905,-14.86840690876905,0.0,0.0,0.0,0.0,0.0,0.0,1.0,1.0,1.0,1.0,1.0,1.0,1.0,1.0,0.0,0.0,0.0,0.0
1.436,-14.87079597783645,-14.87079597783645,-14.87079597783645,0.0,0.0,0.0,0.0,0.0,0.0,1.0,1.0,1.0,1.0,1.0,1.0,1.0,1.0,0.0,0.0,0.0,0.0
1.4369999999999998,-14.87319848997304,-14.87319848997304,-14.87319848997304,0.0,0.0,0.0,0.0,0.0,0.0,1.0,1.0,1.0,1.0,1.0,1.0,1.0,1.0,0.0,0.0,0.0,0.0
1.438,-14.875613852138507,-14.875613852138507,-14.875613852138507,0.0,0.0,0.0,0.0,0.0,0.0,1.0,1.0,1.0,1.0,1.0,1.0,1.0,1.0,0.0,0.0,0.0,0.0
1.4389999999999998,-14.878041441733625,-14.878041441733625,-14.878041441733625,0.0,0.0,0.0,0.0,0.0,0.0,1.0,1.0,1.0,1.0,1.0,1.0,1.0,1.0,0.0,0.0,0.0,0.0
1.44,-14.880480607038969,-14.880480607038969,-14.880480607038969,0.0,0.0,0.0,0.0,0.0,0.0,1.0,1.0,1.0,1.0,1.0,1.0,1.0,1.0,0.0,0.0,0.0,0.0
1.4409999999999998,-14.882930667713318,-14.882930667713318,-14.882930667713318,0.0,0.0,0.0,0.0,0.0,0.0,1.0,1.0,1.0,1.0,1.0,1.0,1.0,1.0,0.0,0.0,0.0,0.0
1.442,-14.8853909153518,-14.8853909153518,-14.8853909153518,0.0,0.0,0.0,0.0,0.0,0.0,1.0,1.0,1.0,1.0,1.0,1.0,1.0,1.0,0.0,0.0,0.0,0.0
1.4429999999999998,-14.88786061410389,-14.88786061410389,-14.88786061410389,0.0,0.0,0.0,0.0,0.0,0.0,1.0,1.0,1.0,1.0,1.0,1.0,1.0,1.0,0.0,0.0,0.0,0.0
1.444,-14.890339001350895,-14.890339001350895,-14.890339001350895,0.0,0.0,0.0,0.0,0.0,0.0,1.0,1.0,1.0,1.0,1.0,1.0,1.0,1.0,0.0,0.0,0.0,0.0
1.4449999999999998,-14.892825288442742,-14.892825288442742,-14.892825288442742,0.0,0.0,0.0,0.0,0.0,0.0,1.0,1.0,1.0,1.0,1.0,1.0,1.0,1.0,0.0,0.0,0.0,0.0
1.446,-14.895318661493313,-14.895318661493313,-14.895318661493313,0.0,0.0,0.0,0.0,0.0,0.0,1.0,1.0,1.0,1.0,1.0,1.0,1.0,1.0,0.0,0.0,0.0,0.0
1.4469999999999998,-14.897818282233779,-14.897818282233779,-14.897818282233779,0.0,0.0,0.0,0.0,0.0,0.0,1.0,1.0,1.0,1.0,1.0,1.0,1.0,1.0,0.0,0.0,0.0,0.0
1.448,-14.90032328892287,-14.90032328892287,-14.90032328892287,0.0,0.0,0.0,0.0,0.0,0.0,1.0,1.0,1.0,1.0,1.0,1.0,1.0,1.0,0.0,0.0,0.0,0.0
1.4489999999999998,-14.90283279731303,-14.90283279731303,-14.90283279731303,0.0,0.0,0.0,0.0,0.0,0.0,1.0,1.0,1.0,1.0,1.0,1.0,1.0,1.0,0.0,0.0,0.0,0.0
1.45,-14.905345901671186,-14.905345901671186,-14.905345901671186,0.0,0.0,0.0,0.0,0.0,0.0,1.0,1.0,1.0,1.0,1.0,1.0,1.0,1.0,0.0,0.0,0.0,0.0
1.4509999999999998,-14.907861675852605,-14.907861675852605,-14.907861675852605,0.0,0.0,0.0,0.0,0.0,0.0,1.0,1.0,1.0,1.0,1.0,1.0,1.0,1.0,0.0,0.0,0.0,0.0
1.452,-14.910379174426085,-14.910379174426085,-14.910379174426085,0.0,0.0,0.0,0.0,0.0,0.0,1.0,1.0,1.0,1.0,1.0,1.0,1.0,1.0,0.0,0.0,0.0,0.0
1.4529999999999998,-14.912897433848782,-14.912897433848782,-14.912897433848782,0.0,0.0,0.0,0.0,0.0,0.0,1.0,1.0,1.0,1.0,1.0,1.0,1.0,1.0,0.0,0.0,0.0,0.0
1.454,-14.915415473688432,-14.915415473688432,-14.915415473688432,0.0,0.0,0.0,0.0,0.0,0.0,1.0,1.0,1.0,1.0,1.0,1.0,1.0,1.0,0.0,0.0,0.0,0.0
1.4549999999999998,-14.917932297890756,-14.917932297890756,-14.917932297890756,0.0,0.0,0.0,0.0,0.0,0.0,1.0,1.0,1.0,1.0,1.0,1.0,1.0,1.0,0.0,0.0,0.0,0.0
1.456,-14.92044689608969,-14.92044689608969,-14.92044689608969,0.0,0.0,0.0,0.0,0.0,0.0,1.0,1.0,1.0,1.0,1.0,1.0,1.0,1.0,0.0,0.0,0.0,0.0
1.4569999999999999,-14.922958244957634,-14.922958244957634,-14.922958244957634,0.0,0.0,0.0,0.0,0.0,0.0,1.0,1.0,1.0,1.0,1.0,1.0,1.0,1.0,0.0,0.0,0.0,0.0
1.458,-14.925465309593125,-14.925465309593125,-14.925465309593125,0.0,0.0,0.0,0.0,0.0,0.0,1.0,1.0,1.0,1.0,1.0,1.0,1.0,1.0,0.0,0.0,0.0,0.0
1.4589999999999999,-14.927967044942758,-14.927967044942758,-14.927967044942758,0.0,0.0,0.0,0.0,0.0,0.0,1.0,1.0,1.0,1.0,1.0,1.0,1.0,1.0,0.0,0.0,0.0,0.0
1.46,-14.930462397254265,-14.930462397254265,-14.930462397254265,0.0,0.0,0.0,0.0,0.0,0.0,1.0,1.0,1.0,1.0,1.0,1.0,1.0,1.0,0.0,0.0,0.0,0.0
1.4609999999999999,-14.932950305557492,-14.932950305557492,-14.932950305557492,0.0,0.0,0.0,0.0,0.0,0.0,1.0,1.0,1.0,1.0,1.0,1.0,1.0,1.0,0.0,0.0,0.0,0.0
1.462,-14.935429703169724,-14.935429703169724,-14.935429703169724,0.0,0.0,0.0,0.0,0.0,0.0,1.0,1.0,1.0,1.0,1.0,1.0,1.0,1.0,0.0,0.0,0.0,0.0
1.4629999999999999,-14.937899519221743,-14.937899519221743,-14.937899519221743,0.0,0.0,0.0,0.0,0.0,0.0,1.0,1.0,1.0,1.0,1.0,1.0,1.0,1.0,0.0,0.0,0.0,0.0
1.464,-14.940358680200946,-14.940358680200946,-14.940358680200946,0.0,0.0,0.0,0.0,0.0,0.0,1.0,1.0,1.0,1.0,1.0,1.0,1.0,1.0,0.0,0.0,0.0,0.0
1.4649999999999999,-14.942806111507462,-14.942806111507462,-14.942806111507462,0.0,0.0,0.0,0.0,0.0,0.0,1.0,1.0,1.0,1.0,1.0,1.0,1.0,1.0,0.0,0.0,0.0,0.0
1.466,-14.945240739019507,-14.945240739019507,-14.945240739019507,0.0,0.0,0.0,0.0,0.0,0.0,1.0,1.0,1.0,1.0,1.0,1.0,1.0,1.0,0.0,0.0,0.0,0.0
1.4669999999999999,-14.947661490663698,-14.947661490663698,-14.947661490663698,0.0,0.0,0.0,0.0,0.0,0.0,1.0,1.0,1.0,1.0,1.0,1.0,1.0,1.0,0.0,0.0,0.0,0.0
1.468,-14.95006729798617,-14.95006729798617,-14.95006729798617,0.0,0.0,0.0,0.0,0.0,0.0,1.0,1.0,1.0,1.0,1.0,1.0,1.0,1.0,0.0,0.0,0.0,0.0
1.4689999999999999,-14.952457097720288,-14.952457097720288,-14.952457097720288,0.0,0.0,0.0,0.0,0.0,0.0,1.0,1.0,1.0,1.0,1.0,1.0,1.0,1.0,0.0,0.0,0.0,0.0
1.47,-14.954829833346565,-14.954829833346565,-14.954829833346565,0.0,0.0,0.0,0.0,0.0,0.0,1.0,1.0,1.0,1.0,1.0,1.0,1.0,1.0,0.0,0.0,0.0,0.0
1.4709999999999999,-14.957184456640482,-14.957184456640482,-14.957184456640482,0.0,0.0,0.0,0.0,0.0,0.0,1.0,1.0,1.0,1.0,1.0,1.0,1.0,1.0,0.0,0.0,0.0,0.0
1.472,-14.959519929203676,-14.959519929203676,-14.959519929203676,0.0,0.0,0.0,0.0,0.0,0.0,1.0,1.0,1.0,1.0,1.0,1.0,1.0,1.0,0.0,0.0,0.0,0.0
1.4729999999999999,-14.96183522397428,-14.96183522397428,-14.96183522397428,0.0,0.0,0.0,0.0,0.0,0.0,1.0,1.0,1.0,1.0,1.0,1.0,1.0,1.0,0.0,0.0,0.0,0.0
1.474,-14.964129326711763,-14.964129326711763,-14.964129326711763,0.0,0.0,0.0,0.0,0.0,0.0,1.0,1.0,1.0,1.0,1.0,1.0,1.0,1.0,0.0,0.0,0.0,0.0
1.4749999999999999,-14.966401237452136,-14.966401237452136,-14.966401237452136,0.0,0.0,0.0,0.0,0.0,0.0,1.0,1.0,1.0,1.0,1.0,1.0,1.0,1.0,0.0,0.0,0.0,0.0
1.476,-14.968649971928913,-14.968649971928913,-14.968649971928913,0.0,0.0,0.0,0.0,0.0,0.0,1.0,1.0,1.0,1.0,1.0,1.0,1.0,1.0,0.0,0.0,0.0,0.0
1.4769999999999999,-14.970874562955798,-14.970874562955798,-14.970874562955798,0.0,0.0,0.0,0.0,0.0,0.0,1.0,1.0,1.0,1.0,1.0,1.0,1.0,1.0,0.0,0.0,0.0,0.0
1.478,-14.973074061766603,-14.973074061766603,-14.973074061766603,0.0,0.0,0.0,0.0,0.0,0.0,1.0,1.0,1.0,1.0,1.0,1.0,1.0,1.0,0.0,0.0,0.0,0.0
1.4789999999999999,-14.975247539308583,-14.975247539308583,-14.975247539308583,0.0,0.0,0.0,0.0,0.0,0.0,1.0,1.0,1.0,1.0,1.0,1.0,1.0,1.0,0.0,0.0,0.0,0.0
1.48,-14.977394087484917,-14.977394087484917,-14.977394087484917,0.0,0.0,0.0,0.0,0.0,0.0,1.0,1.0,1.0,1.0,1.0,1.0,1.0,1.0,0.0,0.0,0.0,0.0
1.4809999999999999,-14.979512820342636,-14.979512820342636,-14.979512820342636,0.0,0.0,0.0,0.0,0.0,0.0,1.0,1.0,1.0,1.0,1.0,1.0,1.0,1.0,0.0,0.0,0.0,0.0
1.482,-14.981602875202197,-14.981602875202197,-14.981602875202197,0.0,0.0,0.0,0.0,0.0,0.0,1.0,1.0,1.0,1.0,1.0,1.0,1.0,1.0,0.0,0.0,0.0,0.0
1.4829999999999999,-14.983663413725301,-14.983663413725301,-14.983663413725301,0.0,0.0,0.0,0.0,0.0,0.0,1.0,1.0,1.0,1.0,1.0,1.0,1.0,1.0,0.0,0.0,0.0,0.0
1.484,-14.98569362291732,-14.98569362291732,-14.98569362291732,0.0,0.0,0.0,0.0,0.0,0.0,1.0,1.0,1.0,1.0,1.0,1.0,1.0,1.0,0.0,0.0,0.0,0.0
1.4849999999999999,-14.987692716061616,-14.987692716061616,-14.987692716061616,0.0,0.0,0.0,0.0,0.0,0.0,1.0,1.0,1.0,1.0,1.0,1.0,1.0,1.0,0.0,0.0,0.0,0.0
1.486,-14.989659933582422,-14.989659933582422,-14.989659933582422,0.0,0.0,0.0,0.0,0.0,0.0,1.0,1.0,1.0,1.0,1.0,1.0,1.0,1.0,0.0,0.0,0.0,0.0
1.4869999999999999,-14.991594543833942,-14.991594543833942,-14.991594543833942,0.0,0.0,0.0,0.0,0.0,0.0,1.0,1.0,1.0,1.0,1.0,1.0,1.0,1.0,0.0,0.0,0.0,0.0
1.488,-14.993495843813072,-14.993495843813072,-14.993495843813072,0.0,0.0,0.0,0.0,0.0,0.0,1.0,1.0,1.0,1.0,1.0,1.0,1.0,1.0,0.0,0.0,0.0,0.0
1.4889999999999999,-14.995363159793731,-14.995363159793731,-14.995363159793731,0.0,0.0,0.0,0.0,0.0,0.0,1.0,1.0,1.0,1.0,1.0,1.0,1.0,1.0,0.0,0.0,0.0,0.0
1.49,-14.997195847880917,-14.997195847880917,-14.997195847880917,0.0,0.0,0.0,0.0,0.0,0.0,1.0,1.0,1.0,1.0,1.0,1.0,1.0,1.0,0.0,0.0,0.0,0.0
1.4909999999999999,-14.998993294483002,-14.998993294483002,-14.998993294483002,0.0,0.0,0.0,0.0,0.0,0.0,1.0,1.0,1.0,1.0,1.0,1.0,1.0,1.0,0.0,0.0,0.0,0.0
1.492,-15.000754916700982,-15.000754916700982,-15.000754916700982,0.0,0.0,0.0,0.0,0.0,0.0,1.0,1.0,1.0,1.0,1.0,1.0,1.0,1.0,0.0,0.0,0.0,0.0
1.4929999999999999,-15.002480162633994,-15.002480162633994,-15.002480162633994,0.0,0.0,0.0,0.0,0.0,0.0,1.0,1.0,1.0,1.0,1.0,1.0,1.0,1.0,0.0,0.0,0.0,0.0
1.494,-15.004168511600266,-15.004168511600266,-15.004168511600266,0.0,0.0,0.0,0.0,0.0,0.0,1.0,1.0,1.0,1.0,1.0,1.0,1.0,1.0,0.0,0.0,0.0,0.0
1.4949999999999999,-15.00581947427365,-15.00581947427365,-15.00581947427365,0.0,0.0,0.0,0.0,0.0,0.0,1.0,1.0,1.0,1.0,1.0,1.0,1.0,1.0,0.0,0.0,0.0,0.0
1.496,-15.007432592735636,-15.007432592735636,-15.007432592735636,0.0,0.0,0.0,0.0,0.0,0.0,1.0,1.0,1.0,1.0,1.0,1.0,1.0,1.0,0.0,0.0,0.0,0.0
1.4969999999999999,-15.009007440443513,-15.009007440443513,-15.009007440443513,0.0,0.0,0.0,0.0,0.0,0.0,1.0,1.0,1.0,1.0,1.0,1.0,1.0,1.0,0.0,0.0,0.0,0.0
1.498,-15.010543622115566,-15.010543622115566,-15.010543622115566,0.0,0.0,0.0,0.0,0.0,0.0,1.0,1.0,1.0,1.0,1.0,1.0,1.0,1.0,0.0,0.0,0.0,0.0
1.4989999999999999,-15.012040773534505,-15.012040773534505,-15.012040773534505,0.0,0.0,0.0,0.0,0.0,0.0,1.0,1.0,1.0,1.0,1.0,1.0,1.0,1.0,0.0,0.0,0.0,0.0
1.5,-15.013498561270788,-15.013498561270788,-15.013498561270788,0.0,0.0,0.0,0.0,0.0,0.0,1.0,1.0,1.0,1.0,1.0,1.0,1.0,1.0,0.0,0.0,0.0,0.0
1.501,-15.01491668232784,-15.01491668232784,-15.01491668232784,0.0,0.0,0.0,0.0,0.0,0.0,1.0,1.0,1.0,1.0,1.0,1.0,1.0,1.0,0.0,0.0,0.0,0.0
1.502,-15.016294863711455,-15.016294863711455,-15.016294863711455,0.0,0.0,0.0,0.0,0.0,0.0,1.0,1.0,1.0,1.0,1.0,1.0,1.0,1.0,0.0,0.0,0.0,0.0
1.503,-15.017632861926147,-15.017632861926147,-15.017632861926147,0.0,0.0,0.0,0.0,0.0,0.0,1.0,1.0,1.0,1.0,1.0,1.0,1.0,1.0,0.0,0.0,0.0,0.0
1.504,-15.018930462401416,-15.018930462401416,-15.018930462401416,0.0,0.0,0.0,0.0,0.0,0.0,1.0,1.0,1.0,1.0,1.0,1.0,1.0,1.0,0.0,0.0,0.0,0.0
1.505,-15.020187478851335,-15.020187478851335,-15.020187478851335,0.0,0.0,0.0,0.0,0.0,0.0,1.0,1.0,1.0,1.0,1.0,1.0,1.0,1.0,0.0,0.0,0.0,0.0
1.506,-15.021403752571226,-15.021403752571226,-15.021403752571226,0.0,0.0,0.0,0.0,0.0,0.0,1.0,1.0,1.0,1.0,1.0,1.0,1.0,1.0,0.0,0.0,0.0,0.0
1.507,-15.022579151675256,-15.022579151675256,-15.022579151675256,0.0,0.0,0.0,0.0,0.0,0.0,1.0,1.0,1.0,1.0,1.0,1.0,1.0,1.0,0.0,0.0,0.0,0.0
1.508,-15.02371357027941,-15.02371357027941,-15.02371357027941,0.0,0.0,0.0,0.0,0.0,0.0,1.0,1.0,1.0,1.0,1.0,1.0,1.0,1.0,0.0,0.0,0.0,0.0
1.509,-15.024806927634316,-15.024806927634316,-15.024806927634316,0.0,0.0,0.0,0.0,0.0,0.0,1.0,1.0,1.0,1.0,1.0,1.0,1.0,1.0,0.0,0.0,0.0,0.0
1.51,-15.02585916721279,-15.02585916721279,-15.02585916721279,0.0,0.0,0.0,0.0,0.0,0.0,1.0,1.0,1.0,1.0,1.0,1.0,1.0,1.0,0.0,0.0,0.0,0.0
1.511,-15.026870255757077,-15.026870255757077,-15.026870255757077,0.0,0.0,0.0,0.0,0.0,0.0,1.0,1.0,1.0,1.0,1.0,1.0,1.0,1.0,0.0,0.0,0.0,0.0
1.512,-15.027840182291154,-15.027840182291154,-15.027840182291154,0.0,0.0,0.0,0.0,0.0,0.0,1.0,1.0,1.0,1.0,1.0,1.0,1.0,1.0,0.0,0.0,0.0,0.0
1.513,-15.028768957103425,-15.028768957103425,-15.028768957103425,0.0,0.0,0.0,0.0,0.0,0.0,1.0,1.0,1.0,1.0,1.0,1.0,1.0,1.0,0.0,0.0,0.0,0.0
1.514,-15.02965661070546,-15.02965661070546,-15.02965661070546,0.0,0.0,0.0,0.0,0.0,0.0,1.0,1.0,1.0,1.0,1.0,1.0,1.0,1.0,0.0,0.0,0.0,0.0
1.515,-15.030503192772514,-15.030503192772514,-15.030503192772514,0.0,0.0,0.0,0.0,0.0,0.0,1.0,1.0,1.0,1.0,1.0,1.0,1.0,1.0,0.0,0.0,0.0,0.0
1.516,-15.031308771071615,-15.031308771071615,-15.031308771071615,0.0,0.0,0.0,0.0,0.0,0.0,1.0,1.0,1.0,1.0,1.0,1.0,1.0,1.0,0.0,0.0,0.0,0.0
1.517,-15.032073430383088,-15.032073430383088,-15.032073430383088,0.0,0.0,0.0,0.0,0.0,0.0,1.0,1.0,1.0,1.0,1.0,1.0,1.0,1.0,0.0,0.0,0.0,0.0
1.518,-15.032797271421558,-15.032797271421558,-15.032797271421558,0.0,0.0,0.0,0.0,0.0,0.0,1.0,1.0,1.0,1.0,1.0,1.0,1.0,1.0,0.0,0.0,0.0,0.0
1.519,-15.033480409762227,-15.033480409762227,-15.033480409762227,0.0,0.0,0.0,0.0,0.0,0.0,1.0,1.0,1.0,1.0,1.0,1.0,1.0,1.0,0.0,0.0,0.0,0.0
1.52,-15.034122974778452,-15.034122974778452,-15.034122974778452,0.0,0.0,0.0,0.0,0.0,0.0,1.0,1.0,1.0,1.0,1.0,1.0,1.0,1.0,0.0,0.0,0.0,0.0
1.521,-15.034725108596387,-15.034725108596387,-15.034725108596387,0.0,0.0,0.0,0.0,0.0,0.0,1.0,1.0,1.0,1.0,1.0,1.0,1.0,1.0,0.0,0.0,0.0,0.0
1.522,-15.035286965072556,-15.035286965072556,-15.035286965072556,0.0,0.0,0.0,0.0,0.0,0.0,1.0,1.0,1.0,1.0,1.0,1.0,1.0,1.0,0.0,0.0,0.0,0.0
1.523,-15.035808708799925,-15.035808708799925,-15.035808708799925,0.0,0.0,0.0,0.0,0.0,0.0,1.0,1.0,1.0,1.0,1.0,1.0,1.0,1.0,0.0,0.0,0.0,0.0
1.524,-15.036290514147973,-15.036290514147973,-15.036290514147973,0.0,0.0,0.0,0.0,0.0,0.0,1.0,1.0,1.0,1.0,1.0,1.0,1.0,1.0,0.0,0.0,0.0,0.0
1.525,-15.036732564342126,-15.036732564342126,-15.036732564342126,0.0,0.0,0.0,0.0,0.0,0.0,1.0,1.0,1.0,1.0,1.0,1.0,1.0,1.0,0.0,0.0,0.0,0.0
1.526,-15.037135050587613,-15.037135050587613,-15.037135050587613,0.0,0.0,0.0,0.0,0.0,0.0,1.0,1.0,1.0,1.0,1.0,1.0,1.0,1.0,0.0,0.0,0.0,0.0
1.527,-15.037498171242541,-15.037498171242541,-15.037498171242541,0.0,0.0,0.0,0.0,0.0,0.0,1.0,1.0,1.0,1.0,1.0,1.0,1.0,1.0,0.0,0.0,0.0,0.0
1.528,-15.03782213104487,-15.03782213104487,-15.03782213104487,0.0,0.0,0.0,0.0,0.0,0.0,1.0,1.0,1.0,1.0,1.0,1.0,1.0,1.0,0.0,0.0,0.0,0.0
1.529,-15.038107140397527,-15.038107140397527,-15.038107140397527,0.0,0.0,0.0,0.0,0.0,0.0,1.0,1.0,1.0,1.0,1.0,1.0,1.0,1.0,0.0,0.0,0.0,0.0
1.53,-15.038353414715523,-15.038353414715523,-15.038353414715523,0.0,0.0,0.0,0.0,0.0,0.0,1.0,1.0,1.0,1.0,1.0,1.0,1.0,1.0,0.0,0.0,0.0,0.0
1.531,-15.038561173838865,-15.038561173838865,-15.038561173838865,0.0,0.0,0.0,0.0,0.0,0.0,1.0,1.0,1.0,1.0,1.0,1.0,1.0,1.0,0.0,0.0,0.0,0.0
1.532,-15.038730641514285,-15.038730641514285,-15.038730641514285,0.0,0.0,0.0,0.0,0.0,0.0,1.0,1.0,1.0,1.0,1.0,1.0,1.0,1.0,0.0,0.0,0.0,0.0
1.533,-15.038862044948806,-15.038862044948806,-15.038862044948806,0.0,0.0,0.0,0.0,0.0,0.0,1.0,1.0,1.0,1.0,1.0,1.0,1.0,1.0,0.0,0.0,0.0,0.0
1.534,-15.038955614437535,-15.038955614437535,-15.038955614437535,0.0,0.0,0.0,0.0,0.0,0.0,1.0,1.0,1.0,1.0,1.0,1.0,1.0,1.0,0.0,0.0,0.0,0.0
1.535,-15.039011583067563,-15.039011583067563,-15.039011583067563,0.0,0.0,0.0,0.0,0.0,0.0,1.0,1.0,1.0,1.0,1.0,1.0,1.0,1.0,0.0,0.0,0.0,0.0
1.536,-15.039030186499849,-15.039030186499849,-15.039030186499849,0.0,0.0,0.0,0.0,0.0,0.0,1.0,1.0,1.0,0.0,1.0,1.0,1.0,0.0,0.0,0.0,0.0,0.0
1.537,-15.039030186499849,-15.039030186499849,-15.039030186499849,0.0,0.0,0.0,0.0,0.0,0.0,1.0,1.0,1.0,0.0,1.0,1.0,1.0,0.0,0.0,0.0,0.0,0.0
1.538,-15.03903018649985,-15.03903018649985,-15.03903018649985,0.0,0.0,0.0,0.0,0.0,0.0,1.0,1.0,1.0,0.0,1.0,1.0,1.0,0.0,0.0,0.0,0.0,0.0
1.539,-15.039030186499849,-15.039030186499849,-15.039030186499849,0.0,0.0,0.0,0.0,0.0,0.0,1.0,1.0,1.0,0.0,1.0,1.0,1.0,0.0,0.0,0.0,0.0,0.0
1.54,-15.039030186499849,-15.039030186499849,-15.039030186499849,0.0,0.0,0.0,0.0,0.0,0.0,1.0,1.0,1.0,0.0,1.0,1.0,1.0,0.0,0.0,0.0,0.0,0.0
1.541,-15.039030186499849,-15.039030186499849,-15.039030186499849,0.0,0.0,0.0,0.0,0.0,0.0,1.0,1.0,1.0,0.0,1.0,1.0,1.0,0.0,0.0,0.0,0.0,0.0
1.542,-15.039030186499849,-15.039030186499849,-15.039030186499849,0.0,0.0,0.0,0.0,0.0,0.0,1.0,1.0,1.0,0.0,1.0,1.0,1.0,0.0,0.0,0.0,0.0,0.0
1.543,-15.03903018649985,-15.03903018649985,-15.03903018649985,0.0,0.0,0.0,0.0,0.0,0.0,1.0,1.0,1.0,0.0,1.0,1.0,1.0,0.0,0.0,0.0,0.0,0.0
1.544,-15.039030186499849,-15.039030186499849,-15.039030186499849,0.0,0.0,0.0,0.0,0.0,0.0,1.0,1.0,1.0,0.0,1.0,1.0,1.0,0.0,0.0,0.0,0.0,0.0
1.545,-15.039030186499849,-15.039030186499849,-15.039030186499849,0.0,0.0,0.0,0.0,0.0,0.0,1.0,1.0,1.0,0.0,1.0,1.0,1.0,0.0,0.0,0.0,0.0,0.0
1.546,-15.03903018649985,-15.03903018649985,-15.03903018649985,0.0,0.0,0.0,0.0,0.0,0.0,1.0,1.0,1.0,0.0,1.0,1.0,1.0,0.0,0.0,0.0,0.0,0.0
1.547,-15.039030186499849,-15.039030186499849,-15.039030186499849,0.0,0.0,0.0,0.0,0.0,0.0,1.0,1.0,1.0,0.0,1.0,1.0,1.0,0.0,0.0,0.0,0.0,0.0
1.548,-15.039030186499849,-15.039030186499849,-15.039030186499849,0.0,0.0,0.0,0.0,0.0,0.0,1.0,1.0,1.0,0.0,1.0,1.0,1.0,0.0,0.0,0.0,0.0,0.0
1.549,-15.039030186499849,-15.039030186499849,-15.039030186499849,0.0,0.0,0.0,0.0,0.0,0.0,1.0,1.0,1.0,0.0,1.0,1.0,1.0,0.0,0.0,0.0,0.0,0.0
1.55,-15.039030186499849,-15.039030186499849,-15.039030186499849,0.0,0.0,0.0,0.0,0.0,0.0,1.0,1.0,1.0,0.0,1.0,1.0,1.0,0.0,0.0,0.0,0.0,0.0
1.551,-15.039030186499849,-15.039030186499849,-15.039030186499849,0.0,0.0,0.0,0.0,0.0,0.0,1.0,1.0,1.0,0.0,1.0,1.0,1.0,0.0,0.0,0.0,0.0,0.0
1.552,-15.039030186499849,-15.039030186499849,-15.039030186499849,0.0,0.0,0.0,0.0,0.0,0.0,1.0,1.0,1.0,0.0,1.0,1.0,1.0,0.0,0.0,0.0,0.0,0.0
1.553,-15.039030186499849,-15.039030186499849,-15.039030186499849,0.0,0.0,0.0,0.0,0.0,0.0,1.0,1.0,1.0,0.0,1.0,1.0,1.0,0.0,0.0,0.0,0.0,0.0
1.554,-15.039030186499849,-15.039030186499849,-15.039030186499849,0.0,0.0,0.0,0.0,0.0,0.0,1.0,1.0,1.0,0.0,1.0,1.0,1.0,0.0,0.0,0.0,0.0,0.0
1.555,-15.039030186499849,-15.039030186499849,-15.039030186499849,0.0,0.0,0.0,0.0,0.0,0.0,1.0,1.0,1.0,0.0,1.0,1.0,1.0,0.0,0.0,0.0,0.0,0.0
1.556,-15.039030186499849,-15.039030186499849,-15.039030186499849,0.0,0.0,0.0,0.0,0.0,0.0,1.0,1.0,1.0,0.0,1.0,1.0,1.0,0.0,0.0,0.0,0.0,0.0
1.557,-15.039030186499849,-15.039030186499849,-15.039030186499849,0.0,0.0,0.0,0.0,0.0,0.0,1.0,1.0,1.0,0.0,1.0,1.0,1.0,0.0,0.0,0.0,0.0,0.0
1.558,-15.039030186499849,-15.039030186499849,-15.039030186499849,0.0,0.0,0.0,0.0,0.0,0.0,1.0,1.0,1.0,0.0,1.0,1.0,1.0,0.0,0.0,0.0,0.0,0.0
1.559,-15.03903018649985,-15.03903018649985,-15.03903018649985,0.0,0.0,0.0,0.0,0.0,0.0,1.0,1.0,1.0,0.0,1.0,1.0,1.0,0.0,0.0,0.0,0.0,0.0
1.56,-15.039030186499849,-15.039030186499849,-15.039030186499849,0.0,0.0,0.0,0.0,0.0,0.0,1.0,1.0,1.0,0.0,1.0,1.0,1.0,0.0,0.0,0.0,0.0,0.0
1.561,-15.039030186499849,-15.039030186499849,-15.039030186499849,0.0,0.0,0.0,0.0,0.0,0.0,1.0,1.0,1.0,0.0,1.0,1.0,1.0,0.0,0.0,0.0,0.0,0.0
1.562,-15.03903018649985,-15.03903018649985,-15.03903018649985,0.0,0.0,0.0,0.0,0.0,0.0,1.0,1.0,1.0,0.0,1.0,1.0,1.0,0.0,0.0,0.0,0.0,0.0
1.563,-15.039030186499849,-15.039030186499849,-15.039030186499849,0.0,0.0,0.0,0.0,0.0,0.0,1.0,1.0,1.0,0.0,1.0,1.0,1.0,0.0,0.0,0.0,0.0,0.0
1.564,-15.039030186499849,-15.039030186499849,-15.039030186499849,0.0,0.0,0.0,0.0,0.0,0.0,1.0,1.0,1.0,0.0,1.0,1.0,1.0,0.0,0.0,0.0,0.0,0.0
1.565,-15.039030186499849,-15.039030186499849,-15.039030186499849,0.0,0.0,0.0,0.0,0.0,0.0,1.0,1.0,1.0,0.0,1.0,1.0,1.0,0.0,0.0,0.0,0.0,0.0
1.566,-15.039030186499849,-15.039030186499849,-15.039030186499849,0.0,0.0,0.0,0.0,0.0,0.0,1.0,1.0,1.0,0.0,1.0,1.0,1.0,0.0,0.0,0.0,0.0,0.0
1.567,-15.039030186499849,-15.039030186499849,-15.039030186499849,0.0,0.0,0.0,0.0,0.0,0.0,1.0,1.0,1.0,0.0,1.0,1.0,1.0,0.0,0.0,0.0,0.0,0.0
1.568,-15.039030186499849,-15.039030186499849,-15.039030186499849,0.0,0.0,0.0,0.0,0.0,0.0,1.0,1.0,1.0,0.0,1.0,1.0,1.0,0.0,0.0,0.0,0.0,0.0
1.569,-15.039030186499849,-15.039030186499849,-15.039030186499849,0.0,0.0,0.0,0.0,0.0,0.0,1.0,1.0,1.0,0.0,1.0,1.0,1.0,0.0,0.0,0.0,0.0,0.0
1.57,-15.03903018649985,-15.03903018649985,-15.03903018649985,0.0,0.0,0.0,0.0,0.0,0.0,1.0,1.0,1.0,0.0,1.0,1.0,1.0,0.0,0.0,0.0,0.0,0.0
1.571,-15.039030186499849,-15.039030186499849,-15.039030186499849,0.0,0.0,0.0,0.0,0.0,0.0,1.0,1.0,1.0,0.0,1.0,1.0,1.0,0.0,0.0,0.0,0.0,0.0
1.572,-15.039030186499849,-15.039030186499849,-15.039030186499849,0.0,0.0,0.0,0.0,0.0,0.0,1.0,1.0,1.0,0.0,1.0,1.0,1.0,0.0,0.0,0.0,0.0,0.0
1.573,-15.039030186499849,-15.039030186499849,-15.039030186499849,0.0,0.0,0.0,0.0,0.0,0.0,1.0,1.0,1.0,0.0,1.0,1.0,1.0,0.0,0.0,0.0,0.0,0.0
1.574,-15.039030186499849,-15.039030186499849,-15.039030186499849,0.0,0.0,0.0,0.0,0.0,0.0,1.0,1.0,1.0,0.0,1.0,1.0,1.0,0.0,0.0,0.0,0.0,0.0
1.575,-15.03903018649985,-15.03903018649985,-15.03903018649985,0.0,0.0,0.0,0.0,0.0,0.0,1.0,1.0,1.0,0.0,1.0,1.0,1.0,0.0,0.0,0.0,0.0,0.0
1.576,-15.039030186499849,-15.039030186499849,-15.039030186499849,0.0,0.0,0.0,0.0,0.0,0.0,1.0,1.0,1.0,0.0,1.0,1.0,1.0,0.0,0.0,0.0,0.0,0.0
1.577,-15.039030186499849,-15.039030186499849,-15.039030186499849,0.0,0.0,0.0,0.0,0.0,0.0,1.0,1.0,1.0,0.0,1.0,1.0,1.0,0.0,0.0,0.0,0.0,0.0
1.578,-15.03903018649985,-15.03903018649985,-15.03903018649985,0.0,0.0,0.0,0.0,0.0,0.0,1.0,1.0,1.0,0.0,1.0,1.0,1.0,0.0,0.0,0.0,0.0,0.0
1.579,-15.039030186499849,-15.039030186499849,-15.039030186499849,0.0,0.0,0.0,0.0,0.0,0.0,1.0,1.0,1.0,0.0,1.0,1.0,1.0,0.0,0.0,0.0,0.0,0.0
1.58,-15.039030186499849,-15.039030186499849,-15.039030186499849,0.0,0.0,0.0,0.0,0.0,0.0,1.0,1.0,1.0,0.0,1.0,1.0,1.0,0.0,0.0,0.0,0.0,0.0
1.581,-15.039030186499849,-15.039030186499849,-15.039030186499849,0.0,0.0,0.0,0.0,0.0,0.0,1.0,1.0,1.0,0.0,1.0,1.0,1.0,0.0,0.0,0.0,0.0,0.0
1.582,-15.039030186499849,-15.039030186499849,-15.039030186499849,0.0,0.0,0.0,0.0,0.0,0.0,1.0,1.0,1.0,0.0,1.0,1.0,1.0,0.0,0.0,0.0,0.0,0.0
1.583,-15.03903018649985,-15.03903018649985,-15.03903018649985,0.0,0.0,0.0,0.0,0.0,0.0,1.0,1.0,1.0,0.0,1.0,1.0,1.0,0.0,0.0,0.0,0.0,0.0
1.584,-15.039030186499849,-15.039030186499849,-15.039030186499849,0.0,0.0,0.0,0.0,0.0,0.0,1.0,1.0,1.0,0.0,1.0,1.0,1.0,0.0,0.0,0.0,0.0,0.0
1.585,-15.039030186499849,-15.039030186499849,-15.039030186499849,0.0,0.0,0.0,0.0,0.0,0.0,1.0,1.0,1.0,0.0,1.0,1.0,1.0,0.0,0.0,0.0,0.0,0.0
1.586,-15.03903018649985,-15.03903018649985,-15.03903018649985,0.0,0.0,0.0,0.0,0.0,0.0,1.0,1.0,1.0,0.0,1.0,1.0,1.0,0.0,0.0,0.0,0.0,0.0
1.587,-15.039030186499849,-15.039030186499849,-15.039030186499849,0.0,0.0,0.0,0.0,0.0,0.0,1.0,1.0,1.0,0.0,1.0,1.0,1.0,0.0,0.0,0.0,0.0,0.0
1.588,-15.039030186499849,-15.039030186499849,-15.039030186499849,0.0,0.0,0.0,0.0,0.0,0.0,1.0,1.0,1.0,0.0,1.0,1.0,1.0,0.0,0.0,0.0,0.0,0.0
1.589,-15.039030186499849,-15.039030186499849,-15.039030186499849,0.0,0.0,0.0,0.0,0.0,0.0,1.0,1.0,1.0,0.0,1.0,1.0,1.0,0.0,0.0,0.0,0.0,0.0
1.59,-15.039030186499849,-15.039030186499849,-15.039030186499849,0.0,0.0,0.0,0.0,0.0,0.0,1.0,1.0,1.0,0.0,1.0,1.0,1.0,0.0,0.0,0.0,0.0,0.0
1.591,-15.039030186499849,-15.039030186499849,-15.039030186499849,0.0,0.0,0.0,0.0,0.0,0.0,1.0,1.0,1.0,0.0,1.0,1.0,1.0,0.0,0.0,0.0,0.0,0.0
1.592,-15.039030186499849,-15.039030186499849,-15.039030186499849,0.0,0.0,0.0,0.0,0.0,0.0,1.0,1.0,1.0,0.0,1.0,1.0,1.0,0.0,0.0,0.0,0.0,0.0
1.593,-15.039030186499849,-15.039030186499849,-15.039030186499849,0.0,0.0,0.0,0.0,0.0,0.0,1.0,1.0,1.0,0.0,1.0,1.0,1.0,0.0,0.0,0.0,0.0,0.0
1.594,-15.039030186499849,-15.039030186499849,-15.039030186499849,0.0,0.0,0.0,0.0,0.0,0.0,1.0,1.0,1.0,0.0,1.0,1.0,1.0,0.0,0.0,0.0,0.0,0.0
1.595,-15.039030186499849,-15.039030186499849,-15.039030186499849,0.0,0.0,0.0,0.0,0.0,0.0,1.0,1.0,1.0,0.0,1.0,1.0,1.0,0.0,0.0,0.0,0.0,0.0
1.596,-15.039030186499849,-15.039030186499849,-15.039030186499849,0.0,0.0,0.0,0.0,0.0,0.0,1.0,1.0,1.0,0.0,1.0,1.0,1.0,0.0,0.0,0.0,0.0,0.0
1.597,-15.039030186499849,-15.039030186499849,-15.039030186499849,0.0,0.0,0.0,0.0,0.0,0.0,1.0,1.0,1.0,0.0,1.0,1.0,1.0,0.0,0.0,0.0,0.0,0.0
1.598,-15.039030186499849,-15.039030186499849,-15.039030186499849,0.0,0.0,0.0,0.0,0.0,0.0,1.0,1.0,1.0,0.0,1.0,1.0,1.0,0.0,0.0,0.0,0.0,0.0
1.599,-15.03903018649985,-15.03903018649985,-15.03903018649985,0.0,0.0,0.0,0.0,0.0,0.0,1.0,1.0,1.0,0.0,1.0,1.0,1.0,0.0,0.0,0.0,0.0,0.0
1.6,-15.039030186499849,-15.039030186499849,-15.039030186499849,0.0,0.0,0.0,0.0,0.0,0.0,1.0,1.0,1.0,0.0,1.0,1.0,1.0,0.0,0.0,0.0,0.0,0.0
1.601,-15.039030186499849,-15.039030186499849,-15.039030186499849,0.0,0.0,0.0,0.0,0.0,0.0,1.0,1.0,1.0,0.0,1.0,1.0,1.0,0.0,0.0,0.0,0.0,0.0
1.602,-15.03903018649985,-15.03903018649985,-15.03903018649985,0.0,0.0,0.0,0.0,0.0,0.0,1.0,1.0,1.0,0.0,1.0,1.0,1.0,0.0,0.0,0.0,0.0,0.0
1.603,-15.039030186499849,-15.039030186499849,-15.039030186499849,0.0,0.0,0.0,0.0,0.0,0.0,1.0,1.0,1.0,0.0,1.0,1.0,1.0,0.0,0.0,0.0,0.0,0.0
1.604,-15.039030186499849,-15.039030186499849,-15.039030186499849,0.0,0.0,0.0,0.0,0.0,0.0,1.0,1.0,1.0,0.0,1.0,1.0,1.0,0.0,0.0,0.0,0.0,0.0
1.605,-15.039030186499849,-15.039030186499849,-15.039030186499849,0.0,0.0,0.0,0.0,0.0,0.0,1.0,1.0,1.0,0.0,1.0,1.0,1.0,0.0,0.0,0.0,0.0,0.0
1.606,-15.039030186499849,-15.039030186499849,-15.039030186499849,0.0,0.0,0.0,0.0,0.0,0.0,1.0,1.0,1.0,0.0,1.0,1.0,1.0,0.0,0.0,0.0,0.0,0.0
1.607,-15.039030186499849,-15.039030186499849,-15.039030186499849,0.0,0.0,0.0,0.0,0.0,0.0,1.0,1.0,1.0,0.0,1.0,1.0,1.0,0.0,0.0,0.0,0.0,0.0
1.608,-15.039030186499849,-15.039030186499849,-15.039030186499849,0.0,0.0,0.0,0.0,0.0,0.0,1.0,1.0,1.0,0.0,1.0,1.0,1.0,0.0,0.0,0.0,0.0,0.0
1.609,-15.039030186499849,-15.039030186499849,-15.039030186499849,0.0,0.0,0.0,0.0,0.0,0.0,1.0,1.0,1.0,0.0,1.0,1.0,1.0,0.0,0.0,0.0,0.0,0.0
1.61,-15.03903018649985,-15.03903018649985,-15.03903018649985,0.0,0.0,0.0,0.0,0.0,0.0,1.0,1.0,1.0,0.0,1.0,1.0,1.0,0.0,0.0,0.0,0.0,0.0
1.611,-15.039030186499849,-15.039030186499849,-15.039030186499849,0.0,0.0,0.0,0.0,0.0,0.0,1.0,1.0,1.0,0.0,1.0,1.0,1.0,0.0,0.0,0.0,0.0,0.0
1.612,-15.039030186499849,-15.039030186499849,-15.039030186499849,0.0,0.0,0.0,0.0,0.0,0.0,1.0,1.0,1.0,0.0,1.0,1.0,1.0,0.0,0.0,0.0,0.0,0.0
1.613,-15.039030186499849,-15.039030186499849,-15.039030186499849,0.0,0.0,0.0,0.0,0.0,0.0,1.0,1.0,1.0,0.0,1.0,1.0,1.0,0.0,0.0,0.0,0.0,0.0
1.614,-15.039030186499849,-15.039030186499849,-15.039030186499849,0.0,0.0,0.0,0.0,0.0,0.0,1.0,1.0,1.0,0.0,1.0,1.0,1.0,0.0,0.0,0.0,0.0,0.0
1.615,-15.03903018649985,-15.03903018649985,-15.03903018649985,0.0,0.0,0.0,0.0,0.0,0.0,1.0,1.0,1.0,0.0,1.0,1.0,1.0,0.0,0.0,0.0,0.0,0.0
1.616,-15.039030186499849,-15.039030186499849,-15.039030186499849,0.0,0.0,0.0,0.0,0.0,0.0,1.0,1.0,1.0,0.0,1.0,1.0,1.0,0.0,0.0,0.0,0.0,0.0
1.617,-15.039030186499849,-15.039030186499849,-15.039030186499849,0.0,0.0,0.0,0.0,0.0,0.0,1.0,1.0,1.0,0.0,1.0,1.0,1.0,0.0,0.0,0.0,0.0,0.0
1.618,-15.03903018649985,-15.03903018649985,-15.03903018649985,0.0,0.0,0.0,0.0,0.0,0.0,1.0,1.0,1.0,0.0,1.0,1.0,1.0,0.0,0.0,0.0,0.0,0.0
1.619,-15.039030186499849,-15.039030186499849,-15.039030186499849,0.0,0.0,0.0,0.0,0.0,0.0,1.0,1.0,1.0,0.0,1.0,1.0,1.0,0.0,0.0,0.0,0.0,0.0
1.62,-15.039030186499849,-15.039030186499849,-15.039030186499849,0.0,0.0,0.0,0.0,0.0,0.0,1.0,1.0,1.0,0.0,1.0,1.0,1.0,0.0,0.0,0.0,0.0,0.0
1.621,-15.039030186499849,-15.039030186499849,-15.039030186499849,0.0,0.0,0.0,0.0,0.0,0.0,1.0,1.0,1.0,0.0,1.0,1.0,1.0,0.0,0.0,0.0,0.0,0.0
1.622,-15.039030186499849,-15.039030186499849,-15.039030186499849,0.0,0.0,0.0,0.0,0.0,0.0,1.0,1.0,1.0,0.0,1.0,1.0,1.0,0.0,0.0,0.0,0.0,0.0
1.623,-15.039030186499849,-15.039030186499849,-15.039030186499849,0.0,0.0,0.0,0.0,0.0,0.0,1.0,1.0,1.0,0.0,1.0,1.0,1.0,0.0,0.0,0.0,0.0,0.0
1.624,-15.039030186499849,-15.039030186499849,-15.039030186499849,0.0,0.0,0.0,0.0,0.0,0.0,1.0,1.0,1.0,0.0,1.0,1.0,1.0,0.0,0.0,0.0,0.0,0.0
1.625,-15.039030186499849,-15.039030186499849,-15.039030186499849,0.0,0.0,0.0,0.0,0.0,0.0,1.0,1.0,1.0,0.0,1.0,1.0,1.0,0.0,0.0,0.0,0.0,0.0
1.6260000000000001,-15.039030186499849,-15.039030186499849,-15.039030186499849,0.0,0.0,0.0,0.0,0.0,0.0,1.0,1.0,1.0,0.0,1.0,1.0,1.0,0.0,0.0,0.0,0.0,0.0
1.627,-15.039030186499849,-15.039030186499849,-15.039030186499849,0.0,0.0,0.0,0.0,0.0,0.0,1.0,1.0,1.0,0.0,1.0,1.0,1.0,0.0,0.0,0.0,0.0,0.0
1.6280000000000001,-15.039030186499849,-15.039030186499849,-15.039030186499849,0.0,0.0,0.0,0.0,0.0,0.0,1.0,1.0,1.0,0.0,1.0,1.0,1.0,0.0,0.0,0.0,0.0,0.0
1.629,-15.039030186499849,-15.039030186499849,-15.039030186499849,0.0,0.0,0.0,0.0,0.0,0.0,1.0,1.0,1.0,0.0,1.0,1.0,1.0,0.0,0.0,0.0,0.0,0.0
1.6300000000000001,-15.039030186499849,-15.039030186499849,-15.039030186499849,0.0,0.0,0.0,0.0,0.0,0.0,1.0,1.0,1.0,0.0,1.0,1.0,1.0,0.0,0.0,0.0,0.0,0.0
1.631,-15.039030186499849,-15.039030186499849,-15.039030186499849,0.0,0.0,0.0,0.0,0.0,0.0,1.0,1.0,1.0,0.0,1.0,1.0,1.0,0.0,0.0,0.0,0.0,0.0
1.6320000000000001,-15.039030186499849,-15.039030186499849,-15.039030186499849,0.0,0.0,0.0,0.0,0.0,0.0,1.0,1.0,1.0,0.0,1.0,1.0,1.0,0.0,0.0,0.0,0.0,0.0
1.633,-15.039030186499849,-15.039030186499849,-15.039030186499849,0.0,0.0,0.0,0.0,0.0,0.0,1.0,1.0,1.0,0.0,1.0,1.0,1.0,0.0,0.0,0.0,0.0,0.0
1.6340000000000001,-15.039030186499849,-15.039030186499849,-15.039030186499849,0.0,0.0,0.0,0.0,0.0,0.0,1.0,1.0,1.0,0.0,1.0,1.0,1.0,0.0,0.0,0.0,0.0,0.0
1.635,-15.039030186499849,-15.039030186499849,-15.039030186499849,0.0,0.0,0.0,0.0,0.0,0.0,1.0,1.0,1.0,0.0,1.0,1.0,1.0,0.0,0.0,0.0,0.0,0.0
1.6360000000000001,-15.039030186499849,-15.039030186499849,-15.039030186499849,0.0,0.0,0.0,0.0,0.0,0.0,1.0,1.0,1.0,0.0,1.0,1.0,1.0,0.0,0.0,0.0,0.0,0.0
1.637,-15.039030186499849,-15.039030186499849,-15.039030186499849,0.0,0.0,0.0,0.0,0.0,0.0,1.0,1.0,1.0,0.0,1.0,1.0,1.0,0.0,0.0,0.0,0.0,0.0
1.6380000000000001,-15.039030186499849,-15.039030186499849,-15.039030186499849,0.0,0.0,0.0,0.0,0.0,0.0,1.0,1.0,1.0,0.0,1.0,1.0,1.0,0.0,0.0,0.0,0.0,0.0
1.639,-15.039030186499849,-15.039030186499849,-15.039030186499849,0.0,0.0,0.0,0.0,0.0,0.0,1.0,1.0,1.0,0.0,1.0,1.0,1.0,0.0,0.0,0.0,0.0,0.0
1.64,-15.039030186499849,-15.039030186499849,-15.039030186499849,0.0,0.0,0.0,0.0,0.0,0.0,1.0,1.0,1.0,0.0,1.0,1.0,1.0,0.0,0.0,0.0,0.0,0.0
